Burly Wood,Basic Shell Blue,Green,Kawaii,Turtleneck Hoodie,Center Parting,Star Shaped Glasses,Odd Shape Cup
Light Grey,Honey Jar Shell,Green,Wink,Prom Dress Black&Red,Center Parting,Lightning Glasses,Thermos Cup
Light Green,Wok Shell,Green,Naughty,Tree Casual Shirt,Center Parting,Battle Force Detector,Blue Mug
Wheat,Basic Shell Green,Green,Calm,Red Patterned Sweater,none,Lightning Glasses,Cyberpunk Cup
Steel Blue,Basic Shell Yellow,Green,Calm,Grey Short Sleeve Shirt,none,Star Shaped Glasses,Cookie Cup
Light Green,Explorer Shell,Green,Relaxed,Film Photo Tee,Center Parting,Hypnotic Glasses,Odd Shape Cup
Wheat,Diamond Shell,Green,Naughty,Burning Logo White Tee,none,Battle Force Detector,Horn Cup
Steel Blue,Basic Shell Grey,Green,Charming,Animal Emoji Sweater,none,Lightning Glasses,Keep Cup
Light Sea,Basic Shell Green,Green,Kawaii,Crema Sweater Landscape,Snape,Lightning Glasses,Transparent Latte Cup
Light Blue,Basic Shell Yellow,Green,Calm,Striped Block Tee,none,Battle Force Detector,Blue Label Takeaway
Steel Blue,Factory Shell,Green,Kawaii,LOL Tee,Snape,Battle Force Detector,Takeaway Cup
Light Sea,Globe Shell,Green,Relaxed,Burning Logo Black Tee,none,Lightning Glasses,Wooden Cup
Light Green,Factory Shell,Green,Calm,Priest Outfit,Center Parting,Watchmaker Loupe,Green Mug
Purple Grey,Cyberpunk Shell,Green,Relaxed,Striped Square Tee,Center Parting,Lightning Glasses,Green Label Takeaway
Lavender,Scale Armor Shell,Green,Relaxed,Chequered Shirt,Center Parting,Hypnotic Glasses,Horn Cup
Light Blue,Basic Shell Pink,Green,Charming,Prom Dress Black&Red,none,Hypnotic Glasses,Iced Coffee Takeaway
Wheat,Fire Shell,Green,Kawaii,Wasteland Clothing,Center Parting,Battle Force Detector,Crema Latte Cup
Light Sea,Triangle Armor Shell,Green,Charming,Pink Shirt with Pockets,none,Lightning Glasses,Snow Top Coffee
Purple Grey,Explorer Shell,Green,Naughty,Green Suit,Center Parting,Star Shaped Glasses,Espresso Cup
Steel Blue,Basic Shell Yellow,Green,Calm,Grey Short Sleeve Shirt,none,Star Shaped Glasses,Blue Label Takeaway
Lavender,Mushroom Shell,Green,Relaxed,Astronaut Tee,none,Lightning Glasses,Horn Cup
Wheat,Factory Shell,Green,Naughty,Ripped Tee,none,Lightning Glasses,Blue Mug
Burly Wood,Watermelon Shell,Green,Naughty,Striped Block Tee,none,Battle Force Detector,Blue Label Takeaway
Light Green,Diamond Shell,Green,Charming,Red Hoodie,none,Watchmaker Loupe,Odd Shape Cup
Steel Blue,Parallel Bars Shell,Green,Calm,Apron,Center Parting,Star Shaped Glasses,Odd Shape Cup
Light Green,Steel Vivet Shell,Green,Naughty,Grey Tee,Center Parting,Battle Force Detector,Striped Latte Cup
Purple Grey,Globe Shell,Green,Relaxed,Priest Outfit,Center Parting,Lightning Glasses,High Glass
Burly Wood,Wok Shell,Green,Kawaii,Chess Board Tee,none,Watchmaker Loupe,High Glass
Lavender,Honey Jar Shell,Green,Wink,Spiderman Costume,none,Lightning Glasses,Horn Cup
Light Blue,Honey Jar Shell,Green,Charming,Grey Tee,Center Parting,Hypnotic Glasses,Thermos Cup
Light Green,Lego Shell,Green,Charming,Prom Dress Black&Red,Center Parting,Hypnotic Glasses,Takeaway Cup
Burly Wood,Lego Shell,Green,Naughty,Jacket,none,Hypnotic Glasses,Blue Mug
Wheat,Steel Vivet Shell,Green,Kawaii,Tee with Bull,Center Parting,Watchmaker Loupe,Espresso Cup
Steel Blue,Parallel Bars Shell,Green,Wink,Skull Brand Tee A,none,Star Shaped Glasses,Blue Label Takeaway
Light Green,Diamond Shell,Green,Naughty,Pigeon Tee,Center Parting,Star Shaped Glasses,Iced Coffee Takeaway
Light Green,Honey Jar Shell,Green,Wink,Stripped Tee,none,Hypnotic Glasses,Odd Shape Cup
Light Green,Fossil Vivet Shell,Green,Relaxed,Khaki Tee with Pocket,none,Star Shaped Glasses,Round Glass
Burly Wood,Steel Vivet Shell,Green,Relaxed,Stripped Tee,Center Parting,Hypnotic Glasses,Odd Shape Cup
Light Sea,Scale Armor Shell,Green,Kawaii,Striped Outer Shirt,Center Parting,Battle Force Detector,Transparent Latte Cup
Steel Blue,Thunder Shell,Green,Calm,Spiderman Costume,Center Parting,Lightning Glasses,Snow Top Coffee
Wheat,Basic Shell Grey,Green,Kawaii,Burning Logo White Tee,Center Parting,Star Shaped Glasses,Cookie Cup
Steel Blue,Scale Armor Shell,Green,Calm,Prom Dress Black&Red,none,Star Shaped Glasses,Espresso Cup
Light Grey,Factory Shell,Green,Obsessed,Tree Casual Shirt,Center Parting,Hypnotic Glasses,Thermos Cup
Steel Blue,Winged Shell,Green,Relaxed,Comet Brand Tee,none,Lightning Glasses,Takeaway Cup
Light Green,Parallel Bars Shell,Green,Wink,Khaki Tee with Pocket,Center Parting,Battle Force Detector,Striped Latte Cup
Wheat,Basic Shell Pink,Green,Obsessed,Ripped Tee,Center Parting,Battle Force Detector,Cookie Cup
Light Sea,Diamond Shell,Green,Kawaii,Ripped Tee,none,Battle Force Detector,High Glass
Lavender,Digital Shell,Green,Charming,Camouflage Tee,none,Lightning Glasses,Green Mug
Light Blue,Iced Shell,Green,Kawaii,Green Casual Vest,Center Parting,Hypnotic Glasses,High Glass
Light Grey,Triangle Armor Shell,Green,Wink,Peace Tee,none,Watchmaker Loupe,Blue Mug
Light Blue,Diamond Shell,Green,Wink,Triangle Yellow Sweater,Center Parting,Battle Force Detector,Espresso Cup
Lavender,Basic Shell Grey,Green,Relaxed,Tee with Bear,none,Lightning Glasses,Iced Coffee Takeaway
Purple Grey,Polygon Armor Shell,Green,Wink,Astronaut Tee,Snape,Star Shaped Glasses,Transparent Latte Cup
Burly Wood,Digital Shell,Green,Relaxed,Football Jersey,none,Watchmaker Loupe,Takeaway Cup
Light Blue,Iced Shell,Green,Wink,Pigeon Tee,Center Parting,Hypnotic Glasses,Cookie Cup
Light Blue,Basic Shell Yellow,Green,Calm,Priest Outfit,Center Parting,Watchmaker Loupe,Crema Latte Cup
Light Sea,Sawtooth Armor Shell,Green,Naughty,Prom Dress Black&Red,none,Hypnotic Glasses,Keep Cup
Light Green,Parallel Bars Shell,Green,Naughty,Jacket,Center Parting,Lightning Glasses,Transparent Latte Cup
Wheat,Lego Shell,Green,Calm,Tee with Smiley,Side Parting,Lightning Glasses,Green Mug
Lavender,Digital Shell,Green,Relaxed,Basketball Jersey,Side Parting,Watchmaker Loupe,Snow Top Coffee
Light Sea,Digital Shell,Green,Relaxed,Crema Sweater B&O,Side Parting,Watchmaker Loupe,Cyberpunk Cup
Lavender,Polygon Armor Shell,Green,Kawaii,Down Jacket,Snape,Battle Force Detector,Cookie Cup
Light Green,Digital Shell,Green,Obsessed,Crema Sweater B&O,none,Hypnotic Glasses,Thermos Cup
Light Sea,Basic Shell Pink,Green,Relaxed,Fur Coat,none,Lightning Glasses,Blue Label Takeaway
Light Blue,Watermelon Shell,Green,Wink,Green Sweater,Center Parting,Watchmaker Loupe,Green Mug
Light Sea,Magma Shell,Green,Naughty,Priest Outfit,none,Star Shaped Glasses,Iced Coffee Takeaway
Light Blue,Factory Shell,Green,Calm,Sailor Suit,Snape,Hypnotic Glasses,Takeaway Cup
Light Grey,Basic Shell Pink,Green,Calm,Rivet Jacket,none,Hypnotic Glasses,Horn Cup
Light Green,Mushroom Shell,Green,Calm,Red Patterned Sweater,none,Lightning Glasses,Blue Label Takeaway
Light Green,Iced Shell,Green,Kawaii,Triangle Yellow Sweater,none,Lightning Glasses,Espresso Cup
Steel Blue,Globe Shell,Green,Calm,Wasteland Clothing,none,Battle Force Detector,Transparent Latte Cup
Purple Grey,Digital Shell,Green,Wink,Triangle Yellow Sweater,none,Hypnotic Glasses,Odd Shape Cup
Purple Grey,Iced Shell,Green,Naughty,Comet Brand Tee,Center Parting,Watchmaker Loupe,Cyberpunk Cup
Purple Grey,Magma Shell,Green,Kawaii,Burning Logo Hoodie,Snape,Lightning Glasses,Horn Cup
Light Blue,Basic Shell Green,Green,Wink,Turtleneck Hoodie,Center Parting,Lightning Glasses,Takeaway Cup
Steel Blue,Wok Shell,Green,Charming,Racing Suit,none,Battle Force Detector,Keep Cup
Light Grey,Basic Shell Grey,Green,Obsessed,Overalls,Snape,Watchmaker Loupe,Round Glass
Lavender,Watermelon Shell,Green,Charming,Crema Sweater Landscape,none,Battle Force Detector,Horn Cup
Light Grey,Basic Shell Yellow,Green,Relaxed,Basketball Jersey,none,Star Shaped Glasses,Odd Shape Cup
Wheat,Basic Shell Pink,Green,Calm,Turtleneck Hoodie,Snape,Watchmaker Loupe,Iced Coffee Takeaway
Light Sea,Polygon Armor Shell,Green,Kawaii,Flame Tee,Snape,Hypnotic Glasses,Blue Label Takeaway
Lavender,Digital Shell,Green,Naughty,Tee with Bear,Center Parting,Watchmaker Loupe,Crema Latte Cup
Wheat,Magma Shell,Green,Wink,Khaki Tee with Pocket,Center Parting,Star Shaped Glasses,Blue Label Takeaway
Lavender,Basic Shell Pink,Green,Obsessed,Burning Logo Black Tee,none,Watchmaker Loupe,Snow Top Coffee
Light Sea,Wok Shell,Green,Calm,Burning Logo Hoodie,Center Parting,Watchmaker Loupe,Thermos Cup
Lavender,Cyberpunk Shell,Green,Kawaii,Grey Palette Sweater,Center Parting,Lightning Glasses,Espresso Cup
Burly Wood,Honey Jar Shell,Green,Kawaii,Crema Sweater B&O,none,Star Shaped Glasses,Transparent Latte Cup
Light Blue,Wok Shell,Green,Charming,Priest Outfit,Center Parting,Lightning Glasses,Blue Mug
Light Sea,Digital Shell,Green,Wink,Red Patterned Sweater,Center Parting,Star Shaped Glasses,Horn Cup
Burly Wood,Scale Armor Shell,Green,Kawaii,Striped Outer Shirt,Center Parting,Star Shaped Glasses,Transparent Latte Cup
Lavender,Digital Shell,Green,Obsessed,Grey Short Sleeve Shirt,Center Parting,Lightning Glasses,Takeaway Cup
Light Grey,Cyberpunk Shell,Green,Wink,Basketball Jersey,Center Parting,Lightning Glasses,Horn Cup
Light Blue,Fire Shell,Green,Wink,Cactus Tee,Center Parting,Battle Force Detector,Keep Cup
Steel Blue,Iced Shell,Green,Charming,Red Patterned Sweater,Snape,Hypnotic Glasses,Iced Coffee Takeaway
Lavender,Basic Shell Green,Green,Calm,Sailor Suit,Center Parting,Lightning Glasses,Green Label Takeaway
Purple Grey,Explorer Shell,Green,Relaxed,Stripped Tee,none,Battle Force Detector,Takeaway Cup
Lavender,Fire Shell,Green,Naughty,Flower Casual Shirt,Center Parting,Star Shaped Glasses,Takeaway Cup
Light Grey,Diamond Shell,Green,Charming,Burning Logo Hoodie,none,Lightning Glasses,Wooden Cup
Steel Blue,Parallel Bars Shell,Green,Kawaii,Down Jacket,none,Hypnotic Glasses,Takeaway Cup
Steel Blue,Basic Shell Pink,Green,Kawaii,Burning Logo White Tee,Snape,Star Shaped Glasses,Takeaway Cup
