Purple Grey,Factory Shell,Green,Relaxed,Stripped Tee,Smart Watch,Gold Round Frame Glasses,Tinfoil Perm,Odd Shape Cup
Wheat,Magma Shell,Green,Relaxed,Animal Emoji Sweater,Silver Smiley Necklace,Ski Goggles,Three Hairs,Green Mug
Light Blue,Parallel Bars Shell,Green,Relaxed,Animal Emoji Sweater,Mini Wings Necklace,Brown Sunglasses,none,Purple Mug
Wheat,Globe Shell,Green,Calm,Grey Tee,Staff Badge,High Tech Glasses,Punk,Blue Mug
Light Grey,Scale Armor Shell,Green,Calm,Grey Tee,Lightning Necklace,Hypnotic Glasses,none,Purple Mug
Purple Grey,Winged Shell,Green,Calm,Mist Square Tee,Gold Watch,none,Tinfoil Perm,Odd Shape Cup
Steel Blue,Factory Shell,Green,Charming,Comet Brand Tee,Silver Smiley Necklace,Long Beard,none,High Glass
Steel Blue,Explorer Shell,Green,Charming,Peace Tee,Bracelet,Watchmaker Loupe,none,High Glass
Light Sea,Polygon Armor Shell,Green,Calm,Animal Emoji Sweater,Closed Wings Necklace,Respirator Beta,Three Hairs,Cookie Cup
Purple Grey,Mushroom Shell,Green,Calm,Film Photo Tee,Silver Smiley Necklace,Masking Cloth,Dreadlocks,Cyberpunk Cup
Wheat,Fossil Vivet Shell,Green,Relaxed,Astronaut Tee,Lightning Necklace,Respirator Beta,Dreadlocks,Round Glass
Purple Grey,Sawtooth Armor Shell,Green,Wink,Film Photo Tee,Staff Badge,Black Sunglasses,Punk,Purple Mug
Lavender,Diamond Shell,Green,Calm,Film Photo Tee,Closed Wings Necklace,Long Beard,Three Hairs,Transparent Latte Cup
Purple Grey,Triangle Armor Shell,Green,Relaxed,Comet Brand Tee,Staff Badge,Long Beard,Hopter,High Glass
Steel Blue,Scale Armor Shell,Green,Relaxed,Khaki Tee with Pocket,Silver Smiley Necklace,Battle Force Detector,Punk,Cookie Cup
Light Green,Watermelon Shell,Green,Wink,Khaki Tee with Pocket,Silver Smiley Necklace,Gold Round Frame Glasses,none,Transparent Latte Cup
Purple Grey,Basic Shell Yellow,Green,Relaxed,Crema Sweater Landscape,Silver Smiley Necklace,Flying Goggles,none,Transparent Latte Cup
Wheat,Lego Shell,Green,Relaxed,Chess Board Tee,Lightning Necklace,High Tech Glasses,none,Round Glass
Lavender,Magma Shell,Green,Relaxed,Skull Brand Tee A,Cross Necklace,Gold Round Frame Glasses,Hopter,Round Glass
Purple Grey,Honey Jar Shell,Green,Charming,Peace Tee,Staff Badge,Long Beard,none,Snow Top Coffee
Lavender,Watermelon Shell,Green,Relaxed,Khaki Tee with Pocket,Gold Watch,Smiley Mask,none,Purple Mug
Light Green,Basic Shell Blue,Green,Relaxed,Burning Logo White Tee,Silver Smiley Necklace,Star Shaped Glasses,none,Thermos Cup
Light Grey,Basic Shell Pink,Green,Wink,Stripped Tee,Silver Smiley Necklace,Gauze,none,Striped Latte Cup
Steel Blue,Diamond Shell,Green,Calm,LOL Tee,Lightning Necklace,Tobacco Pipe,Three Hairs,Odd Shape Cup
Wheat,Basic Shell Pink,Green,Calm,Ripped Tee,Smart Watch,Heart Shaped Glasses,Punk,Blue Mug
Light Green,Steel Vivet Shell,Green,Relaxed,Stripped Tee,Closed Wings Necklace,Respirator Beta,Hopter,Wooden Cup
Purple Grey,Watermelon Shell,Green,Calm,Striped Square Tee,Bracelet,Watchmaker Loupe,Three Hairs,Crema Latte Cup
Burly Wood,Thunder Shell,Green,Charming,Mist Square Tee,Silver Smiley Necklace,Medical Mask,Dreadlocks,Striped Latte Cup
Light Grey,Watermelon Shell,Green,Calm,Comet Brand Tee,Smart Watch,High Tech Glasses,Punk,Odd Shape Cup
Burly Wood,Globe Shell,Green,Calm,Flame Tee,Cross Necklace,none,none,Espresso Cup
Lavender,Watermelon Shell,Green,Relaxed,Basketball Jersey,Smart Watch,Medical Mask,Three Hairs,Round Glass
Steel Blue,Watermelon Shell,Green,Relaxed,Skull Brand Tee A,Smart Watch,Brown Sunglasses,Punk,High Glass
Steel Blue,Honey Jar Shell,Green,Calm,Comet Brand Tee,Lightning Necklace,Tobacco Pipe,none,High Glass
Steel Blue,Parallel Bars Shell,Green,Charming,Crema Sweater B&O,Bracelet,Metal Binoculars,none,Odd Shape Cup
Steel Blue,Parallel Bars Shell,Green,Calm,Astronaut Tee,Closed Wings Necklace,Masquerade Mask,Three Hairs,Keep Cup
Burly Wood,Basic Shell Yellow,Green,Wink,Pigeon Tee,Bracelet,Tobacco Pipe,Three Hairs,Purple Mug
Lavender,Cyberpunk Shell,Green,Calm,LOL Tee,Cross Necklace,Black Sunglasses,Dreadlocks,Green Mug
Light Grey,Globe Shell,Green,Charming,Grey Palette Sweater,Devil Wing Necklace,Heart Shaped Glasses,Three Hairs,High Glass
Purple Grey,Sawtooth Armor Shell,Green,Wink,B&W Contrast Sweater,Closed Wings Necklace,Masquerade Mask,Three Hairs,Horn Cup
Light Green,Sawtooth Armor Shell,Green,Relaxed,Chess Board Tee,Gold Watch,Respirator Beta,Three Hairs,Takeaway Cup
Light Sea,Diamond Shell,Green,Charming,Striped Square Tee,Gold Watch,Smiley Mask,none,Iced Coffee Takeaway
Wheat,Winged Shell,Green,Calm,Red Patterned Sweater,Staff Badge,N95 Mask,none,Takeaway Cup
Lavender,Basic Shell Green,Green,Wink,Astronaut Tee,Closed Wings Necklace,Gold Round Frame Glasses,Three Hairs,Espresso Cup
Light Grey,Sawtooth Armor Shell,Green,Wink,Pigeon Tee,Silver Smiley Necklace,none,none,Thermos Cup
Light Blue,Mushroom Shell,Green,Relaxed,Camouflage Tee,Double Wings Necklace,Band Aid,Three Hairs,Crema Latte Cup
Wheat,Triangle Armor Shell,Green,Calm,Burning Logo White Tee,Gold Watch,Watchmaker Loupe,Three Hairs,High Glass
Light Blue,Basic Shell Green,Green,Charming,Animal Emoji Sweater,Silver Smiley Necklace,Hypnotic Glasses,none,Keep Cup
Light Green,Polygon Armor Shell,Green,Relaxed,Astronaut Tee,none,Smiley Mask,Three Hairs,Green Label Takeaway
Purple Grey,Magma Shell,Green,Wink,Striped Square Tee,Double Wings Necklace,Brown Sunglasses,Hopter,Horn Cup
Burly Wood,Fire Shell,Green,Calm,Comet Brand Tee,Staff Badge,Tobacco Pipe,Punk,Green Mug
Burly Wood,Basic Shell Pink,Green,Relaxed,Crema Sweater Landscape,Mini Wings Necklace,Ski Goggles,none,Blue Label Takeaway
Light Grey,Iced Shell,Green,Relaxed,Comet Brand Tee,Mini Wings Necklace,Watchmaker Loupe,Three Hairs,Cyberpunk Cup
Light Sea,Mushroom Shell,Green,Relaxed,Comet Brand Tee,Ring Necklace,Lipstick Print,none,High Glass
Light Grey,Watermelon Shell,Green,Relaxed,Burning Logo Black Tee,Closed Wings Necklace,Masquerade Mask,Three Hairs,High Glass
Lavender,Sawtooth Armor Shell,Green,Charming,Crema Sweater B&O,Devil Wing Necklace,Gauze,Punk,Wooden Cup
Steel Blue,Sawtooth Armor Shell,Green,Calm,Camouflage Tee,Silver Smiley Necklace,none,none,Keep Cup
Wheat,Iced Shell,Green,Wink,Skull Brand Tee B,Devil Wing Necklace,Tobacco Pipe,Three Hairs,Green Label Takeaway
Light Green,Cyberpunk Shell,Green,Charming,Burning Logo Black Tee,Closed Wings Necklace,High Tech Glasses,Punk,Blue Label Takeaway
Wheat,Explorer Shell,Green,Relaxed,Grey Tee,Bracelet,none,Three Hairs,Round Glass
Light Green,Scale Armor Shell,Green,Calm,Skull Brand Tee A,Devil Wing Necklace,N95 Mask,Punk,High Glass
Steel Blue,Basic Shell Grey,Green,Charming,Burning Logo White Tee,Gold Watch,Smiley Mask,none,Cyberpunk Cup
Purple Grey,Steel Vivet Shell,Green,Charming,Crema Sweater Landscape,Single Wing Necklace,Gold Round Frame Glasses,none,Iced Coffee Takeaway
Light Green,Factory Shell,Green,Relaxed,Khaki Tee with Pocket,Silver Smiley Necklace,N95 Mask,Punk,Blue Mug
Wheat,Digital Shell,Green,Charming,Crema Sweater Landscape,Cross Necklace,none,none,Round Glass
Purple Grey,Sawtooth Armor Shell,Green,Wink,Camouflage Tee,none,Bubble Gum,Hopter,Cyberpunk Cup
Lavender,Explorer Shell,Green,Relaxed,Mist Square Tee,Double Wings Necklace,Metal Binoculars,Punk,Round Glass
Steel Blue,Magma Shell,Green,Wink,Basketball Jersey,Gold Watch,N95 Mask,Three Hairs,Odd Shape Cup
Light Grey,Basic Shell Yellow,Green,Relaxed,Pigeon Tee,Cross Necklace,Ski Goggles,Punk,Green Mug
Purple Grey,Basic Shell Yellow,Green,Calm,Pigeon Tee,Lightning Necklace,Respirator Gamma,Three Hairs,Odd Shape Cup
Lavender,Sawtooth Armor Shell,Green,Charming,Cactus Tee,Closed Wings Necklace,Unravel Mask,none,Odd Shape Cup
Burly Wood,Basic Shell Grey,Green,Relaxed,Burning Logo Black Tee,Closed Wings Necklace,none,Hopter,Crema Latte Cup
Lavender,Globe Shell,Green,Calm,Red Patterned Sweater,Gold Watch,Respirator Gamma,Punk,Iced Coffee Takeaway
Purple Grey,Lego Shell,Green,Charming,Grey Tee,Devil Wing Necklace,Brown Sunglasses,none,Cyberpunk Cup
Light Grey,Mushroom Shell,Green,Calm,Mist Square Tee,Gold Watch,none,Punk,Purple Mug
Light Green,Thunder Shell,Green,Relaxed,Peace Tee,Gold Watch,Battle Force Detector,Punk,Green Mug
Steel Blue,Parallel Bars Shell,Green,Relaxed,Chess Board Tee,Gold Watch,Smiley Mask,Punk,Green Label Takeaway
Light Sea,Basic Shell Pink,Green,Calm,Basketball Jersey,Lightning Necklace,Lipstick Print,Hopter,Wooden Cup
Light Green,Watermelon Shell,Green,Charming,Pigeon Tee,Devil Wing Necklace,Respirator Beta,Punk,Wooden Cup
Light Sea,Lego Shell,Green,Relaxed,Crema Sweater B&O,Devil Wing Necklace,Lightning Glasses,none,Thermos Cup
Burly Wood,Steel Vivet Shell,Green,Charming,Animal Emoji Sweater,Lightning Necklace,Black Sunglasses,none,Iced Coffee Takeaway
Steel Blue,Basic Shell Green,Green,Charming,Cactus Tee,Closed Wings Necklace,Medical Mask,Three Hairs,Wooden Cup
Light Green,Triangle Armor Shell,Green,Wink,LOL Tee,Devil Wing Necklace,Battle Force Detector,Hopter,Purple Mug
Light Green,Mushroom Shell,Green,Calm,Green Sweater,Closed Wings Necklace,Hypnotic Glasses,none,Transparent Latte Cup
Light Green,Iced Shell,Green,Wink,Burning Logo White Tee,Bracelet,Lipstick Print,Dreadlocks,Keep Cup
Burly Wood,Digital Shell,Green,Wink,Comet Brand Tee,Devil Wing Necklace,Black Sunglasses,Three Hairs,Espresso Cup
Steel Blue,Polygon Armor Shell,Green,Calm,Crema Sweater Landscape,Silver Smiley Necklace,Ski Goggles,Punk,Round Glass
Light Grey,Steel Vivet Shell,Green,Charming,Pigeon Tee,Lightning Necklace,Unravel Mask,Three Hairs,Transparent Latte Cup
Lavender,Basic Shell Blue,Green,Calm,Camouflage Tee,Smart Watch,Respirator Gamma,Three Hairs,Odd Shape Cup
Light Blue,Sawtooth Armor Shell,Green,Calm,Animal Emoji Sweater,Double Wings Necklace,Unravel Mask,none,Wooden Cup
Wheat,Cyberpunk Shell,Green,Calm,Apron,Staff Badge,Watchmaker Loupe,Three Hairs,Transparent Latte Cup
Burly Wood,Basic Shell Grey,Green,Relaxed,Cactus Tee,Staff Badge,N95 Mask,Hopter,Round Glass
Wheat,Basic Shell Blue,Green,Calm,Cactus Tee,Staff Badge,Gold Round Frame Glasses,Hopter,High Glass
Light Blue,Parallel Bars Shell,Green,Charming,Film Photo Tee,Smart Watch,Brown Sunglasses,Dreadlocks,Keep Cup
Lavender,Basic Shell Pink,Green,Charming,Khaki Tee with Pocket,Closed Wings Necklace,Hypnotic Glasses,Three Hairs,Striped Latte Cup
Light Sea,Iced Shell,Green,Charming,Ripped Tee,Closed Wings Necklace,Medical Mask,Dreadlocks,Striped Latte Cup
Light Grey,Honey Jar Shell,Green,Charming,Astronaut Tee,Staff Badge,Ski Goggles,Punk,Crema Latte Cup
Purple Grey,Winged Shell,Green,Charming,Crema Sweater Landscape,Closed Wings Necklace,Masquerade Mask,Hopter,Purple Mug
Light Grey,Mushroom Shell,Green,Calm,Chess Board Tee,Closed Wings Necklace,N95 Mask,Three Hairs,Striped Latte Cup
Light Blue,Thunder Shell,Green,Wink,Mist Square Tee,none,N95 Mask,Hopter,High Glass
Burly Wood,Sawtooth Armor Shell,Green,Wink,Burning Logo Black Tee,Staff Badge,N95 Mask,Three Hairs,Horn Cup
Light Green,Basic Shell Green,Green,Calm,Zodiac Tee,none,High Tech Glasses,none,Iced Coffee Takeaway
Light Blue,Digital Shell,Green,Relaxed,Burning Logo White Tee,Devil Wing Necklace,High Tech Glasses,none,Espresso Cup
Light Green,Basic Shell Blue,Green,Charming,Peace Tee,Cross Necklace,Watchmaker Loupe,Punk,Wooden Cup
Wheat,Basic Shell Grey,Green,Wink,Skull Brand Tee A,Double Wings Necklace,Gold Round Frame Glasses,Three Hairs,High Glass
Lavender,Fossil Vivet Shell,Green,Relaxed,Apron,Ring Necklace,Smiley Mask,Dreadlocks,Round Glass
Wheat,Parallel Bars Shell,Green,Wink,Crema Sweater B&O,Silver Smiley Necklace,Respirator Beta,Tinfoil Perm,Thermos Cup
Light Green,Globe Shell,Green,Charming,Tee with Bull,Cross Necklace,Unravel Mask,Punk,Snow Top Coffee
Light Grey,Winged Shell,Green,Relaxed,Crema Sweater B&O,Smart Watch,Masking Cloth,Three Hairs,Green Mug
Light Grey,Scale Armor Shell,Green,Charming,Basketball Jersey,none,Black Sunglasses,none,Green Mug
Purple Grey,Scale Armor Shell,Green,Calm,Stripped Tee,Closed Wings Necklace,Hypnotic Glasses,none,High Glass
Steel Blue,Parallel Bars Shell,Green,Relaxed,Mist Square Tee,Ring Necklace,Gauze,Punk,Cyberpunk Cup
Steel Blue,Cyberpunk Shell,Green,Calm,Peace Tee,Bracelet,Battle Force Detector,Punk,Takeaway Cup
Wheat,Explorer Shell,Green,Wink,Green Sweater,Cross Necklace,Flying Goggles,Tinfoil Perm,Iced Coffee Takeaway
Light Green,Magma Shell,Green,Wink,Burning Logo Black Tee,none,Masking Cloth,Three Hairs,Purple Mug
Steel Blue,Lego Shell,Green,Relaxed,Apron,none,Tobacco Pipe,none,Blue Label Takeaway
Light Blue,Parallel Bars Shell,Green,Charming,Animal Emoji Sweater,Bracelet,Masking Cloth,Punk,Green Label Takeaway
Light Blue,Globe Shell,Green,Calm,Tee with Bull,Closed Wings Necklace,Tobacco Pipe,none,Blue Mug
Light Sea,Triangle Armor Shell,Green,Wink,Mist Square Tee,none,Long Beard,Hopter,Round Glass
Light Blue,Scale Armor Shell,Green,Charming,Basketball Jersey,Devil Wing Necklace,Respirator Gamma,Three Hairs,Blue Label Takeaway
Light Blue,Basic Shell Yellow,Green,Wink,Comet Brand Tee,Staff Badge,Ski Goggles,Hopter,Transparent Latte Cup
Burly Wood,Basic Shell Blue,Green,Relaxed,Chess Board Tee,Bracelet,Black Sunglasses,Three Hairs,Iced Coffee Takeaway
Purple Grey,Digital Shell,Green,Wink,Astronaut Tee,Gold Watch,Lightning Glasses,Three Hairs,Transparent Latte Cup
Light Sea,Factory Shell,Green,Calm,Grey Palette Sweater,Silver Smiley Necklace,Hypnotic Glasses,Three Hairs,Keep Cup
Light Blue,Explorer Shell,Green,Wink,Striped Square Tee,Bracelet,Gold Round Frame Glasses,none,Green Mug
Purple Grey,Globe Shell,Green,Calm,Skull Brand Tee B,Bracelet,Unravel Mask,Punk,Odd Shape Cup
Wheat,Winged Shell,Green,Calm,Tee with Bear,Cross Necklace,none,Punk,Cyberpunk Cup
Light Green,Watermelon Shell,Green,Relaxed,Zodiac Tee,Staff Badge,Long Beard,none,Round Glass
Light Grey,Basic Shell Blue,Green,Calm,Camouflage Tee,Gold Watch,Heart Shaped Glasses,Three Hairs,Blue Label Takeaway
Light Grey,Basic Shell Yellow,Green,Charming,Skull Brand Tee B,Gold Watch,Watchmaker Loupe,Three Hairs,Espresso Cup
Light Sea,Mushroom Shell,Green,Charming,Comet Brand Tee,Double Wings Necklace,Respirator Beta,none,Striped Latte Cup
Steel Blue,Steel Vivet Shell,Green,Relaxed,Basketball Jersey,Gold Watch,Gold Round Frame Glasses,Three Hairs,Green Label Takeaway
Light Green,Mushroom Shell,Green,Wink,Zodiac Tee,Cross Necklace,Smiley Mask,Tinfoil Perm,Snow Top Coffee
Light Green,Basic Shell Pink,Green,Charming,Cactus Tee,Staff Badge,N95 Mask,Three Hairs,Thermos Cup
Light Green,Polygon Armor Shell,Green,Calm,LOL Tee,Double Wings Necklace,Medical Mask,none,Crema Latte Cup
Light Sea,Basic Shell Blue,Green,Calm,Red Patterned Sweater,Bracelet,none,Three Hairs,Odd Shape Cup
Purple Grey,Parallel Bars Shell,Green,Charming,Red Patterned Sweater,Closed Wings Necklace,Masquerade Mask,Dreadlocks,Round Glass
Lavender,Fire Shell,Green,Calm,Cactus Tee,Devil Wing Necklace,Gold Round Frame Glasses,Tinfoil Perm,High Glass
Light Grey,Magma Shell,Green,Charming,B&W Contrast Sweater,Bracelet,Black Sunglasses,none,Transparent Latte Cup
Steel Blue,Scale Armor Shell,Green,Wink,Camouflage Tee,Lightning Necklace,Unravel Mask,Punk,Cookie Cup
Light Grey,Lego Shell,Green,Charming,Cactus Tee,Lightning Necklace,none,Punk,High Glass
Light Blue,Mushroom Shell,Green,Relaxed,Mist Square Tee,Devil Wing Necklace,Smiley Mask,Three Hairs,Takeaway Cup
Lavender,Factory Shell,Green,Calm,Zodiac Tee,Silver Smiley Necklace,Lightning Glasses,Hopter,Snow Top Coffee
Steel Blue,Watermelon Shell,Green,Wink,Flame Tee,Closed Wings Necklace,Masquerade Mask,Punk,Keep Cup
Purple Grey,Fire Shell,Green,Wink,Triangle Yellow Sweater,Closed Wings Necklace,High Tech Glasses,Punk,Striped Latte Cup
Steel Blue,Polygon Armor Shell,Green,Relaxed,Burning Logo Black Tee,Gold Watch,Medical Mask,none,Green Mug
Steel Blue,Scale Armor Shell,Green,Charming,Skull Brand Tee A,Silver Smiley Necklace,Brown Sunglasses,Hopter,Snow Top Coffee
Light Green,Fire Shell,Green,Charming,Tee with Bull,Single Wing Necklace,Gauze,Three Hairs,Odd Shape Cup
Purple Grey,Basic Shell Green,Green,Relaxed,Flame Tee,Silver Smiley Necklace,Lightning Glasses,Hopter,Cyberpunk Cup
Light Grey,Fire Shell,Green,Calm,Burning Logo Black Tee,Smart Watch,Smiley Mask,none,Blue Label Takeaway
Lavender,Explorer Shell,Green,Calm,Tee with Bear,Gold Watch,Masking Cloth,Three Hairs,Transparent Latte Cup
Purple Grey,Winged Shell,Green,Charming,Red Patterned Sweater,Bracelet,Tobacco Pipe,Three Hairs,High Glass
Lavender,Basic Shell Yellow,Green,Relaxed,Chess Board Tee,Gold Watch,Flying Goggles,none,Wooden Cup
Wheat,Globe Shell,Green,Charming,Burning Logo Black Tee,Silver Smiley Necklace,none,Punk,Round Glass
Wheat,Cyberpunk Shell,Green,Charming,Ripped Tee,none,Brown Sunglasses,none,Odd Shape Cup
Light Green,Diamond Shell,Green,Charming,Red Patterned Sweater,Staff Badge,Gauze,Three Hairs,Snow Top Coffee
Lavender,Iced Shell,Green,Wink,Flame Tee,Bracelet,Gauze,none,Crema Latte Cup
Light Blue,Basic Shell Pink,Green,Relaxed,Ripped Tee,Gold Watch,Respirator Gamma,Dreadlocks,Blue Label Takeaway
Burly Wood,Triangle Armor Shell,Green,Charming,Pigeon Tee,Devil Wing Necklace,Lightning Glasses,none,Thermos Cup
Burly Wood,Basic Shell Blue,Green,Charming,Skull Brand Tee B,Closed Wings Necklace,none,Punk,Keep Cup
Burly Wood,Fossil Vivet Shell,Green,Wink,Grey Palette Sweater,Smart Watch,Masking Cloth,Dreadlocks,Cookie Cup
Light Blue,Diamond Shell,Green,Charming,Astronaut Tee,Gold Watch,Masking Cloth,Tinfoil Perm,Striped Latte Cup
Lavender,Magma Shell,Green,Calm,Astronaut Tee,Gold Watch,Respirator Beta,Three Hairs,Espresso Cup
Light Sea,Cyberpunk Shell,Green,Charming,Striped Square Tee,Devil Wing Necklace,N95 Mask,Three Hairs,Takeaway Cup
Wheat,Scale Armor Shell,Green,Charming,Animal Emoji Sweater,Gold Watch,Flying Goggles,none,Striped Latte Cup
Light Grey,Lego Shell,Green,Charming,Tee with Bear,Staff Badge,Black Sunglasses,Three Hairs,Iced Coffee Takeaway
Light Green,Steel Vivet Shell,Green,Wink,Tee with Bear,Staff Badge,Tobacco Pipe,Punk,Striped Latte Cup
Light Sea,Sawtooth Armor Shell,Green,Wink,Khaki Tee with Pocket,Double Wings Necklace,Band Aid,none,Snow Top Coffee
Light Blue,Digital Shell,Green,Calm,Tee with Bull,Bracelet,Long Beard,Hopter,Takeaway Cup
Light Sea,Honey Jar Shell,Green,Calm,Crema Sweater B&O,Devil Wing Necklace,N95 Mask,Punk,Striped Latte Cup
Light Green,Cyberpunk Shell,Green,Wink,Ripped Tee,Silver Smiley Necklace,Masking Cloth,none,Iced Coffee Takeaway
Light Sea,Basic Shell Grey,Green,Wink,Flame Tee,Cross Necklace,none,Punk,Cyberpunk Cup
Lavender,Basic Shell Yellow,Green,Wink,Mist Square Tee,none,Watchmaker Loupe,Punk,Snow Top Coffee
Lavender,Digital Shell,Green,Relaxed,Animal Emoji Sweater,Silver Smiley Necklace,Hypnotic Glasses,Tinfoil Perm,Iced Coffee Takeaway
Light Grey,Sawtooth Armor Shell,Green,Charming,Burning Logo Black Tee,Bracelet,Metal Binoculars,none,Round Glass
Burly Wood,Iced Shell,Green,Relaxed,Grey Palette Sweater,none,Unravel Mask,Punk,Espresso Cup
Lavender,Mushroom Shell,Green,Wink,Tee with Bull,Mini Wings Necklace,Masquerade Mask,none,Espresso Cup
Steel Blue,Diamond Shell,Green,Relaxed,Crema Sweater B&O,none,N95 Mask,Three Hairs,Crema Latte Cup
Light Sea,Polygon Armor Shell,Green,Charming,Skull Brand Tee B,Cross Necklace,Heart Shaped Glasses,Hopter,Cyberpunk Cup
Lavender,Digital Shell,Green,Charming,LOL Tee,Staff Badge,none,none,Crema Latte Cup
Steel Blue,Explorer Shell,Green,Charming,Peace Tee,Camera,Long Beard,none,Horn Cup
Light Sea,Magma Shell,Green,Charming,Peace Tee,Double Wings Necklace,Medical Mask,Punk,Round Glass
Light Green,Honey Jar Shell,Green,Calm,B&W Contrast Sweater,Silver Smiley Necklace,Gauze,Three Hairs,Thermos Cup
Burly Wood,Factory Shell,Green,Calm,Tee with Bull,Silver Smiley Necklace,Gauze,none,Crema Latte Cup
Light Green,Honey Jar Shell,Green,Wink,Stripped Tee,Double Wings Necklace,Heart Shaped Glasses,none,High Glass
Light Grey,Basic Shell Grey,Green,Calm,Animal Emoji Sweater,Ring Necklace,Gold Round Frame Glasses,Three Hairs,Odd Shape Cup
Wheat,Iced Shell,Green,Calm,B&W Contrast Sweater,Staff Badge,Watchmaker Loupe,Three Hairs,Wooden Cup
Wheat,Sawtooth Armor Shell,Green,Calm,Crema Sweater Landscape,Double Wings Necklace,Metal Binoculars,Dreadlocks,Cookie Cup
Wheat,Factory Shell,Green,Relaxed,Zodiac Tee,Lightning Necklace,Tobacco Pipe,Hopter,High Glass
Wheat,Honey Jar Shell,Green,Wink,Burning Logo White Tee,Devil Wing Necklace,Star Shaped Glasses,none,Wooden Cup
Lavender,Scale Armor Shell,Green,Calm,Crema Sweater B&O,Bracelet,Masquerade Mask,none,Keep Cup
Lavender,Basic Shell Grey,Green,Relaxed,Zodiac Tee,Silver Smiley Necklace,Flying Goggles,Hopter,Transparent Latte Cup
Burly Wood,Scale Armor Shell,Green,Calm,Comet Brand Tee,Gold Watch,Hypnotic Glasses,Punk,Cookie Cup
Light Blue,Steel Vivet Shell,Green,Calm,Camouflage Tee,Devil Wing Necklace,Metal Binoculars,Three Hairs,Iced Coffee Takeaway
Light Green,Polygon Armor Shell,Green,Calm,Apron,Closed Wings Necklace,Heart Shaped Glasses,Tinfoil Perm,Thermos Cup
Steel Blue,Honey Jar Shell,Green,Wink,Skull Brand Tee B,Closed Wings Necklace,Masquerade Mask,Hopter,Striped Latte Cup
Steel Blue,Diamond Shell,Green,Calm,B&W Contrast Sweater,Gold Watch,Ski Goggles,Hopter,Cookie Cup
Light Grey,Fire Shell,Green,Relaxed,Khaki Tee with Pocket,Closed Wings Necklace,none,Punk,Crema Latte Cup
Light Sea,Thunder Shell,Green,Charming,Striped Square Tee,Lightning Necklace,Flying Goggles,Three Hairs,Takeaway Cup
Light Sea,Mushroom Shell,Green,Charming,Tee with Smiley,Cross Necklace,Unravel Mask,Punk,Takeaway Cup
Burly Wood,Factory Shell,Green,Charming,Cactus Tee,Cross Necklace,Masking Cloth,Three Hairs,Iced Coffee Takeaway
Steel Blue,Scale Armor Shell,Green,Wink,Khaki Tee with Pocket,Mini Wings Necklace,Unravel Mask,Hopter,Snow Top Coffee
Lavender,Mushroom Shell,Green,Relaxed,Tee with Bull,Gold Watch,Heart Shaped Glasses,none,Keep Cup
Steel Blue,Thunder Shell,Green,Wink,Crema Sweater B&O,Silver Smiley Necklace,Respirator Gamma,none,Wooden Cup
Light Sea,Globe Shell,Green,Relaxed,Burning Logo White Tee,Gold Watch,none,Tinfoil Perm,Green Label Takeaway
Burly Wood,Steel Vivet Shell,Green,Wink,B&W Contrast Sweater,Silver Smiley Necklace,Ski Goggles,Three Hairs,Transparent Latte Cup
Light Blue,Basic Shell Pink,Green,Charming,Burning Logo White Tee,Staff Badge,Unravel Mask,none,Purple Mug
Light Blue,Basic Shell Grey,Green,Charming,Grey Palette Sweater,Staff Badge,Lipstick Print,Punk,Purple Mug
Purple Grey,Fire Shell,Green,Wink,Skull Brand Tee A,Lightning Necklace,Heart Shaped Glasses,Tinfoil Perm,Iced Coffee Takeaway
Light Grey,Basic Shell Green,Green,Charming,Apron,Gold Watch,Heart Shaped Glasses,Three Hairs,Green Mug
Light Sea,Mushroom Shell,Green,Relaxed,LOL Tee,Closed Wings Necklace,Respirator Beta,none,Cookie Cup
Light Blue,Steel Vivet Shell,Green,Relaxed,Peace Tee,Lightning Necklace,Star Shaped Glasses,none,Wooden Cup
Wheat,Basic Shell Pink,Green,Calm,Film Photo Tee,Double Wings Necklace,Watchmaker Loupe,Three Hairs,Round Glass
Purple Grey,Iced Shell,Green,Charming,Burning Logo Black Tee,Cross Necklace,Lightning Glasses,Dreadlocks,Purple Mug
Light Sea,Mushroom Shell,Green,Calm,Flame Tee,Staff Badge,Black Sunglasses,none,Transparent Latte Cup
Light Grey,Thunder Shell,Green,Wink,Green Sweater,Cross Necklace,Unravel Mask,none,Keep Cup
Burly Wood,Globe Shell,Green,Calm,Skull Brand Tee A,Gold Watch,Star Shaped Glasses,Three Hairs,Espresso Cup
Steel Blue,Basic Shell Blue,Green,Relaxed,Khaki Tee with Pocket,Closed Wings Necklace,Medical Mask,none,Cookie Cup
Purple Grey,Polygon Armor Shell,Green,Calm,Green Sweater,Staff Badge,Respirator Beta,Punk,Green Label Takeaway
Wheat,Factory Shell,Green,Relaxed,Burning Logo Black Tee,Staff Badge,Ski Goggles,Three Hairs,Purple Mug
Light Sea,Explorer Shell,Green,Relaxed,Grey Palette Sweater,Closed Wings Necklace,Heart Shaped Glasses,Punk,Blue Label Takeaway
Light Green,Magma Shell,Green,Calm,Chess Board Tee,Closed Wings Necklace,Gauze,none,Odd Shape Cup
Light Green,Magma Shell,Green,Charming,Peace Tee,Closed Wings Necklace,Star Shaped Glasses,Three Hairs,Cookie Cup
Light Sea,Winged Shell,Green,Relaxed,Mist Square Tee,Ring Necklace,Respirator Gamma,none,Green Mug
Purple Grey,Magma Shell,Green,Relaxed,Cactus Tee,Closed Wings Necklace,Heart Shaped Glasses,Tinfoil Perm,Takeaway Cup
Light Sea,Basic Shell Green,Green,Charming,Burning Logo White Tee,Closed Wings Necklace,Black Sunglasses,Three Hairs,Green Mug
Steel Blue,Magma Shell,Green,Charming,Camouflage Tee,Closed Wings Necklace,Respirator Beta,Three Hairs,Cookie Cup
Light Grey,Steel Vivet Shell,Green,Charming,Apron,Closed Wings Necklace,Heart Shaped Glasses,none,Snow Top Coffee
Purple Grey,Basic Shell Grey,Green,Relaxed,Mist Square Tee,Gold Watch,Battle Force Detector,Hopter,Blue Label Takeaway
Steel Blue,Fossil Vivet Shell,Green,Charming,Film Photo Tee,Smart Watch,Smiley Mask,Hopter,Striped Latte Cup
Light Blue,Mushroom Shell,Green,Wink,Triangle Yellow Sweater,Cross Necklace,Respirator Beta,Hopter,Round Glass
Light Sea,Digital Shell,Green,Calm,Comet Brand Tee,Lightning Necklace,Respirator Beta,Punk,Espresso Cup
Light Green,Fossil Vivet Shell,Green,Calm,Pigeon Tee,Mini Wings Necklace,Gauze,Hopter,Wooden Cup
Light Grey,Scale Armor Shell,Green,Charming,Pigeon Tee,Camera,Watchmaker Loupe,Three Hairs,Iced Coffee Takeaway
Light Grey,Triangle Armor Shell,Green,Charming,Khaki Tee with Pocket,Closed Wings Necklace,Respirator Beta,Dreadlocks,Snow Top Coffee
Wheat,Triangle Armor Shell,Green,Charming,Grey Tee,Closed Wings Necklace,Respirator Beta,none,Horn Cup
Purple Grey,Fire Shell,Green,Charming,Striped Square Tee,Gold Watch,Smiley Mask,Hopter,Takeaway Cup
Light Sea,Globe Shell,Green,Charming,Tee with Bear,Smart Watch,Respirator Beta,none,Odd Shape Cup
Light Grey,Sawtooth Armor Shell,Green,Relaxed,Triangle Yellow Sweater,Staff Badge,Masking Cloth,Punk,Takeaway Cup
Lavender,Basic Shell Blue,Green,Charming,Khaki Tee with Pocket,Lightning Necklace,Hypnotic Glasses,none,Blue Mug
Light Green,Basic Shell Pink,Green,Relaxed,Peace Tee,Lightning Necklace,Hypnotic Glasses,Three Hairs,High Glass
Purple Grey,Lego Shell,Green,Wink,LOL Tee,Cross Necklace,High Tech Glasses,Three Hairs,Takeaway Cup
Lavender,Magma Shell,Green,Calm,Flame Tee,Gold Watch,Masquerade Mask,none,High Glass
Light Sea,Winged Shell,Green,Calm,Camouflage Tee,Bracelet,Bubble Gum,none,Green Mug
Lavender,Winged Shell,Green,Wink,Khaki Tee with Pocket,Cross Necklace,Hypnotic Glasses,Punk,Green Mug
Light Grey,Basic Shell Green,Green,Charming,Cactus Tee,none,Tobacco Pipe,Punk,Odd Shape Cup
Light Sea,Diamond Shell,Green,Charming,Apron,Gold Watch,Star Shaped Glasses,Three Hairs,Wooden Cup
Lavender,Globe Shell,Green,Wink,Skull Brand Tee A,Double Wings Necklace,Masquerade Mask,Punk,Thermos Cup
Light Grey,Fire Shell,Green,Calm,Burning Logo Black Tee,Staff Badge,Heart Shaped Glasses,Three Hairs,Horn Cup
Light Green,Factory Shell,Green,Calm,Striped Square Tee,Gold Watch,Masking Cloth,Three Hairs,High Glass
Wheat,Mushroom Shell,Green,Wink,Camouflage Tee,Bracelet,N95 Mask,none,Green Mug
Lavender,Basic Shell Blue,Green,Charming,Triangle Yellow Sweater,Bracelet,Gauze,none,Horn Cup
Light Green,Globe Shell,Green,Wink,Grey Tee,Devil Wing Necklace,Bubble Gum,Three Hairs,Crema Latte Cup
Wheat,Basic Shell Green,Green,Relaxed,Tee with Bull,Closed Wings Necklace,Black Sunglasses,Three Hairs,Snow Top Coffee
Steel Blue,Basic Shell Green,Green,Relaxed,Zodiac Tee,none,Long Beard,Punk,Green Mug
Burly Wood,Fire Shell,Green,Relaxed,Crema Sweater B&O,Bracelet,Masquerade Mask,Punk,Purple Mug
Light Sea,Explorer Shell,Green,Calm,Crema Sweater B&O,Closed Wings Necklace,Masking Cloth,none,Cookie Cup
Light Green,Basic Shell Green,Green,Charming,Tee with Smiley,Closed Wings Necklace,Respirator Gamma,Three Hairs,Round Glass
Steel Blue,Cyberpunk Shell,Green,Charming,Skull Brand Tee A,Gold Watch,Bubble Gum,Punk,Thermos Cup
Light Blue,Basic Shell Grey,Green,Calm,LOL Tee,none,Metal Binoculars,none,Takeaway Cup
Light Blue,Thunder Shell,Green,Relaxed,Pigeon Tee,Staff Badge,Respirator Beta,Three Hairs,Striped Latte Cup
Light Sea,Steel Vivet Shell,Green,Relaxed,Film Photo Tee,Staff Badge,none,Three Hairs,Thermos Cup
Purple Grey,Scale Armor Shell,Green,Wink,Tee with Smiley,Ring Necklace,Black Sunglasses,Three Hairs,Cyberpunk Cup
Burly Wood,Sawtooth Armor Shell,Green,Charming,Skull Brand Tee A,Devil Wing Necklace,Band Aid,Three Hairs,Keep Cup
Light Blue,Honey Jar Shell,Green,Calm,Red Patterned Sweater,Silver Smiley Necklace,Lightning Glasses,Punk,Wooden Cup
Light Blue,Lego Shell,Green,Relaxed,Astronaut Tee,Ring Necklace,Hypnotic Glasses,Punk,Blue Mug
Light Grey,Fire Shell,Green,Relaxed,Mist Square Tee,Silver Smiley Necklace,Masquerade Mask,none,Iced Coffee Takeaway
Light Green,Basic Shell Yellow,Green,Calm,Flame Tee,Staff Badge,Gauze,Tinfoil Perm,Blue Mug
Steel Blue,Scale Armor Shell,Green,Wink,Grey Tee,none,N95 Mask,Three Hairs,Wooden Cup
Wheat,Fossil Vivet Shell,Green,Charming,Skull Brand Tee A,Devil Wing Necklace,Masquerade Mask,none,Wooden Cup
Steel Blue,Digital Shell,Green,Wink,Tee with Bull,Gold Watch,Lipstick Print,Three Hairs,Cookie Cup
Light Green,Basic Shell Yellow,Green,Charming,Burning Logo Black Tee,Camera,Masking Cloth,Tinfoil Perm,Cookie Cup
Lavender,Factory Shell,Green,Relaxed,Tee with Smiley,Bracelet,Tobacco Pipe,Hopter,Round Glass
Steel Blue,Watermelon Shell,Green,Charming,Tee with Bull,Bracelet,Black Sunglasses,Three Hairs,Snow Top Coffee
Lavender,Fossil Vivet Shell,Green,Calm,Striped Square Tee,Devil Wing Necklace,Black Sunglasses,Hopter,Blue Label Takeaway
Purple Grey,Polygon Armor Shell,Green,Wink,Astronaut Tee,Double Wings Necklace,Metal Binoculars,Three Hairs,Iced Coffee Takeaway
Wheat,Steel Vivet Shell,Green,Relaxed,Grey Tee,Bracelet,Flying Goggles,none,Crema Latte Cup
Lavender,Factory Shell,Green,Relaxed,Pigeon Tee,Cross Necklace,none,Hopter,Blue Mug
Steel Blue,Honey Jar Shell,Green,Wink,Peace Tee,Silver Smiley Necklace,Metal Binoculars,Hopter,Blue Label Takeaway
Burly Wood,Globe Shell,Green,Calm,Tee with Bear,Silver Smiley Necklace,Smiley Mask,none,Thermos Cup
Steel Blue,Basic Shell Yellow,Green,Wink,Khaki Tee with Pocket,Staff Badge,High Tech Glasses,Punk,Espresso Cup
Lavender,Basic Shell Green,Green,Relaxed,B&W Contrast Sweater,Closed Wings Necklace,Black Sunglasses,Three Hairs,Iced Coffee Takeaway
Light Blue,Magma Shell,Green,Relaxed,Chess Board Tee,Cross Necklace,Lightning Glasses,none,Odd Shape Cup
Steel Blue,Honey Jar Shell,Green,Calm,Chess Board Tee,Silver Smiley Necklace,Unravel Mask,none,Espresso Cup
Purple Grey,Mushroom Shell,Green,Wink,Red Patterned Sweater,none,Gauze,Punk,Cyberpunk Cup
Light Blue,Basic Shell Grey,Green,Charming,Burning Logo Black Tee,none,High Tech Glasses,Punk,Espresso Cup
Light Green,Magma Shell,Green,Charming,B&W Contrast Sweater,Gold Watch,Brown Sunglasses,Three Hairs,Crema Latte Cup
Light Green,Winged Shell,Green,Calm,Pigeon Tee,Devil Wing Necklace,Tobacco Pipe,Punk,Blue Label Takeaway
Wheat,Globe Shell,Green,Relaxed,Flame Tee,Lightning Necklace,Flying Goggles,Punk,Green Mug
Burly Wood,Basic Shell Grey,Green,Charming,Grey Palette Sweater,Ring Necklace,Tobacco Pipe,Three Hairs,Snow Top Coffee
Wheat,Honey Jar Shell,Green,Relaxed,Grey Palette Sweater,Gold Watch,none,none,Blue Mug
Purple Grey,Lego Shell,Green,Wink,Red Patterned Sweater,Gold Watch,High Tech Glasses,none,Odd Shape Cup
Light Sea,Diamond Shell,Green,Calm,Camouflage Tee,Silver Smiley Necklace,Gauze,Three Hairs,Green Mug
Purple Grey,Winged Shell,Green,Wink,B&W Contrast Sweater,Double Wings Necklace,none,Punk,Espresso Cup
Light Blue,Magma Shell,Green,Wink,Film Photo Tee,Lightning Necklace,Watchmaker Loupe,Three Hairs,Thermos Cup
Burly Wood,Basic Shell Pink,Green,Charming,Animal Emoji Sweater,Closed Wings Necklace,Respirator Gamma,Three Hairs,Blue Label Takeaway
Steel Blue,Explorer Shell,Green,Charming,Tee with Bull,Ring Necklace,Gold Round Frame Glasses,Three Hairs,Cyberpunk Cup
Light Sea,Parallel Bars Shell,Green,Charming,Stripped Tee,none,Heart Shaped Glasses,Three Hairs,Blue Mug
Steel Blue,Iced Shell,Green,Relaxed,Zodiac Tee,none,Black Sunglasses,none,Wooden Cup
Light Blue,Basic Shell Grey,Green,Wink,Crema Sweater Landscape,Devil Wing Necklace,Tobacco Pipe,Hopter,Snow Top Coffee
Wheat,Basic Shell Green,Green,Calm,Tee with Smiley,Staff Badge,Watchmaker Loupe,none,Striped Latte Cup
Steel Blue,Fire Shell,Green,Calm,Grey Tee,Lightning Necklace,Star Shaped Glasses,none,Cookie Cup
Burly Wood,Steel Vivet Shell,Green,Wink,Mist Square Tee,Lightning Necklace,High Tech Glasses,Tinfoil Perm,High Glass
Light Grey,Winged Shell,Green,Relaxed,Pigeon Tee,Devil Wing Necklace,Respirator Beta,none,Cookie Cup
Steel Blue,Basic Shell Yellow,Green,Wink,Peace Tee,Staff Badge,Flying Goggles,Hopter,Wooden Cup
Wheat,Cyberpunk Shell,Green,Wink,Crema Sweater B&O,Smart Watch,Long Beard,none,Wooden Cup
Light Sea,Cyberpunk Shell,Green,Relaxed,Tee with Smiley,Gold Watch,Gold Round Frame Glasses,Punk,Blue Label Takeaway
Lavender,Iced Shell,Green,Wink,Comet Brand Tee,Gold Watch,none,Three Hairs,Espresso Cup
Light Grey,Sawtooth Armor Shell,Green,Relaxed,Stripped Tee,Bracelet,Hypnotic Glasses,Punk,Takeaway Cup
Steel Blue,Cyberpunk Shell,Green,Relaxed,Skull Brand Tee A,Double Wings Necklace,Gold Round Frame Glasses,Hopter,Espresso Cup
Light Blue,Mushroom Shell,Green,Charming,LOL Tee,Staff Badge,Smiley Mask,Hopter,Snow Top Coffee
Light Sea,Digital Shell,Green,Wink,Film Photo Tee,Silver Smiley Necklace,Electronic Eye,none,Blue Mug
Light Green,Fossil Vivet Shell,Green,Charming,Burning Logo Black Tee,Closed Wings Necklace,Gauze,none,Iced Coffee Takeaway
Purple Grey,Fire Shell,Green,Charming,Film Photo Tee,Devil Wing Necklace,Long Beard,Three Hairs,Transparent Latte Cup
Wheat,Thunder Shell,Green,Calm,Crema Sweater B&O,Gold Watch,Gold Round Frame Glasses,Punk,Crema Latte Cup
Light Blue,Cyberpunk Shell,Green,Wink,Animal Emoji Sweater,Bracelet,N95 Mask,Punk,Odd Shape Cup
Steel Blue,Watermelon Shell,Green,Charming,Striped Square Tee,Gold Watch,Star Shaped Glasses,none,Cookie Cup
Light Grey,Basic Shell Grey,Green,Calm,Tee with Smiley,Silver Smiley Necklace,Metal Binoculars,Three Hairs,Iced Coffee Takeaway
Wheat,Basic Shell Pink,Green,Wink,Ripped Tee,Bracelet,Star Shaped Glasses,Tinfoil Perm,Transparent Latte Cup
Light Grey,Fire Shell,Green,Calm,Crema Sweater B&O,Gold Watch,Ski Goggles,Punk,High Glass
Purple Grey,Explorer Shell,Green,Relaxed,Grey Palette Sweater,Silver Smiley Necklace,Respirator Beta,Three Hairs,Crema Latte Cup
Steel Blue,Basic Shell Green,Green,Calm,Astronaut Tee,Closed Wings Necklace,Masking Cloth,Hopter,Crema Latte Cup
Burly Wood,Parallel Bars Shell,Green,Charming,Camouflage Tee,Cross Necklace,none,Punk,Odd Shape Cup
Light Sea,Basic Shell Blue,Green,Relaxed,B&W Contrast Sweater,Smart Watch,Long Beard,Punk,Wooden Cup
Burly Wood,Fire Shell,Green,Charming,Tee with Smiley,Gold Watch,Medical Mask,none,Odd Shape Cup
Light Grey,Basic Shell Blue,Green,Wink,Grey Palette Sweater,Bracelet,Unravel Mask,none,High Glass
Wheat,Parallel Bars Shell,Green,Calm,Red Patterned Sweater,Staff Badge,Heart Shaped Glasses,Three Hairs,Espresso Cup
Light Sea,Explorer Shell,Green,Wink,Striped Square Tee,Bracelet,Unravel Mask,Three Hairs,Transparent Latte Cup
Lavender,Explorer Shell,Green,Calm,Red Patterned Sweater,Silver Smiley Necklace,Smiley Mask,Hopter,Transparent Latte Cup
Burly Wood,Mushroom Shell,Green,Calm,LOL Tee,Silver Smiley Necklace,Gold Round Frame Glasses,Three Hairs,Round Glass
Lavender,Mushroom Shell,Green,Calm,Animal Emoji Sweater,Devil Wing Necklace,Smiley Mask,Punk,Thermos Cup
Purple Grey,Fire Shell,Green,Relaxed,Pigeon Tee,Staff Badge,Unravel Mask,Hopter,Iced Coffee Takeaway
Purple Grey,Diamond Shell,Green,Wink,Grey Palette Sweater,Silver Smiley Necklace,Respirator Gamma,none,Snow Top Coffee
Light Grey,Explorer Shell,Green,Charming,Triangle Yellow Sweater,Silver Smiley Necklace,Medical Mask,none,Striped Latte Cup
Light Blue,Cyberpunk Shell,Green,Wink,Comet Brand Tee,Closed Wings Necklace,Hypnotic Glasses,none,Odd Shape Cup
Burly Wood,Mushroom Shell,Green,Relaxed,Grey Palette Sweater,Staff Badge,Heart Shaped Glasses,Three Hairs,Espresso Cup
Lavender,Basic Shell Grey,Green,Relaxed,Peace Tee,Staff Badge,Unravel Mask,Punk,High Glass
Light Grey,Diamond Shell,Green,Calm,Burning Logo White Tee,Double Wings Necklace,Electronic Eye,Punk,Blue Mug
Lavender,Fire Shell,Green,Calm,Chess Board Tee,Double Wings Necklace,Respirator Beta,Three Hairs,Round Glass
Steel Blue,Diamond Shell,Green,Relaxed,Skull Brand Tee A,Staff Badge,High Tech Glasses,Three Hairs,Striped Latte Cup
Light Grey,Basic Shell Blue,Green,Calm,Crema Sweater Landscape,none,Lightning Glasses,Dreadlocks,Striped Latte Cup
Light Grey,Winged Shell,Green,Calm,Crema Sweater Landscape,Staff Badge,Respirator Beta,Hopter,High Glass
Steel Blue,Steel Vivet Shell,Green,Calm,Mist Square Tee,Staff Badge,Masquerade Mask,Hopter,Purple Mug
Burly Wood,Parallel Bars Shell,Green,Wink,Film Photo Tee,Closed Wings Necklace,Hypnotic Glasses,Hopter,Iced Coffee Takeaway
Lavender,Sawtooth Armor Shell,Green,Calm,Skull Brand Tee B,Silver Smiley Necklace,Battle Force Detector,Three Hairs,Green Mug
Light Blue,Parallel Bars Shell,Green,Wink,Film Photo Tee,Gold Watch,Watchmaker Loupe,Punk,Blue Label Takeaway
Steel Blue,Basic Shell Grey,Green,Charming,Khaki Tee with Pocket,Staff Badge,Medical Mask,none,Green Mug
Wheat,Factory Shell,Green,Relaxed,Peace Tee,Devil Wing Necklace,none,Hopter,Green Mug
Steel Blue,Scale Armor Shell,Green,Relaxed,Green Sweater,Lightning Necklace,Watchmaker Loupe,none,Horn Cup
Burly Wood,Honey Jar Shell,Green,Charming,Burning Logo Black Tee,Closed Wings Necklace,Medical Mask,none,Striped Latte Cup
Light Sea,Basic Shell Green,Green,Relaxed,LOL Tee,Bracelet,none,Tinfoil Perm,High Glass
Wheat,Basic Shell Blue,Green,Relaxed,Ripped Tee,Devil Wing Necklace,Metal Binoculars,none,Keep Cup
Light Green,Thunder Shell,Green,Relaxed,Apron,Staff Badge,Star Shaped Glasses,Punk,Takeaway Cup
Light Grey,Factory Shell,Green,Charming,Red Patterned Sweater,Cross Necklace,Masking Cloth,Punk,Round Glass
Light Grey,Digital Shell,Green,Charming,Camouflage Tee,Bracelet,Smiley Mask,none,Thermos Cup
Light Grey,Triangle Armor Shell,Green,Charming,Crema Sweater Landscape,Smart Watch,Long Beard,none,Takeaway Cup
Light Blue,Triangle Armor Shell,Green,Calm,Khaki Tee with Pocket,Cross Necklace,Black Sunglasses,none,Espresso Cup
Wheat,Watermelon Shell,Green,Wink,Chess Board Tee,Closed Wings Necklace,Long Beard,Three Hairs,Cyberpunk Cup
Light Blue,Triangle Armor Shell,Green,Relaxed,Chess Board Tee,Double Wings Necklace,Electronic Eye,none,Odd Shape Cup
Light Grey,Digital Shell,Green,Wink,Crema Sweater Landscape,Closed Wings Necklace,Respirator Beta,none,Takeaway Cup
Light Sea,Winged Shell,Green,Relaxed,LOL Tee,Silver Smiley Necklace,Band Aid,Punk,Espresso Cup
Wheat,Mushroom Shell,Green,Charming,LOL Tee,Staff Badge,Gauze,Hopter,Wooden Cup
Light Grey,Cyberpunk Shell,Green,Wink,Apron,Gold Watch,Tobacco Pipe,Punk,Wooden Cup
Light Green,Explorer Shell,Green,Relaxed,Basketball Jersey,Lightning Necklace,Flying Goggles,Hopter,Iced Coffee Takeaway
Light Sea,Fire Shell,Green,Relaxed,Basketball Jersey,Gold Watch,Brown Sunglasses,Hopter,Round Glass
Lavender,Diamond Shell,Green,Charming,Striped Square Tee,Camera,Watchmaker Loupe,Three Hairs,Blue Mug
Wheat,Basic Shell Pink,Green,Charming,LOL Tee,Cross Necklace,Masking Cloth,none,Espresso Cup
Light Green,Cyberpunk Shell,Green,Wink,Skull Brand Tee A,Devil Wing Necklace,Brown Sunglasses,Hopter,Green Label Takeaway
Purple Grey,Scale Armor Shell,Green,Calm,Tee with Bear,Camera,Tobacco Pipe,none,Espresso Cup
Wheat,Factory Shell,Green,Charming,Comet Brand Tee,Staff Badge,N95 Mask,Punk,Wooden Cup
Light Sea,Mushroom Shell,Green,Wink,Grey Tee,Dolphin Necklace,Gold Round Frame Glasses,Hopter,Snow Top Coffee
Lavender,Basic Shell Blue,Green,Relaxed,Astronaut Tee,Bracelet,Tobacco Pipe,none,Blue Label Takeaway
Light Sea,Parallel Bars Shell,Green,Wink,Peace Tee,Silver Smiley Necklace,N95 Mask,Three Hairs,Blue Label Takeaway
Purple Grey,Fossil Vivet Shell,Green,Relaxed,Burning Logo White Tee,Cross Necklace,Ski Goggles,Three Hairs,Wooden Cup
Wheat,Iced Shell,Green,Relaxed,Crema Sweater Landscape,Silver Smiley Necklace,High Tech Glasses,Hopter,Takeaway Cup
Light Green,Honey Jar Shell,Green,Relaxed,Triangle Yellow Sweater,Staff Badge,Watchmaker Loupe,Punk,Purple Mug
Light Sea,Digital Shell,Green,Relaxed,Grey Palette Sweater,none,Metal Binoculars,Hopter,Wooden Cup
Light Green,Diamond Shell,Green,Charming,Tee with Smiley,none,Masquerade Mask,none,Horn Cup
Light Green,Globe Shell,Green,Calm,Skull Brand Tee A,Lightning Necklace,Tobacco Pipe,Punk,Green Label Takeaway
Lavender,Triangle Armor Shell,Green,Charming,Basketball Jersey,Devil Wing Necklace,Watchmaker Loupe,none,Transparent Latte Cup
Burly Wood,Steel Vivet Shell,Green,Wink,Skull Brand Tee B,Cross Necklace,Hypnotic Glasses,Punk,Snow Top Coffee
Lavender,Mushroom Shell,Green,Charming,Burning Logo Black Tee,Devil Wing Necklace,Metal Binoculars,Punk,Cookie Cup
Light Grey,Basic Shell Pink,Green,Charming,Stripped Tee,Devil Wing Necklace,Metal Binoculars,Three Hairs,Purple Mug
Wheat,Fossil Vivet Shell,Green,Charming,B&W Contrast Sweater,Staff Badge,Metal Binoculars,Punk,Blue Mug
Burly Wood,Digital Shell,Green,Relaxed,Khaki Tee with Pocket,none,Lightning Glasses,Three Hairs,Espresso Cup
Light Green,Basic Shell Pink,Green,Relaxed,Astronaut Tee,Smart Watch,none,Punk,Green Mug
Wheat,Thunder Shell,Green,Wink,B&W Contrast Sweater,Staff Badge,Respirator Beta,none,Blue Mug
Purple Grey,Iced Shell,Green,Calm,Mist Square Tee,Lightning Necklace,Respirator Beta,Punk,Espresso Cup
Light Green,Basic Shell Yellow,Green,Relaxed,Burning Logo Black Tee,Devil Wing Necklace,Respirator Beta,Three Hairs,Crema Latte Cup
Wheat,Watermelon Shell,Green,Relaxed,Comet Brand Tee,Double Wings Necklace,Tobacco Pipe,Punk,Cookie Cup
Steel Blue,Basic Shell Blue,Green,Relaxed,Chess Board Tee,Double Wings Necklace,Metal Binoculars,Hopter,Blue Mug
Lavender,Lego Shell,Green,Charming,Peace Tee,Cross Necklace,Black Sunglasses,none,Horn Cup
Light Sea,Digital Shell,Green,Charming,Pigeon Tee,Staff Badge,Unravel Mask,none,Purple Mug
Burly Wood,Lego Shell,Green,Relaxed,Cactus Tee,Smart Watch,Smiley Mask,Punk,Blue Label Takeaway
Purple Grey,Polygon Armor Shell,Green,Calm,Peace Tee,Silver Smiley Necklace,Unravel Mask,Punk,Snow Top Coffee
Lavender,Triangle Armor Shell,Green,Wink,Red Patterned Sweater,Camera,Watchmaker Loupe,Three Hairs,Snow Top Coffee
Steel Blue,Polygon Armor Shell,Green,Wink,Striped Square Tee,Staff Badge,Metal Binoculars,none,Horn Cup
Lavender,Globe Shell,Green,Wink,Red Patterned Sweater,Closed Wings Necklace,Watchmaker Loupe,none,Blue Mug
Lavender,Scale Armor Shell,Green,Charming,Mist Square Tee,Smart Watch,Masquerade Mask,Three Hairs,Purple Mug
Light Blue,Parallel Bars Shell,Green,Charming,Apron,Lightning Necklace,Masking Cloth,Punk,Cookie Cup
Light Green,Digital Shell,Green,Relaxed,Basketball Jersey,none,none,Tinfoil Perm,Green Label Takeaway
