Lavender,Polygon Armor Shell,Green,Calm,Tee with Bear,Three Hairs,Long Beard,Crema Latte Cup
Steel Blue,Fossil Vivet Shell,Green,Naughty,Film Photo Tee,Short Spiky Red,None,Purple Mug
Lavender,Scale Armor Shell,Green,Obsessed,Burning Logo Black Tee,Dreadlocks,None,Keep Cup
Light Sea,Polygon Armor Shell,Green,Calm,Stripped Tee,Buzzcut,Bubble Gum,Thermos Cup
Light Grey,Polygon Armor Shell,Green,Relaxed,Flower Casual Shirt,Thin & Short,Gold Round Frame Glasses,Blue Label Takeaway
Light Blue,Mushroom Shell,Green,Kawaii,Tee with Bear,Snape,Bubble Gum,Thermos Cup
Steel Blue,Basic Shell Pink,Green,Wink,Zodiac Tee,Slicked Back,Long Beard,Striped Latte Cup
Burly Wood,Fossil Vivet Shell,Green,Calm,Ripped Tee,Side Parting,Gold Round Frame Glasses,Blue Mug
Lavender,Basic Shell Green,Green,Relaxed,Burning Logo White Tee,Side Parting,None,Keep Cup
Wheat,Sawtooth Armor Shell,Green,Kawaii,Tee with Bear,Medium Length,Star Shaped Glasses,Blue Mug
Burly Wood,Triangle Armor Shell,Green,Obsessed,Red Patterned Sweater,Headphone,Bubble Gum,Green Label Takeaway
Light Blue,Basic Shell Blue,Green,Charming,Astronaut Tee,Three Hairs,None,Cookie Cup
Light Green,Triangle Armor Shell,Green,Wink,Burning Logo Black Tee,Slicked Back,Long Beard,Green Label Takeaway
Burly Wood,Basic Shell Green,Green,Kawaii,Green Sweater,Side Parting,Long Beard,Horn Cup
Wheat,Basic Shell Green,Green,Kawaii,Sailor Suit,none,Gold Round Frame Glasses,Striped Latte Cup
Lavender,Mushroom Shell,Green,Naughty,Striped Outer Shirt,Buzzcut,None,Takeaway Cup
Burly Wood,Mushroom Shell,Green,Obsessed,Pigeon Tee,Headphone,Bubble Gum,Horn Cup
Wheat,Polygon Armor Shell,Green,Calm,Tee with Bull,Slicked Back,None,Odd Shape Cup
Light Green,Triangle Armor Shell,Green,Calm,Peace Tee,Hopter,Gold Round Frame Glasses,Wooden Cup
Light Grey,Basic Shell Blue,Green,Calm,Chequered Shirt,Headphone,Star Shaped Glasses,Iced Coffee Takeaway
Light Blue,Basic Shell Yellow,Green,Wink,Burning Logo Black Tee,Slicked Back,Gold Round Frame Glasses,Green Mug
Burly Wood,Basic Shell Pink,Green,Wink,Triangle Yellow Sweater,Hopter,Star Shaped Glasses,Horn Cup
Light Sea,Triangle Armor Shell,Green,Obsessed,Chequered Shirt,Side Parting,Gold Round Frame Glasses,Green Mug
Light Green,Fossil Vivet Shell,Green,Relaxed,Striped Square Tee,Three Hairs,Gold Round Frame Glasses,Striped Latte Cup
Lavender,Triangle Armor Shell,Green,Charming,Red Hoodie,Buzzcut,Long Beard,Green Mug
Purple Grey,Scale Armor Shell,Green,Wink,Baseball Jacket,Buzzcut,Star Shaped Glasses,Thermos Cup
Lavender,Basic Shell Pink,Green,Wink,Triangle Yellow Sweater,Thin & Short,None,Green Label Takeaway
Light Grey,Mushroom Shell,Green,Charming,Burning Logo White Tee,Buzzcut,Bubble Gum,Iced Coffee Takeaway
Light Green,Scale Armor Shell,Green,Wink,Striped Block Tee,Snape,Star Shaped Glasses,Odd Shape Cup
Light Green,Sawtooth Armor Shell,Green,Relaxed,Basketball Jersey,Buzzcut,None,Horn Cup
Light Sea,Basic Shell Yellow,Green,Relaxed,Turtleneck Hoodie,none,Gold Round Frame Glasses,Blue Mug
Light Sea,Mushroom Shell,Green,Kawaii,Camouflage Tee,Headphone,Gold Round Frame Glasses,Blue Mug
Wheat,Triangle Armor Shell,Green,Charming,Peace Tee,Three Hairs,Bubble Gum,Crema Latte Cup
Steel Blue,Fossil Vivet Shell,Green,Kawaii,Crema Sweater Landscape,Thin & Short,Star Shaped Glasses,Snow Top Coffee
Burly Wood,Triangle Armor Shell,Green,Kawaii,Khaki Outer Shirt,Short Spiky Red,Bubble Gum,Wooden Cup
Wheat,Basic Shell Grey,Green,Obsessed,Overalls,Just Trimmed,Bubble Gum,Snow Top Coffee
Steel Blue,Mushroom Shell,Green,Kawaii,Khaki Tee with Pocket,Dreadlocks,Bubble Gum,Crema Latte Cup
Light Grey,Scale Armor Shell,Green,Wink,Pink Shirt with Pockets,Dreadlocks,Gold Round Frame Glasses,Cookie Cup
Light Green,Basic Shell Blue,Green,Naughty,Chess Board Tee,Bunny Ears,Star Shaped Glasses,Wooden Cup
Burly Wood,Fossil Vivet Shell,Green,Charming,Animal Emoji Sweater,Dreadlocks,Gold Round Frame Glasses,Cookie Cup
Wheat,Basic Shell Grey,Green,Wink,Animal Emoji Sweater,Short Spiky Red,None,Green Label Takeaway
Steel Blue,Basic Shell Grey,Green,Charming,Flower Casual Shirt,Buzzcut,None,Crema Latte Cup
Burly Wood,Basic Shell Grey,Green,Obsessed,Rivet Jacket,Slicked Back,Long Beard,Purple Mug
Steel Blue,Basic Shell Green,Green,Kawaii,Crema Sweater B&O,Dreadlocks,Star Shaped Glasses,Keep Cup
Purple Grey,Polygon Armor Shell,Green,Calm,Stripped Tee,none,Gold Round Frame Glasses,Transparent Latte Cup
Light Grey,Basic Shell Grey,Green,Wink,Basketball Jersey,Dreadlocks,Long Beard,Horn Cup
Burly Wood,Fossil Vivet Shell,Green,Charming,Mist Square Tee,none,None,Cyberpunk Cup
Light Green,Sawtooth Armor Shell,Green,Obsessed,Leaf Casual Shirt,Side Parting,Long Beard,Iced Coffee Takeaway
Light Blue,Polygon Armor Shell,Green,Relaxed,Khaki Outer Shirt,Side Parting,Star Shaped Glasses,High Glass
Purple Grey,Mushroom Shell,Green,Relaxed,B&W Contrast Sweater,Medium Length,None,High Glass
Wheat,Basic Shell Grey,Green,Obsessed,Animal Emoji Sweater,Dreadlocks,Bubble Gum,Purple Mug
Steel Blue,Basic Shell Green,Green,Calm,Turtleneck Hoodie,Headphone,None,Crema Latte Cup
Purple Grey,Scale Armor Shell,Green,Wink,Khaki Tee with Pocket,Slicked Back,Bubble Gum,Snow Top Coffee
Lavender,Polygon Armor Shell,Green,Calm,Crema Sweater B&O,Short Spiky Red,None,Striped Latte Cup
Burly Wood,Basic Shell Pink,Green,Wink,Zodiac Tee,Headphone,Gold Round Frame Glasses,Round Glass
Light Green,Basic Shell Grey,Green,Charming,Animal Emoji Sweater,Dreadlocks,Gold Round Frame Glasses,Blue Mug
Lavender,Basic Shell Blue,Green,Charming,Red Patterned Sweater,Dreadlocks,Bubble Gum,Crema Latte Cup
Light Sea,Fossil Vivet Shell,Green,Charming,Rivet Jacket,Bunny Ears,Star Shaped Glasses,Espresso Cup
Burly Wood,Basic Shell Pink,Green,Calm,Red Patterned Sweater,Buzzcut,Gold Round Frame Glasses,Round Glass
Steel Blue,Triangle Armor Shell,Green,Wink,Turtleneck Hoodie,Just Trimmed,Long Beard,Green Label Takeaway
Light Green,Basic Shell Blue,Green,Wink,Khaki Outer Shirt,Slicked Back,Long Beard,Purple Mug
Lavender,Basic Shell Blue,Green,Wink,Tee with Bull,Medium Length,Bubble Gum,Thermos Cup
Light Grey,Basic Shell Pink,Green,Naughty,Basketball Jersey,Buzzcut,Long Beard,Round Glass
Light Green,Sawtooth Armor Shell,Green,Kawaii,Peace Tee,Hopter,Bubble Gum,Striped Latte Cup
Light Sea,Polygon Armor Shell,Green,Obsessed,Sailor Suit,Headphone,Long Beard,Horn Cup
Purple Grey,Triangle Armor Shell,Green,Calm,Rivet Jacket,Hopter,Gold Round Frame Glasses,Crema Latte Cup
Purple Grey,Sawtooth Armor Shell,Green,Kawaii,Zodiac Tee,Baseball Cap,Long Beard,Cookie Cup
Light Grey,Scale Armor Shell,Green,Relaxed,Basketball Jersey,Mohawk,Gold Round Frame Glasses,Blue Label Takeaway
Burly Wood,Fossil Vivet Shell,Green,Charming,Cactus Tee,Side Parting,Bubble Gum,Keep Cup
Light Blue,Basic Shell Green,Green,Relaxed,Sailor Suit,Hopter,Long Beard,Iced Coffee Takeaway
Burly Wood,Mushroom Shell,Green,Charming,Peace Tee,Slicked Back,Star Shaped Glasses,Crema Latte Cup
Purple Grey,Basic Shell Yellow,Green,Calm,Khaki Outer Shirt,Bunny Ears,Bubble Gum,High Glass
Lavender,Scale Armor Shell,Green,Wink,Turtleneck Sweater,Slicked Back,Bubble Gum,Takeaway Cup
Light Green,Triangle Armor Shell,Green,Charming,B&W Contrast Sweater,none,Star Shaped Glasses,Blue Label Takeaway
Light Grey,Polygon Armor Shell,Green,Kawaii,Burning Logo White Tee,Side Parting,Star Shaped Glasses,Snow Top Coffee
Lavender,Basic Shell Blue,Green,Kawaii,Zodiac Tee,Reggae,Star Shaped Glasses,Round Glass
Steel Blue,Basic Shell Green,Green,Obsessed,Astronaut Tee,Slicked Back,None,Crema Latte Cup
Lavender,Basic Shell Blue,Green,Calm,Rivet Jacket,Side Parting,Gold Round Frame Glasses,Horn Cup
Purple Grey,Fossil Vivet Shell,Green,Relaxed,Comet Brand Tee,Snape,Star Shaped Glasses,Round Glass
Light Sea,Basic Shell Blue,Green,Relaxed,LOL Tee,Hopter,Star Shaped Glasses,Crema Latte Cup
Purple Grey,Basic Shell Blue,Green,Calm,Animal Emoji Sweater,Bunny Ears,Star Shaped Glasses,Cyberpunk Cup
Light Green,Polygon Armor Shell,Green,Charming,Tree Casual Shirt,Side Parting,Bubble Gum,Cyberpunk Cup
Light Green,Basic Shell Pink,Green,Relaxed,Stripped Tee,Mohawk,Long Beard,Striped Latte Cup
Burly Wood,Basic Shell Grey,Green,Wink,Tee with Smiley,Three Hairs,Bubble Gum,Cookie Cup
Light Sea,Basic Shell Yellow,Green,Charming,Basketball Jersey,Bunny Ears,Star Shaped Glasses,Espresso Cup
Burly Wood,Triangle Armor Shell,Green,Relaxed,Red Hoodie,Hopter,Long Beard,Cyberpunk Cup
Steel Blue,Basic Shell Green,Green,Charming,Burning Logo White Tee,none,Bubble Gum,Green Mug
Steel Blue,Polygon Armor Shell,Green,Calm,Striped Block Tee,Short Spiky Red,Long Beard,Thermos Cup
Light Green,Mushroom Shell,Green,Kawaii,Striped Block Tee,Mohawk,Long Beard,Iced Coffee Takeaway
Light Sea,Fossil Vivet Shell,Green,Kawaii,Camouflage Tee,Baseball Cap,Star Shaped Glasses,Iced Coffee Takeaway
Light Blue,Basic Shell Yellow,Green,Charming,Tee with Bull,Hopter,None,Green Mug
Purple Grey,Basic Shell Pink,Green,Obsessed,Khaki Tee with Pocket,Short Spiky Red,None,Transparent Latte Cup
Light Sea,Scale Armor Shell,Green,Obsessed,Red Hoodie,Dreadlocks,None,Striped Latte Cup
Light Grey,Basic Shell Blue,Green,Kawaii,Striped Block Tee,Slicked Back,Long Beard,Espresso Cup
Light Grey,Basic Shell Grey,Green,Charming,Pink Shirt with Pockets,Buzzcut,None,Takeaway Cup
Purple Grey,Basic Shell Pink,Green,Obsessed,Basketball Jersey,Hopter,Long Beard,Espresso Cup
Burly Wood,Basic Shell Pink,Green,Wink,Striped Outer Shirt,Buzzcut,Star Shaped Glasses,Snow Top Coffee
Steel Blue,Basic Shell Yellow,Green,Obsessed,Crema Sweater B&O,Three Hairs,None,Green Label Takeaway
Light Sea,Basic Shell Green,Green,Obsessed,Skull Brand Tee A,Side Parting,Gold Round Frame Glasses,Green Mug
Steel Blue,Basic Shell Grey,Green,Charming,Tee with Bear,Mohawk,Gold Round Frame Glasses,High Glass
Light Blue,Polygon Armor Shell,Green,Naughty,Tree Casual Shirt,Slicked Back,Star Shaped Glasses,Green Label Takeaway
Light Green,Basic Shell Blue,Green,Calm,Skull Brand Tee A,Dreadlocks,Gold Round Frame Glasses,Crema Latte Cup
Light Blue,Basic Shell Blue,Green,Calm,Burning Logo Black Tee,Side Parting,Bubble Gum,Green Mug
Wheat,Fossil Vivet Shell,Green,Kawaii,Peace Tee,Bunny Ears,Star Shaped Glasses,Green Mug
Steel Blue,Basic Shell Pink,Green,Kawaii,Green Sweater,Hopter,Star Shaped Glasses,Takeaway Cup
Burly Wood,Basic Shell Yellow,Green,Calm,Grey Tee,Baseball Cap,Gold Round Frame Glasses,Wooden Cup
Light Blue,Basic Shell Green,Green,Calm,Camouflage Tee,Side Parting,None,Crema Latte Cup
Light Sea,Polygon Armor Shell,Green,Charming,Tee with Smiley,Short Spiky Red,None,Striped Latte Cup
Light Blue,Sawtooth Armor Shell,Green,Wink,Pigeon Tee,Slicked Back,Star Shaped Glasses,Green Label Takeaway
Light Green,Mushroom Shell,Green,Naughty,Apron,Mohawk,Star Shaped Glasses,Striped Latte Cup
Light Sea,Mushroom Shell,Green,Wink,Red Patterned Sweater,Slicked Back,Gold Round Frame Glasses,Cookie Cup
Steel Blue,Basic Shell Yellow,Green,Obsessed,Flower Casual Shirt,Headphone,Bubble Gum,Crema Latte Cup
Purple Grey,Mushroom Shell,Green,Calm,Ripped Tee,Bandana,None,Odd Shape Cup
Purple Grey,Scale Armor Shell,Green,Calm,Astronaut Tee,Slicked Back,None,Odd Shape Cup
Light Green,Scale Armor Shell,Green,Wink,Sailor Suit,Buzzcut,Long Beard,Purple Mug
Burly Wood,Basic Shell Yellow,Green,Kawaii,Turtleneck Sweater,Medium Length,Long Beard,Thermos Cup
Steel Blue,Triangle Armor Shell,Green,Relaxed,Rivet Jacket,Buzzcut,Gold Round Frame Glasses,Odd Shape Cup
Light Blue,Fossil Vivet Shell,Green,Relaxed,Grey Short Sleeve Shirt,Hopter,Long Beard,Iced Coffee Takeaway
Wheat,Basic Shell Yellow,Green,Obsessed,Chequered Shirt,none,None,Transparent Latte Cup
Light Blue,Fossil Vivet Shell,Green,Calm,Striped Block Tee,Bandana,Long Beard,Thermos Cup
Steel Blue,Scale Armor Shell,Green,Calm,Grey Tee,Thin & Short,Long Beard,Crema Latte Cup
Light Blue,Basic Shell Green,Green,Obsessed,Triangle Yellow Sweater,Headphone,Star Shaped Glasses,High Glass
Lavender,Basic Shell Pink,Green,Charming,Chequered Shirt,Headphone,Long Beard,Blue Label Takeaway
Steel Blue,Scale Armor Shell,Green,Wink,Animal Emoji Sweater,Short Spiky Red,Star Shaped Glasses,Purple Mug
Wheat,Basic Shell Grey,Green,Calm,Red Patterned Sweater,Bunny Ears,Gold Round Frame Glasses,Purple Mug
Light Blue,Scale Armor Shell,Green,Wink,Chequered Shirt,Short Spiky Red,Bubble Gum,Cookie Cup
Burly Wood,Basic Shell Green,Green,Relaxed,Red Hoodie,Buzzcut,Bubble Gum,Green Mug
Lavender,Basic Shell Pink,Green,Charming,White Outer Shirt,Three Hairs,Bubble Gum,Purple Mug
Light Green,Basic Shell Pink,Green,Kawaii,Grey Palette Sweater,Thin & Short,Bubble Gum,Espresso Cup
Lavender,Fossil Vivet Shell,Green,Relaxed,Mist Square Tee,Baseball Cap,None,Round Glass
Purple Grey,Basic Shell Grey,Green,Kawaii,Tee with Smiley,Slicked Back,None,Takeaway Cup
Purple Grey,Sawtooth Armor Shell,Green,Obsessed,Striped Block Tee,none,None,Keep Cup
Lavender,Basic Shell Pink,Green,Wink,Baseball Jacket,Thin & Short,None,Takeaway Cup
Light Grey,Polygon Armor Shell,Green,Calm,Turtleneck Sweater,Side Parting,None,Transparent Latte Cup
Light Green,Basic Shell Blue,Green,Wink,Turtleneck Hoodie,Thin & Short,Star Shaped Glasses,Cookie Cup
Purple Grey,Mushroom Shell,Green,Charming,Leaf Casual Shirt,Slicked Back,Bubble Gum,Blue Label Takeaway
Lavender,Sawtooth Armor Shell,Green,Relaxed,Baseball Jacket,Buzzcut,Gold Round Frame Glasses,Green Mug
Light Grey,Basic Shell Grey,Green,Naughty,Triangle Yellow Sweater,Dreadlocks,Star Shaped Glasses,Cyberpunk Cup
Light Sea,Scale Armor Shell,Green,Wink,Flower Casual Shirt,Slicked Back,Star Shaped Glasses,Round Glass
Burly Wood,Mushroom Shell,Green,Calm,Rivet Jacket,Short Spiky Red,Bubble Gum,Espresso Cup
Purple Grey,Basic Shell Blue,Green,Charming,Comet Brand Tee,Dreadlocks,Star Shaped Glasses,Green Mug
Light Blue,Basic Shell Pink,Green,Obsessed,Striped Block Tee,Side Parting,Bubble Gum,Cookie Cup
Steel Blue,Fossil Vivet Shell,Green,Calm,Crema Sweater B&O,Slicked Back,Star Shaped Glasses,Striped Latte Cup
Burly Wood,Triangle Armor Shell,Green,Kawaii,Striped Block Tee,Bunny Ears,None,Wooden Cup
Light Grey,Polygon Armor Shell,Green,Wink,Animal Emoji Sweater,Slicked Back,Gold Round Frame Glasses,Green Label Takeaway
Purple Grey,Sawtooth Armor Shell,Green,Kawaii,Khaki Tee with Pocket,Baseball Cap,None,Horn Cup
Purple Grey,Basic Shell Grey,Green,Charming,Striped Square Tee,Bunny Ears,Long Beard,Green Mug
Light Green,Basic Shell Blue,Green,Relaxed,Burning Logo White Tee,Mohawk,None,Iced Coffee Takeaway
Lavender,Mushroom Shell,Green,Relaxed,Burning Logo Black Tee,Dreadlocks,Star Shaped Glasses,Iced Coffee Takeaway
Purple Grey,Basic Shell Blue,Green,Wink,Burning Logo Black Tee,Thin & Short,Gold Round Frame Glasses,Green Mug
Light Green,Scale Armor Shell,Green,Obsessed,Mist Square Tee,Hopter,Star Shaped Glasses,Round Glass
Wheat,Basic Shell Yellow,Green,Naughty,Pink Shirt with Pockets,Baseball Cap,None,Transparent Latte Cup
Steel Blue,Basic Shell Green,Green,Calm,B&W Contrast Sweater,Headphone,Star Shaped Glasses,Transparent Latte Cup
Light Grey,Basic Shell Pink,Green,Relaxed,Flower Casual Shirt,Buzzcut,Star Shaped Glasses,Blue Label Takeaway
Purple Grey,Polygon Armor Shell,Green,Charming,Chess Board Tee,Bunny Ears,Long Beard,Snow Top Coffee
Light Sea,Basic Shell Yellow,Green,Kawaii,B&W Contrast Sweater,Medium Length,Star Shaped Glasses,Transparent Latte Cup
Burly Wood,Basic Shell Grey,Green,Kawaii,Ripped Tee,Buzzcut,Star Shaped Glasses,Keep Cup
Light Blue,Scale Armor Shell,Green,Obsessed,Tree Casual Shirt,Dreadlocks,Long Beard,Horn Cup
Steel Blue,Basic Shell Pink,Green,Charming,Khaki Outer Shirt,Headphone,None,Blue Mug
Light Green,Polygon Armor Shell,Green,Calm,Crema Sweater B&O,Buzzcut,Star Shaped Glasses,Odd Shape Cup
Wheat,Basic Shell Green,Green,Charming,Chess Board Tee,Buzzcut,Bubble Gum,Striped Latte Cup
Lavender,Basic Shell Blue,Green,Relaxed,Crema Sweater B&O,Thin & Short,Gold Round Frame Glasses,Cookie Cup
Lavender,Basic Shell Pink,Green,Obsessed,Skull Brand Tee A,Short Spiky Red,Bubble Gum,Cyberpunk Cup
Light Sea,Sawtooth Armor Shell,Green,Obsessed,Animal Emoji Sweater,Side Parting,None,High Glass
Purple Grey,Scale Armor Shell,Green,Charming,Triangle Yellow Sweater,Bunny Ears,Long Beard,Blue Mug
Light Grey,Sawtooth Armor Shell,Green,Charming,Cactus Tee,Slicked Back,None,Iced Coffee Takeaway
Light Green,Basic Shell Green,Green,Wink,White Outer Shirt,none,Gold Round Frame Glasses,Espresso Cup
Light Sea,Basic Shell Pink,Green,Kawaii,Rivet Jacket,Hopter,None,Round Glass
Light Sea,Basic Shell Grey,Green,Naughty,Red Patterned Sweater,Short Spiky Red,Bubble Gum,Odd Shape Cup
Wheat,Basic Shell Yellow,Green,Calm,Striped Square Tee,Headphone,Long Beard,Takeaway Cup
Burly Wood,Basic Shell Yellow,Green,Charming,Ripped Tee,Hopter,Star Shaped Glasses,Cyberpunk Cup
Steel Blue,Sawtooth Armor Shell,Green,Charming,Zodiac Tee,Dreadlocks,Long Beard,Green Label Takeaway
Lavender,Mushroom Shell,Green,Wink,Basketball Jersey,Headphone,None,Odd Shape Cup
Light Green,Polygon Armor Shell,Green,Relaxed,Comet Brand Tee,Short Spiky Red,Gold Round Frame Glasses,Cookie Cup
Steel Blue,Basic Shell Yellow,Green,Relaxed,Rivet Jacket,Slicked Back,None,Horn Cup
Purple Grey,Basic Shell Grey,Green,Charming,Flower Casual Shirt,Hopter,Gold Round Frame Glasses,Blue Label Takeaway
Light Sea,Polygon Armor Shell,Green,Charming,Rivet Jacket,Dreadlocks,None,Snow Top Coffee
Burly Wood,Polygon Armor Shell,Green,Charming,Camouflage Tee,Headphone,Long Beard,Thermos Cup
Light Green,Basic Shell Yellow,Green,Obsessed,Tee with Bear,Dreadlocks,None,Striped Latte Cup
Light Blue,Polygon Armor Shell,Green,Naughty,Baseball Jacket,Medium Length,Gold Round Frame Glasses,Cookie Cup
Steel Blue,Basic Shell Grey,Green,Obsessed,Astronaut Tee,Short Spiky Red,Star Shaped Glasses,Round Glass
Burly Wood,Basic Shell Yellow,Green,Calm,Tee with Bear,Dreadlocks,None,Odd Shape Cup
Burly Wood,Triangle Armor Shell,Green,Wink,Cactus Tee,Dreadlocks,None,Blue Mug
Lavender,Basic Shell Blue,Green,Calm,Stripped Tee,Side Parting,Bubble Gum,Green Mug
Wheat,Sawtooth Armor Shell,Green,Calm,Tree Casual Shirt,Medium Length,Bubble Gum,Blue Label Takeaway
Lavender,Basic Shell Green,Green,Relaxed,Peace Tee,Buzzcut,Long Beard,Cyberpunk Cup
Burly Wood,Sawtooth Armor Shell,Green,Wink,Leaf Casual Shirt,Headphone,Long Beard,Transparent Latte Cup
Light Sea,Basic Shell Blue,Green,Naughty,Film Photo Tee,Headphone,Gold Round Frame Glasses,Striped Latte Cup
Light Sea,Basic Shell Grey,Green,Calm,Tee with Bear,Thin & Short,Long Beard,High Glass
Purple Grey,Basic Shell Green,Green,Kawaii,Peace Tee,Headphone,Bubble Gum,Green Label Takeaway
Light Grey,Basic Shell Green,Green,Obsessed,Tee with Bear,Side Parting,Long Beard,Wooden Cup
Light Green,Basic Shell Pink,Green,Naughty,Skull Brand Tee A,Slicked Back,Gold Round Frame Glasses,Blue Label Takeaway
Light Green,Basic Shell Green,Green,Kawaii,Chess Board Tee,Baseball Cap,Bubble Gum,Cookie Cup
Steel Blue,Scale Armor Shell,Green,Obsessed,Khaki Outer Shirt,Side Parting,Star Shaped Glasses,Round Glass
Steel Blue,Fossil Vivet Shell,Green,Wink,Flame Tee,Slicked Back,Star Shaped Glasses,Odd Shape Cup
Steel Blue,Basic Shell Blue,Green,Charming,Pigeon Tee,Dreadlocks,Gold Round Frame Glasses,Green Mug
Light Green,Mushroom Shell,Green,Kawaii,Baseball Jacket,Short Spiky Red,None,Round Glass
Steel Blue,Basic Shell Pink,Green,Wink,Sailor Suit,Hopter,Gold Round Frame Glasses,Espresso Cup
Purple Grey,Basic Shell Blue,Green,Charming,Burning Logo White Tee,Side Parting,Long Beard,Cookie Cup
Light Grey,Basic Shell Pink,Green,Charming,Grey Palette Sweater,Short Spiky Red,Bubble Gum,Wooden Cup
Light Sea,Basic Shell Pink,Green,Wink,Zodiac Tee,Side Parting,None,Green Label Takeaway
Light Grey,Triangle Armor Shell,Green,Charming,Triangle Yellow Sweater,Medium Length,Gold Round Frame Glasses,Odd Shape Cup
Steel Blue,Basic Shell Yellow,Green,Obsessed,Tee with Bull,Buzzcut,Bubble Gum,Green Mug
Steel Blue,Basic Shell Grey,Green,Obsessed,Tee with Bear,Slicked Back,None,Iced Coffee Takeaway
Wheat,Basic Shell Yellow,Green,Wink,Flame Tee,Short Spiky Red,Long Beard,Espresso Cup
Steel Blue,Mushroom Shell,Green,Charming,Stripped Tee,Headphone,None,Crema Latte Cup
Lavender,Basic Shell Blue,Green,Naughty,Zodiac Tee,Medium Length,Bubble Gum,Wooden Cup
Lavender,Basic Shell Blue,Green,Charming,Crema Sweater Landscape,Short Spiky Red,Bubble Gum,Odd Shape Cup
Burly Wood,Basic Shell Blue,Green,Calm,Tree Casual Shirt,Medium Length,Long Beard,High Glass
Steel Blue,Scale Armor Shell,Green,Naughty,Green Sweater,Short Spiky Red,Star Shaped Glasses,Wooden Cup
Light Blue,Basic Shell Yellow,Green,Relaxed,Red Hoodie,Bunny Ears,None,Round Glass
Light Blue,Triangle Armor Shell,Green,Calm,Khaki Tee with Pocket,Side Parting,Bubble Gum,Wooden Cup
Lavender,Basic Shell Grey,Green,Relaxed,Pigeon Tee,Short Spiky Red,Gold Round Frame Glasses,Transparent Latte Cup
Light Green,Basic Shell Green,Green,Naughty,Tee with Bull,Dreadlocks,Gold Round Frame Glasses,Snow Top Coffee
Wheat,Scale Armor Shell,Green,Naughty,Grey Short Sleeve Shirt,Punk,Star Shaped Glasses,Espresso Cup
Light Grey,Basic Shell Green,Green,Wink,Burning Logo White Tee,Baseball Cap,Gold Round Frame Glasses,Blue Label Takeaway
Lavender,Mushroom Shell,Green,Calm,White Outer Shirt,Bunny Ears,None,Cookie Cup
Wheat,Triangle Armor Shell,Green,Calm,Khaki Outer Shirt,Bunny Ears,Gold Round Frame Glasses,Cookie Cup
Purple Grey,Basic Shell Green,Green,Naughty,Peace Tee,Hopter,None,Transparent Latte Cup
Purple Grey,Scale Armor Shell,Green,Obsessed,Rivet Jacket,none,Long Beard,Keep Cup
Burly Wood,Triangle Armor Shell,Green,Charming,B&W Contrast Sweater,Slicked Back,Star Shaped Glasses,High Glass
Burly Wood,Polygon Armor Shell,Green,Kawaii,Tee with Bull,Mohawk,None,Round Glass
Purple Grey,Triangle Armor Shell,Green,Obsessed,Tree Casual Shirt,Snape,Long Beard,Snow Top Coffee
Steel Blue,Basic Shell Yellow,Green,Charming,Skull Brand Tee B,none,Star Shaped Glasses,Thermos Cup
Light Grey,Basic Shell Blue,Green,Kawaii,B&W Contrast Sweater,Headphone,Star Shaped Glasses,Blue Label Takeaway
Burly Wood,Sawtooth Armor Shell,Green,Calm,Tee with Bull,Buzzcut,None,Odd Shape Cup
Light Blue,Scale Armor Shell,Green,Relaxed,B&W Contrast Sweater,Thin & Short,Star Shaped Glasses,Blue Mug
Purple Grey,Triangle Armor Shell,Green,Relaxed,B&W Contrast Sweater,Headphone,Long Beard,Blue Mug
Burly Wood,Basic Shell Grey,Green,Relaxed,Crema Sweater B&O,Medium Length,Bubble Gum,Round Glass
Burly Wood,Mushroom Shell,Green,Kawaii,Tee with Smiley,Hopter,Bubble Gum,Cyberpunk Cup
Light Blue,Basic Shell Blue,Green,Kawaii,Baseball Jacket,Buzzcut,Gold Round Frame Glasses,Iced Coffee Takeaway
Light Grey,Polygon Armor Shell,Green,Kawaii,Khaki Outer Shirt,Dreadlocks,Long Beard,Round Glass
Steel Blue,Polygon Armor Shell,Green,Naughty,Stripped Tee,Baseball Cap,Long Beard,Cookie Cup
Wheat,Sawtooth Armor Shell,Green,Charming,Peace Tee,none,None,High Glass
Light Blue,Basic Shell Green,Green,Relaxed,Skull Brand Tee A,Side Parting,Star Shaped Glasses,Cookie Cup
Burly Wood,Fossil Vivet Shell,Green,Kawaii,Baseball Jacket,Thin & Short,Long Beard,Wooden Cup
Light Blue,Basic Shell Pink,Green,Calm,Grey Blue Suit,Snape,Bubble Gum,Crema Latte Cup
Light Grey,Basic Shell Pink,Green,Relaxed,Triangle Yellow Sweater,Hopter,Star Shaped Glasses,Blue Mug
Purple Grey,Basic Shell Pink,Green,Wink,Green Sweater,Mohawk,Long Beard,Iced Coffee Takeaway
Light Green,Basic Shell Grey,Green,Relaxed,B&W Contrast Sweater,Side Parting,Gold Round Frame Glasses,Thermos Cup
Burly Wood,Scale Armor Shell,Green,Obsessed,B&W Contrast Sweater,Side Parting,None,Purple Mug
Wheat,Basic Shell Grey,Green,Kawaii,Striped Outer Shirt,Baseball Cap,Star Shaped Glasses,Blue Mug
Burly Wood,Basic Shell Yellow,Green,Obsessed,B&W Contrast Sweater,Medium Length,Star Shaped Glasses,Cookie Cup
Steel Blue,Basic Shell Pink,Green,Obsessed,Baseball Jacket,Hopter,Long Beard,Purple Mug
Steel Blue,Triangle Armor Shell,Green,Kawaii,Sailor Suit,Baseball Cap,None,Purple Mug
Burly Wood,Triangle Armor Shell,Green,Kawaii,Cactus Tee,Mohawk,Star Shaped Glasses,Cyberpunk Cup
Light Sea,Fossil Vivet Shell,Green,Calm,Animal Emoji Sweater,Headphone,Star Shaped Glasses,Thermos Cup
Purple Grey,Polygon Armor Shell,Green,Wink,Crema Sweater Landscape,Dreadlocks,Gold Round Frame Glasses,Iced Coffee Takeaway
Light Green,Polygon Armor Shell,Green,Relaxed,Burning Logo White Tee,Short Spiky Red,None,Round Glass
Burly Wood,Mushroom Shell,Green,Wink,B&W Contrast Sweater,Medium Length,Bubble Gum,Green Label Takeaway
Purple Grey,Basic Shell Blue,Green,Obsessed,Red Hoodie,Bandana,Gold Round Frame Glasses,Odd Shape Cup
Light Sea,Fossil Vivet Shell,Green,Calm,Green Sweater,Medium Length,Star Shaped Glasses,Odd Shape Cup
Light Sea,Basic Shell Pink,Green,Relaxed,Red Patterned Sweater,Short Spiky Red,Long Beard,Crema Latte Cup
Steel Blue,Triangle Armor Shell,Green,Calm,B&W Contrast Sweater,Baseball Cap,None,Cookie Cup
Light Sea,Basic Shell Yellow,Green,Charming,Overalls,Headphone,Gold Round Frame Glasses,High Glass
Light Green,Sawtooth Armor Shell,Green,Naughty,B&W Contrast Sweater,Dreadlocks,Star Shaped Glasses,Espresso Cup
Light Grey,Triangle Armor Shell,Green,Naughty,Grey Palette Sweater,Short Spiky Red,Star Shaped Glasses,Cookie Cup
Light Green,Basic Shell Yellow,Green,Naughty,Striped Outer Shirt,Bunny Ears,Star Shaped Glasses,Keep Cup
Wheat,Fossil Vivet Shell,Green,Charming,Chess Board Tee,Buzzcut,Star Shaped Glasses,Cyberpunk Cup
Steel Blue,Basic Shell Blue,Green,Calm,Tee with Smiley,Buzzcut,Bubble Gum,Transparent Latte Cup
Burly Wood,Basic Shell Grey,Green,Wink,Turtleneck Hoodie,Side Parting,Gold Round Frame Glasses,Horn Cup
Light Sea,Basic Shell Pink,Green,Relaxed,Leaf Casual Shirt,Medium Length,Star Shaped Glasses,Odd Shape Cup
Wheat,Basic Shell Pink,Green,Calm,Tee with Bull,Side Parting,Bubble Gum,Cyberpunk Cup
Light Sea,Basic Shell Grey,Green,Kawaii,Zodiac Tee,none,Bubble Gum,Blue Mug
Light Green,Scale Armor Shell,Green,Calm,Chess Board Tee,Bandana,Star Shaped Glasses,Transparent Latte Cup
Light Green,Basic Shell Yellow,Green,Naughty,Grey Palette Sweater,Headphone,Long Beard,Blue Mug
Wheat,Fossil Vivet Shell,Green,Naughty,Apron,Headphone,Long Beard,Odd Shape Cup
Light Green,Basic Shell Blue,Green,Calm,Crema Sweater Landscape,Short Spiky Red,Long Beard,Cyberpunk Cup
Lavender,Scale Armor Shell,Green,Charming,Film Photo Tee,Slicked Back,Long Beard,Cyberpunk Cup
Light Grey,Basic Shell Blue,Green,Charming,Tee with Bull,Slicked Back,Long Beard,Keep Cup
Burly Wood,Basic Shell Green,Green,Relaxed,Grey Tee,Three Hairs,Gold Round Frame Glasses,Horn Cup
Steel Blue,Basic Shell Green,Green,Obsessed,Rivet Jacket,Dreadlocks,Star Shaped Glasses,Blue Label Takeaway
Burly Wood,Basic Shell Blue,Green,Charming,Grey Palette Sweater,Thin & Short,None,Transparent Latte Cup
Purple Grey,Scale Armor Shell,Green,Calm,Grey Palette Sweater,Bunny Ears,Bubble Gum,High Glass
Light Blue,Scale Armor Shell,Green,Kawaii,Tee with Bear,Mohawk,Long Beard,Green Label Takeaway
Light Green,Basic Shell Blue,Green,Naughty,Overalls,Headphone,Star Shaped Glasses,Wooden Cup
Light Sea,Basic Shell Green,Green,Obsessed,Triangle Yellow Sweater,Medium Length,None,Espresso Cup
Light Blue,Basic Shell Pink,Green,Kawaii,Flame Tee,Hopter,Long Beard,Odd Shape Cup
Light Blue,Polygon Armor Shell,Green,Obsessed,B&W Contrast Sweater,Dreadlocks,None,Blue Label Takeaway
Purple Grey,Basic Shell Blue,Green,Charming,Turtleneck Sweater,Reggae,Gold Round Frame Glasses,Wooden Cup
Purple Grey,Fossil Vivet Shell,Green,Charming,Baseball Jacket,Slicked Back,Gold Round Frame Glasses,Cookie Cup
Wheat,Basic Shell Grey,Green,Relaxed,B&W Contrast Sweater,Slicked Back,None,Espresso Cup
Steel Blue,Basic Shell Green,Green,Wink,Astronaut Tee,Thin & Short,Star Shaped Glasses,Horn Cup
Light Green,Triangle Armor Shell,Green,Charming,Skull Brand Tee B,Side Parting,None,Crema Latte Cup
Light Grey,Basic Shell Grey,Green,Obsessed,Astronaut Tee,Side Parting,Bubble Gum,Snow Top Coffee
Light Blue,Fossil Vivet Shell,Green,Relaxed,Peace Tee,Short Spiky Red,None,Wooden Cup
Lavender,Basic Shell Pink,Green,Wink,Leaf Casual Shirt,Thin & Short,Long Beard,Blue Label Takeaway
Wheat,Basic Shell Green,Green,Kawaii,Zodiac Tee,Headphone,Gold Round Frame Glasses,High Glass
Light Sea,Basic Shell Blue,Green,Naughty,Baseball Jacket,Headphone,Gold Round Frame Glasses,Iced Coffee Takeaway
Wheat,Basic Shell Grey,Green,Kawaii,Skull Brand Tee B,Punk,Gold Round Frame Glasses,Snow Top Coffee
Light Green,Fossil Vivet Shell,Green,Naughty,Green Sweater,Headphone,Long Beard,Snow Top Coffee
Steel Blue,Basic Shell Blue,Green,Obsessed,Triangle Yellow Sweater,Medium Length,Star Shaped Glasses,Iced Coffee Takeaway
Lavender,Basic Shell Blue,Green,Kawaii,Overalls,Hopter,Bubble Gum,Green Mug
Steel Blue,Fossil Vivet Shell,Green,Kawaii,Grey Blue Suit,Short Spiky Red,Bubble Gum,High Glass
Light Blue,Sawtooth Armor Shell,Green,Kawaii,Grey Short Sleeve Shirt,Buzzcut,Long Beard,Striped Latte Cup
Light Grey,Basic Shell Yellow,Green,Kawaii,Striped Outer Shirt,Slicked Back,Bubble Gum,Cyberpunk Cup
Light Green,Basic Shell Green,Green,Charming,Flame Tee,Dreadlocks,Bubble Gum,Green Label Takeaway
Light Green,Sawtooth Armor Shell,Green,Kawaii,Peace Tee,Mohawk,Gold Round Frame Glasses,Keep Cup
Light Grey,Scale Armor Shell,Green,Naughty,Basketball Jersey,Dreadlocks,None,Green Label Takeaway
Lavender,Basic Shell Grey,Green,Wink,Chequered Shirt,One Eyed Look,Bubble Gum,Iced Coffee Takeaway
Lavender,Basic Shell Blue,Green,Relaxed,Peace Tee,Headphone,Gold Round Frame Glasses,Horn Cup
Light Grey,Basic Shell Blue,Green,Charming,B&W Contrast Sweater,Hopter,Bubble Gum,Takeaway Cup
Light Grey,Scale Armor Shell,Green,Naughty,Burning Logo White Tee,Slicked Back,Gold Round Frame Glasses,Cookie Cup
Steel Blue,Basic Shell Green,Green,Charming,Pink Shirt with Pockets,Thin & Short,Long Beard,High Glass
Purple Grey,Triangle Armor Shell,Green,Charming,Grey Blue Suit,Side Parting,Gold Round Frame Glasses,High Glass
Light Grey,Mushroom Shell,Green,Charming,Overalls,Short Spiky Red,Gold Round Frame Glasses,Thermos Cup
Light Grey,Fossil Vivet Shell,Green,Wink,Grey Short Sleeve Shirt,Mohawk,Bubble Gum,Cyberpunk Cup
Steel Blue,Fossil Vivet Shell,Green,Kawaii,Striped Block Tee,Slicked Back,Long Beard,Iced Coffee Takeaway
Light Blue,Scale Armor Shell,Green,Wink,Turtleneck Sweater,Dreadlocks,Gold Round Frame Glasses,Takeaway Cup
Light Grey,Basic Shell Grey,Green,Naughty,Grey Short Sleeve Shirt,Headphone,Gold Round Frame Glasses,Striped Latte Cup
Purple Grey,Polygon Armor Shell,Green,Kawaii,Red Hoodie,Snape,None,Round Glass
Light Blue,Basic Shell Grey,Green,Kawaii,Tee with Bull,Buzzcut,Long Beard,Round Glass
Lavender,Sawtooth Armor Shell,Green,Naughty,Skull Brand Tee A,Hopter,Star Shaped Glasses,Takeaway Cup
Lavender,Basic Shell Yellow,Green,Kawaii,Red Patterned Sweater,none,Gold Round Frame Glasses,Takeaway Cup
Light Sea,Basic Shell Yellow,Green,Naughty,Turtleneck Sweater,Medium Length,Bubble Gum,Blue Label Takeaway
Burly Wood,Fossil Vivet Shell,Green,Charming,Mist Square Tee,Short Spiky Red,Gold Round Frame Glasses,Transparent Latte Cup
Purple Grey,Fossil Vivet Shell,Green,Charming,Animal Emoji Sweater,Baseball Cap,Long Beard,Purple Mug
Burly Wood,Basic Shell Blue,Green,Relaxed,Red Patterned Sweater,Bunny Ears,Bubble Gum,Takeaway Cup
Light Blue,Basic Shell Green,Green,Relaxed,Zodiac Tee,Slicked Back,None,Cookie Cup
Purple Grey,Polygon Armor Shell,Green,Relaxed,Zodiac Tee,Headphone,Bubble Gum,Round Glass
Lavender,Triangle Armor Shell,Green,Kawaii,Pigeon Tee,Dreadlocks,Bubble Gum,Green Mug
Lavender,Mushroom Shell,Green,Charming,Flower Casual Shirt,Slicked Back,Gold Round Frame Glasses,Takeaway Cup
Purple Grey,Triangle Armor Shell,Green,Obsessed,Grey Tee,Thin & Short,None,Thermos Cup
Wheat,Basic Shell Blue,Green,Calm,Crema Sweater B&O,Side Parting,Gold Round Frame Glasses,Cyberpunk Cup
Burly Wood,Basic Shell Pink,Green,Charming,Stripped Tee,One Eyed Look,Star Shaped Glasses,Takeaway Cup
Purple Grey,Basic Shell Blue,Green,Kawaii,Red Patterned Sweater,Slicked Back,None,Green Label Takeaway
Burly Wood,Basic Shell Yellow,Green,Calm,Striped Block Tee,Mohawk,Long Beard,Purple Mug
Purple Grey,Polygon Armor Shell,Green,Wink,Khaki Tee with Pocket,Mohawk,Bubble Gum,Purple Mug
Light Grey,Sawtooth Armor Shell,Green,Relaxed,Burning Logo Black Tee,Dreadlocks,Star Shaped Glasses,Snow Top Coffee
Light Green,Basic Shell Yellow,Green,Charming,Sailor Suit,Dreadlocks,Star Shaped Glasses,Crema Latte Cup
Purple Grey,Fossil Vivet Shell,Green,Calm,Striped Outer Shirt,Bunny Ears,Bubble Gum,Iced Coffee Takeaway
Burly Wood,Basic Shell Yellow,Green,Naughty,Sailor Suit,Side Parting,None,Iced Coffee Takeaway
Steel Blue,Sawtooth Armor Shell,Green,Obsessed,Striped Block Tee,Headphone,None,Green Mug
Light Blue,Polygon Armor Shell,Green,Kawaii,Stripped Tee,Headphone,Bubble Gum,Thermos Cup
Burly Wood,Basic Shell Green,Green,Relaxed,Skull Brand Tee B,Headphone,Bubble Gum,Espresso Cup
Light Grey,Scale Armor Shell,Green,Calm,Striped Outer Shirt,Medium Length,Gold Round Frame Glasses,Crema Latte Cup
Light Green,Basic Shell Pink,Green,Obsessed,Comet Brand Tee,Slicked Back,Star Shaped Glasses,Espresso Cup
Lavender,Basic Shell Pink,Green,Charming,Striped Block Tee,Bunny Ears,Long Beard,Crema Latte Cup
Steel Blue,Triangle Armor Shell,Green,Relaxed,Striped Outer Shirt,Hopter,Gold Round Frame Glasses,Iced Coffee Takeaway
Purple Grey,Polygon Armor Shell,Green,Relaxed,Crema Sweater B&O,Baseball Cap,Bubble Gum,Cookie Cup
Light Green,Fossil Vivet Shell,Green,Relaxed,Tee with Bear,Headphone,Gold Round Frame Glasses,Round Glass
Wheat,Mushroom Shell,Green,Calm,Triangle Yellow Sweater,Medium Length,None,High Glass
Light Sea,Basic Shell Grey,Green,Naughty,Grey Blue Suit,Slicked Back,None,Horn Cup
Light Sea,Basic Shell Pink,Green,Kawaii,Cactus Tee,Short Spiky Red,Gold Round Frame Glasses,Purple Mug
Steel Blue,Basic Shell Yellow,Green,Relaxed,Burning Logo White Tee,Slicked Back,None,Blue Mug
Steel Blue,Triangle Armor Shell,Green,Naughty,Grey Tee,Headphone,Bubble Gum,Cookie Cup
Light Blue,Scale Armor Shell,Green,Relaxed,Turtleneck Sweater,Side Parting,Bubble Gum,Striped Latte Cup
Lavender,Basic Shell Pink,Green,Kawaii,Triangle Yellow Sweater,Hopter,Bubble Gum,Cyberpunk Cup
Light Green,Polygon Armor Shell,Green,Charming,Chess Board Tee,Snape,None,Blue Label Takeaway
Lavender,Basic Shell Pink,Green,Obsessed,Triangle Yellow Sweater,Hopter,None,Round Glass
Light Blue,Sawtooth Armor Shell,Green,Calm,Chess Board Tee,Side Parting,None,Blue Mug
Light Blue,Mushroom Shell,Green,Kawaii,Striped Square Tee,Headphone,Star Shaped Glasses,Snow Top Coffee
Light Grey,Basic Shell Pink,Green,Naughty,Mist Square Tee,Bunny Ears,None,Blue Label Takeaway
Light Green,Sawtooth Armor Shell,Green,Naughty,Animal Emoji Sweater,Headphone,Star Shaped Glasses,Round Glass
Light Sea,Basic Shell Green,Green,Calm,Chequered Shirt,Thin & Short,Long Beard,Horn Cup
Burly Wood,Polygon Armor Shell,Green,Obsessed,Flower Casual Shirt,Side Parting,Bubble Gum,Takeaway Cup
Burly Wood,Polygon Armor Shell,Green,Kawaii,Cactus Tee,Side Parting,Long Beard,Espresso Cup
Light Blue,Basic Shell Pink,Green,Kawaii,Tee with Bear,Mohawk,Gold Round Frame Glasses,Snow Top Coffee
Purple Grey,Mushroom Shell,Green,Kawaii,Comet Brand Tee,Baseball Cap,Gold Round Frame Glasses,Horn Cup
Light Green,Fossil Vivet Shell,Green,Calm,Flame Tee,none,None,Green Label Takeaway
Light Grey,Scale Armor Shell,Green,Kawaii,Film Photo Tee,Headphone,Gold Round Frame Glasses,Espresso Cup
Light Sea,Basic Shell Yellow,Green,Wink,Striped Outer Shirt,Hopter,Star Shaped Glasses,Transparent Latte Cup
Lavender,Basic Shell Yellow,Green,Kawaii,Baseball Jacket,Medium Length,Bubble Gum,Blue Mug
Wheat,Basic Shell Green,Green,Naughty,Astronaut Tee,Buzzcut,Gold Round Frame Glasses,High Glass
Burly Wood,Basic Shell Grey,Green,Charming,B&W Contrast Sweater,Cap on Backwards,Gold Round Frame Glasses,Crema Latte Cup
Wheat,Basic Shell Green,Green,Kawaii,Tree Casual Shirt,Buzzcut,Long Beard,Round Glass
Burly Wood,Sawtooth Armor Shell,Green,Calm,Basketball Jersey,One Eyed Look,Star Shaped Glasses,Keep Cup
Burly Wood,Polygon Armor Shell,Green,Calm,Stripped Tee,Slicked Back,Long Beard,Blue Label Takeaway
Lavender,Basic Shell Grey,Green,Calm,Turtleneck Sweater,Thin & Short,Gold Round Frame Glasses,Purple Mug
Light Green,Fossil Vivet Shell,Green,Relaxed,Animal Emoji Sweater,Hopter,None,Green Label Takeaway
Light Blue,Basic Shell Green,Green,Obsessed,Skull Brand Tee B,Medium Length,Gold Round Frame Glasses,Wooden Cup
Burly Wood,Polygon Armor Shell,Green,Charming,Peace Tee,Slicked Back,None,Cyberpunk Cup
Wheat,Polygon Armor Shell,Green,Wink,Red Patterned Sweater,Short Spiky Red,Star Shaped Glasses,Keep Cup
Light Sea,Basic Shell Green,Green,Kawaii,Zodiac Tee,Mohawk,Bubble Gum,Cookie Cup
Wheat,Sawtooth Armor Shell,Green,Wink,Grey Blue Suit,Buzzcut,Star Shaped Glasses,Striped Latte Cup
Burly Wood,Basic Shell Grey,Green,Wink,Comet Brand Tee,Side Parting,Gold Round Frame Glasses,Striped Latte Cup
Wheat,Basic Shell Yellow,Green,Charming,Khaki Tee with Pocket,Short Spiky Red,Long Beard,Purple Mug
Steel Blue,Sawtooth Armor Shell,Green,Kawaii,Red Hoodie,Buzzcut,Star Shaped Glasses,Thermos Cup
Light Sea,Basic Shell Blue,Green,Naughty,Film Photo Tee,Headphone,None,Transparent Latte Cup
Steel Blue,Polygon Armor Shell,Green,Naughty,Burning Logo Black Tee,Medium Length,None,Horn Cup
Light Sea,Mushroom Shell,Green,Wink,Khaki Tee with Pocket,Buzzcut,Bubble Gum,Takeaway Cup
Light Green,Mushroom Shell,Green,Wink,Tee with Smiley,Short Spiky Red,Gold Round Frame Glasses,Wooden Cup
Steel Blue,Triangle Armor Shell,Green,Naughty,Zodiac Tee,Dreadlocks,Gold Round Frame Glasses,Horn Cup
Steel Blue,Fossil Vivet Shell,Green,Calm,Grey Blue Suit,Thin & Short,None,Keep Cup
Light Green,Mushroom Shell,Green,Kawaii,Pigeon Tee,none,Gold Round Frame Glasses,Keep Cup
Light Green,Polygon Armor Shell,Green,Kawaii,Khaki Outer Shirt,Medium Length,Bubble Gum,Espresso Cup
Light Grey,Fossil Vivet Shell,Green,Kawaii,Tee with Bull,Baseball Cap,None,Cyberpunk Cup
Light Grey,Fossil Vivet Shell,Green,Obsessed,Red Hoodie,Mohawk,Star Shaped Glasses,Takeaway Cup
Light Grey,Basic Shell Pink,Green,Obsessed,Striped Block Tee,Thin & Short,Long Beard,Blue Label Takeaway
Light Blue,Sawtooth Armor Shell,Green,Charming,Grey Tee,Thin & Short,Long Beard,Blue Mug
Steel Blue,Scale Armor Shell,Green,Obsessed,Red Hoodie,Side Parting,Gold Round Frame Glasses,Green Label Takeaway
Light Grey,Basic Shell Grey,Green,Kawaii,Green Sweater,Medium Length,Gold Round Frame Glasses,Green Mug
Wheat,Basic Shell Green,Green,Relaxed,Khaki Outer Shirt,Dreadlocks,None,Takeaway Cup
Purple Grey,Basic Shell Grey,Green,Kawaii,Tee with Bull,Headphone,Long Beard,Keep Cup
Burly Wood,Polygon Armor Shell,Green,Relaxed,Khaki Outer Shirt,none,None,Blue Label Takeaway
Purple Grey,Sawtooth Armor Shell,Green,Obsessed,Baseball Jacket,none,Long Beard,Green Mug
Lavender,Mushroom Shell,Green,Charming,Astronaut Tee,Slicked Back,Gold Round Frame Glasses,Green Label Takeaway
Lavender,Polygon Armor Shell,Green,Charming,Tee with Smiley,Short Spiky Red,Gold Round Frame Glasses,Odd Shape Cup
Lavender,Basic Shell Green,Green,Relaxed,Chess Board Tee,Bunny Ears,Bubble Gum,Takeaway Cup
Light Sea,Polygon Armor Shell,Green,Obsessed,Pigeon Tee,Three Hairs,Long Beard,Iced Coffee Takeaway
Wheat,Polygon Armor Shell,Green,Wink,Tree Casual Shirt,Buzzcut,Bubble Gum,Odd Shape Cup
Lavender,Basic Shell Pink,Green,Obsessed,Basketball Jersey,Headphone,Gold Round Frame Glasses,Thermos Cup
Lavender,Basic Shell Blue,Green,Wink,B&W Contrast Sweater,Side Parting,Star Shaped Glasses,Iced Coffee Takeaway
Light Sea,Basic Shell Blue,Green,Calm,Rivet Jacket,Thin & Short,Gold Round Frame Glasses,Blue Mug
Steel Blue,Basic Shell Green,Green,Wink,Apron,Short Spiky Red,Gold Round Frame Glasses,Wooden Cup
Steel Blue,Mushroom Shell,Green,Calm,Basketball Jersey,Headphone,Long Beard,Takeaway Cup
Burly Wood,Basic Shell Blue,Green,Charming,Film Photo Tee,Buzzcut,Star Shaped Glasses,Striped Latte Cup
Wheat,Basic Shell Pink,Green,Calm,Ripped Tee,Reggae,Bubble Gum,High Glass
Wheat,Polygon Armor Shell,Green,Charming,Tee with Bull,Slicked Back,Star Shaped Glasses,Wooden Cup
Wheat,Basic Shell Yellow,Green,Naughty,Grey Tee,Dreadlocks,Long Beard,Transparent Latte Cup
Light Blue,Basic Shell Pink,Green,Obsessed,Animal Emoji Sweater,Just Trimmed,Long Beard,Purple Mug
Wheat,Basic Shell Yellow,Green,Relaxed,Flame Tee,Side Parting,Gold Round Frame Glasses,Takeaway Cup
Burly Wood,Scale Armor Shell,Green,Relaxed,Animal Emoji Sweater,Hopter,Bubble Gum,Takeaway Cup
Light Sea,Triangle Armor Shell,Green,Wink,Red Patterned Sweater,Baseball Cap,None,Wooden Cup
Light Grey,Fossil Vivet Shell,Green,Calm,Animal Emoji Sweater,Mohawk,Bubble Gum,Keep Cup
Light Blue,Basic Shell Yellow,Green,Relaxed,Green Sweater,Snape,Star Shaped Glasses,Blue Label Takeaway
Wheat,Polygon Armor Shell,Green,Wink,Chess Board Tee,Side Parting,Long Beard,Snow Top Coffee
Light Grey,Basic Shell Pink,Green,Wink,Basketball Jersey,Buzzcut,Star Shaped Glasses,Keep Cup
Wheat,Scale Armor Shell,Green,Kawaii,Turtleneck Sweater,Bandana,Gold Round Frame Glasses,Transparent Latte Cup
Steel Blue,Triangle Armor Shell,Green,Relaxed,Chess Board Tee,Dreadlocks,Long Beard,Wooden Cup
Wheat,Basic Shell Green,Green,Charming,Turtleneck Hoodie,Side Parting,Bubble Gum,Round Glass
Purple Grey,Sawtooth Armor Shell,Green,Naughty,Triangle Yellow Sweater,Bunny Ears,Star Shaped Glasses,Blue Mug
Lavender,Fossil Vivet Shell,Green,Calm,B&W Contrast Sweater,Headphone,Long Beard,Takeaway Cup
Wheat,Polygon Armor Shell,Green,Naughty,Skull Brand Tee A,Dreadlocks,Bubble Gum,Crema Latte Cup
Burly Wood,Scale Armor Shell,Green,Charming,Tee with Smiley,none,Bubble Gum,Keep Cup
Light Green,Basic Shell Yellow,Green,Charming,Crema Sweater Landscape,Side Parting,Gold Round Frame Glasses,Transparent Latte Cup
Light Grey,Polygon Armor Shell,Green,Obsessed,Camouflage Tee,Dreadlocks,None,Iced Coffee Takeaway
Steel Blue,Triangle Armor Shell,Green,Charming,Tree Casual Shirt,none,Gold Round Frame Glasses,Transparent Latte Cup
Wheat,Mushroom Shell,Green,Naughty,Burning Logo White Tee,Side Parting,Bubble Gum,Round Glass
Lavender,Basic Shell Blue,Green,Relaxed,B&W Contrast Sweater,Bunny Ears,Gold Round Frame Glasses,Takeaway Cup
Light Grey,Basic Shell Blue,Green,Charming,Grey Blue Suit,Reggae,Star Shaped Glasses,Iced Coffee Takeaway
Lavender,Basic Shell Blue,Green,Relaxed,Red Hoodie,Three Hairs,Gold Round Frame Glasses,High Glass
Light Grey,Fossil Vivet Shell,Green,Naughty,Crema Sweater Landscape,Headphone,Long Beard,Green Label Takeaway
Lavender,Basic Shell Yellow,Green,Wink,Triangle Yellow Sweater,Headphone,None,Green Label Takeaway
Burly Wood,Mushroom Shell,Green,Obsessed,Red Hoodie,Headphone,Long Beard,Transparent Latte Cup
Light Sea,Mushroom Shell,Green,Kawaii,Grey Tee,Thin & Short,Long Beard,Wooden Cup
Light Sea,Mushroom Shell,Green,Charming,Red Patterned Sweater,Bunny Ears,Bubble Gum,Takeaway Cup
Light Sea,Basic Shell Blue,Green,Naughty,Red Patterned Sweater,Medium Length,Gold Round Frame Glasses,Striped Latte Cup
Light Sea,Fossil Vivet Shell,Green,Calm,Red Patterned Sweater,Baseball Cap,None,Cookie Cup
Lavender,Polygon Armor Shell,Green,Charming,Chess Board Tee,Baseball Cap,Long Beard,Odd Shape Cup
Wheat,Polygon Armor Shell,Green,Naughty,Animal Emoji Sweater,Side Parting,Bubble Gum,High Glass
Burly Wood,Basic Shell Pink,Green,Kawaii,Tee with Smiley,Thin & Short,Bubble Gum,Transparent Latte Cup
Burly Wood,Fossil Vivet Shell,Green,Obsessed,White Outer Shirt,Hopter,Long Beard,Wooden Cup
Burly Wood,Triangle Armor Shell,Green,Kawaii,Overalls,none,Long Beard,Transparent Latte Cup
Light Blue,Sawtooth Armor Shell,Green,Naughty,Skull Brand Tee A,Slicked Back,Bubble Gum,Green Label Takeaway
Light Sea,Fossil Vivet Shell,Green,Wink,Pink Shirt with Pockets,Buzzcut,None,Espresso Cup
Purple Grey,Fossil Vivet Shell,Green,Kawaii,Overalls,Side Parting,Gold Round Frame Glasses,Odd Shape Cup
Wheat,Basic Shell Pink,Green,Kawaii,Leaf Casual Shirt,Three Hairs,Gold Round Frame Glasses,Wooden Cup
Lavender,Basic Shell Blue,Green,Calm,Grey Blue Suit,Baseball Cap,Bubble Gum,Wooden Cup
Light Sea,Scale Armor Shell,Green,Calm,Red Hoodie,Short Spiky Red,Long Beard,Takeaway Cup
Lavender,Basic Shell Blue,Green,Relaxed,Flame Tee,Side Parting,Star Shaped Glasses,Green Label Takeaway
Light Sea,Basic Shell Green,Green,Wink,Overalls,Short Spiky Red,None,Crema Latte Cup
Steel Blue,Scale Armor Shell,Green,Kawaii,Chequered Shirt,Three Hairs,None,Crema Latte Cup
Light Sea,Basic Shell Grey,Green,Calm,Tee with Smiley,Bunny Ears,Star Shaped Glasses,Cookie Cup
Purple Grey,Mushroom Shell,Green,Calm,Flower Casual Shirt,Three Hairs,Long Beard,Thermos Cup
Lavender,Basic Shell Green,Green,Obsessed,Flame Tee,Baseball Cap,Gold Round Frame Glasses,Thermos Cup
Light Grey,Basic Shell Yellow,Green,Charming,Chequered Shirt,Thin & Short,Long Beard,Cookie Cup
Light Sea,Basic Shell Pink,Green,Calm,Camouflage Tee,Short Spiky Red,Gold Round Frame Glasses,Snow Top Coffee
Purple Grey,Basic Shell Blue,Green,Naughty,Apron,Headphone,Long Beard,Horn Cup
Light Blue,Basic Shell Green,Green,Charming,Striped Outer Shirt,Side Parting,Star Shaped Glasses,Snow Top Coffee
Burly Wood,Sawtooth Armor Shell,Green,Calm,Peace Tee,Side Parting,Bubble Gum,Round Glass
Steel Blue,Mushroom Shell,Green,Calm,Flower Casual Shirt,Medium Length,Gold Round Frame Glasses,Takeaway Cup
Steel Blue,Basic Shell Green,Green,Kawaii,Overalls,Slicked Back,None,Crema Latte Cup
Light Sea,Triangle Armor Shell,Green,Naughty,Stripped Tee,Bunny Ears,Gold Round Frame Glasses,Purple Mug
Light Green,Mushroom Shell,Green,Charming,Baseball Jacket,Side Parting,Long Beard,Striped Latte Cup
Purple Grey,Fossil Vivet Shell,Green,Calm,Grey Blue Suit,Dreadlocks,None,Snow Top Coffee
Wheat,Basic Shell Yellow,Green,Wink,Flower Casual Shirt,none,Star Shaped Glasses,Thermos Cup
Light Blue,Basic Shell Green,Green,Relaxed,Red Hoodie,Mohawk,Bubble Gum,Wooden Cup
Lavender,Polygon Armor Shell,Green,Charming,Tee with Bear,Hopter,Gold Round Frame Glasses,Striped Latte Cup
Light Green,Basic Shell Blue,Green,Naughty,Khaki Outer Shirt,Thin & Short,None,Purple Mug
Steel Blue,Sawtooth Armor Shell,Green,Obsessed,Flame Tee,Headphone,None,Blue Label Takeaway
Light Green,Basic Shell Green,Green,Kawaii,Camouflage Tee,Dreadlocks,Star Shaped Glasses,Green Mug
Steel Blue,Basic Shell Blue,Green,Obsessed,Turtleneck Sweater,Thin & Short,Star Shaped Glasses,Keep Cup
Light Sea,Fossil Vivet Shell,Green,Obsessed,Tree Casual Shirt,Short Spiky Red,Star Shaped Glasses,Crema Latte Cup
Purple Grey,Basic Shell Yellow,Green,Kawaii,Peace Tee,Hopter,Gold Round Frame Glasses,Snow Top Coffee
Light Grey,Basic Shell Pink,Green,Obsessed,Chess Board Tee,Bunny Ears,None,Cookie Cup
Wheat,Polygon Armor Shell,Green,Relaxed,Grey Palette Sweater,Short Spiky Red,Long Beard,Odd Shape Cup
Purple Grey,Basic Shell Green,Green,Relaxed,B&W Contrast Sweater,Medium Length,Gold Round Frame Glasses,Cookie Cup
Burly Wood,Basic Shell Grey,Green,Charming,Leaf Casual Shirt,Tinfoil Perm,Star Shaped Glasses,Purple Mug
Light Sea,Triangle Armor Shell,Green,Calm,Cactus Tee,Short Spiky Red,None,Transparent Latte Cup
Burly Wood,Basic Shell Blue,Green,Kawaii,Burning Logo White Tee,Just Trimmed,Long Beard,Takeaway Cup
Lavender,Triangle Armor Shell,Green,Kawaii,Astronaut Tee,Reggae,Gold Round Frame Glasses,Wooden Cup
Steel Blue,Basic Shell Grey,Green,Wink,Chequered Shirt,Dreadlocks,Bubble Gum,Horn Cup
Steel Blue,Basic Shell Yellow,Green,Charming,Red Patterned Sweater,Reggae,Gold Round Frame Glasses,Transparent Latte Cup
Steel Blue,Polygon Armor Shell,Green,Wink,Pigeon Tee,Short Spiky Red,None,Takeaway Cup
Lavender,Mushroom Shell,Green,Naughty,Khaki Outer Shirt,Bunny Ears,Bubble Gum,High Glass
Lavender,Sawtooth Armor Shell,Green,Naughty,Turtleneck Hoodie,Baseball Cap,None,Transparent Latte Cup
Light Grey,Fossil Vivet Shell,Green,Obsessed,Skull Brand Tee B,Hopter,Long Beard,Keep Cup
Lavender,Fossil Vivet Shell,Green,Wink,Turtleneck Hoodie,Headphone,Long Beard,Striped Latte Cup
Purple Grey,Basic Shell Yellow,Green,Calm,Khaki Outer Shirt,Side Parting,Bubble Gum,Snow Top Coffee
Steel Blue,Triangle Armor Shell,Green,Obsessed,Striped Outer Shirt,Headphone,Star Shaped Glasses,Striped Latte Cup
Steel Blue,Triangle Armor Shell,Green,Relaxed,Green Sweater,Buzzcut,Bubble Gum,Crema Latte Cup
Light Green,Scale Armor Shell,Green,Naughty,Striped Outer Shirt,Dreadlocks,Long Beard,Purple Mug
Light Sea,Fossil Vivet Shell,Green,Relaxed,Zodiac Tee,Side Parting,Bubble Gum,Transparent Latte Cup
Purple Grey,Basic Shell Yellow,Green,Charming,Grey Blue Suit,Side Parting,Star Shaped Glasses,Crema Latte Cup
Steel Blue,Scale Armor Shell,Green,Calm,Green Sweater,Three Hairs,Long Beard,Green Label Takeaway
Wheat,Basic Shell Pink,Green,Obsessed,Burning Logo White Tee,Hopter,Long Beard,Striped Latte Cup
Lavender,Scale Armor Shell,Green,Wink,Mist Square Tee,Side Parting,None,Espresso Cup
Steel Blue,Mushroom Shell,Green,Naughty,LOL Tee,Dreadlocks,Long Beard,Transparent Latte Cup
Wheat,Basic Shell Yellow,Green,Charming,Cactus Tee,Mohawk,Gold Round Frame Glasses,Odd Shape Cup
Purple Grey,Scale Armor Shell,Green,Naughty,Cactus Tee,Bunny Ears,Star Shaped Glasses,Horn Cup
Purple Grey,Scale Armor Shell,Green,Obsessed,Crema Sweater B&O,Short Spiky Red,Long Beard,Keep Cup
Wheat,Basic Shell Yellow,Green,Charming,Skull Brand Tee A,Dreadlocks,Bubble Gum,Round Glass
Light Sea,Basic Shell Blue,Green,Kawaii,Triangle Yellow Sweater,Headphone,Bubble Gum,Green Label Takeaway
Light Grey,Basic Shell Green,Green,Charming,Red Patterned Sweater,Thin & Short,Bubble Gum,Odd Shape Cup
Wheat,Basic Shell Grey,Green,Calm,Green Sweater,Reggae,None,Blue Label Takeaway
Steel Blue,Basic Shell Grey,Green,Calm,Striped Outer Shirt,none,Star Shaped Glasses,Iced Coffee Takeaway
Purple Grey,Mushroom Shell,Green,Calm,Ripped Tee,Bunny Ears,Gold Round Frame Glasses,Crema Latte Cup
Light Green,Mushroom Shell,Green,Obsessed,Grey Palette Sweater,Mohawk,Gold Round Frame Glasses,Takeaway Cup
Lavender,Sawtooth Armor Shell,Green,Wink,Grey Tee,Slicked Back,Bubble Gum,Wooden Cup
Steel Blue,Mushroom Shell,Green,Calm,Tee with Smiley,Medium Length,Long Beard,Takeaway Cup
Purple Grey,Fossil Vivet Shell,Green,Obsessed,Red Hoodie,Short Spiky Red,Gold Round Frame Glasses,High Glass
Burly Wood,Mushroom Shell,Green,Charming,Red Hoodie,Slicked Back,None,Green Mug
Steel Blue,Fossil Vivet Shell,Green,Calm,Grey Tee,Snape,None,Takeaway Cup
Light Green,Sawtooth Armor Shell,Green,Obsessed,Cactus Tee,Dreadlocks,Star Shaped Glasses,Odd Shape Cup
Wheat,Fossil Vivet Shell,Green,Naughty,Mist Square Tee,Bunny Ears,Bubble Gum,Odd Shape Cup
Light Blue,Fossil Vivet Shell,Green,Naughty,Grey Tee,Bunny Ears,Bubble Gum,Blue Label Takeaway
Wheat,Scale Armor Shell,Green,Calm,Cactus Tee,Just Trimmed,Star Shaped Glasses,High Glass
Lavender,Basic Shell Blue,Green,Obsessed,Comet Brand Tee,Dreadlocks,Gold Round Frame Glasses,Round Glass
Light Sea,Mushroom Shell,Green,Wink,Skull Brand Tee A,Mohawk,Long Beard,Wooden Cup
Light Sea,Mushroom Shell,Green,Kawaii,LOL Tee,Mohawk,None,Espresso Cup
Light Grey,Basic Shell Pink,Green,Kawaii,Mist Square Tee,Mohawk,None,Espresso Cup
Steel Blue,Mushroom Shell,Green,Kawaii,Grey Tee,Buzzcut,Long Beard,Keep Cup
Wheat,Triangle Armor Shell,Green,Relaxed,Astronaut Tee,Headphone,None,Purple Mug
Light Grey,Basic Shell Pink,Green,Obsessed,Striped Outer Shirt,Three Hairs,None,Green Label Takeaway
Burly Wood,Basic Shell Blue,Green,Relaxed,Flower Casual Shirt,Side Parting,Bubble Gum,Striped Latte Cup
Light Sea,Basic Shell Pink,Green,Kawaii,B&W Contrast Sweater,Cap on Backwards,None,Cookie Cup
Light Sea,Polygon Armor Shell,Green,Charming,Tee with Bull,Dreadlocks,Star Shaped Glasses,Odd Shape Cup
Light Blue,Basic Shell Pink,Green,Relaxed,Triangle Yellow Sweater,none,Gold Round Frame Glasses,Round Glass
Light Grey,Basic Shell Green,Green,Wink,Green Sweater,Thin & Short,Long Beard,Blue Label Takeaway
Burly Wood,Polygon Armor Shell,Green,Kawaii,Sailor Suit,Slicked Back,Gold Round Frame Glasses,High Glass
Light Sea,Mushroom Shell,Green,Calm,LOL Tee,Headphone,Long Beard,Espresso Cup
Purple Grey,Basic Shell Grey,Green,Kawaii,Animal Emoji Sweater,Dreadlocks,None,High Glass
Burly Wood,Fossil Vivet Shell,Green,Kawaii,Sailor Suit,Mohawk,Gold Round Frame Glasses,Cookie Cup
Light Green,Scale Armor Shell,Green,Relaxed,Comet Brand Tee,Dreadlocks,Gold Round Frame Glasses,High Glass
Steel Blue,Basic Shell Pink,Green,Charming,Turtleneck Sweater,Dreadlocks,None,Blue Label Takeaway
Burly Wood,Basic Shell Yellow,Green,Charming,Turtleneck Sweater,Short Spiky Red,Star Shaped Glasses,Purple Mug
Purple Grey,Basic Shell Blue,Green,Naughty,Skull Brand Tee B,Baseball Cap,Star Shaped Glasses,Transparent Latte Cup
Light Grey,Basic Shell Yellow,Green,Obsessed,Animal Emoji Sweater,Short Spiky Red,Gold Round Frame Glasses,Green Mug
Steel Blue,Basic Shell Grey,Green,Calm,Red Hoodie,none,Star Shaped Glasses,Blue Mug
Burly Wood,Fossil Vivet Shell,Green,Charming,Grey Palette Sweater,Hopter,Star Shaped Glasses,High Glass
Steel Blue,Polygon Armor Shell,Green,Wink,Skull Brand Tee A,Slicked Back,None,High Glass
Steel Blue,Basic Shell Grey,Green,Kawaii,Red Hoodie,none,Bubble Gum,Odd Shape Cup
Light Grey,Basic Shell Grey,Green,Calm,Triangle Yellow Sweater,Dreadlocks,Long Beard,Green Mug
Lavender,Fossil Vivet Shell,Green,Wink,Skull Brand Tee B,Buzzcut,Star Shaped Glasses,Green Mug
Steel Blue,Basic Shell Blue,Green,Relaxed,Grey Short Sleeve Shirt,Slicked Back,Long Beard,Striped Latte Cup
Light Green,Basic Shell Blue,Green,Relaxed,White Outer Shirt,Baseball Cap,Star Shaped Glasses,Striped Latte Cup
Purple Grey,Basic Shell Pink,Green,Wink,Grey Blue Suit,Dreadlocks,Long Beard,Green Mug
Purple Grey,Fossil Vivet Shell,Green,Kawaii,Tee with Bear,Thin & Short,None,Green Label Takeaway
Light Blue,Basic Shell Grey,Green,Wink,Chess Board Tee,Buzzcut,Star Shaped Glasses,Takeaway Cup
Light Blue,Basic Shell Pink,Green,Kawaii,Green Sweater,Short Spiky Silver,Long Beard,Iced Coffee Takeaway
Light Blue,Basic Shell Blue,Green,Kawaii,Cactus Tee,Thin & Short,Bubble Gum,Blue Label Takeaway
Burly Wood,Triangle Armor Shell,Green,Charming,Khaki Tee with Pocket,Headphone,Bubble Gum,Purple Mug
Light Green,Polygon Armor Shell,Green,Wink,Grey Blue Suit,Headphone,Long Beard,Cyberpunk Cup
Purple Grey,Mushroom Shell,Green,Kawaii,Sailor Suit,Slicked Back,Gold Round Frame Glasses,Transparent Latte Cup
Light Sea,Basic Shell Grey,Green,Calm,Sailor Suit,Dreadlocks,Gold Round Frame Glasses,Iced Coffee Takeaway
Lavender,Sawtooth Armor Shell,Green,Calm,Burning Logo Black Tee,Hopter,Star Shaped Glasses,Green Mug
Light Blue,Basic Shell Yellow,Green,Kawaii,Turtleneck Hoodie,Side Parting,Gold Round Frame Glasses,Keep Cup
Steel Blue,Basic Shell Yellow,Green,Obsessed,Striped Block Tee,Cap on Backwards,None,Cookie Cup
Burly Wood,Scale Armor Shell,Green,Obsessed,Animal Emoji Sweater,none,Star Shaped Glasses,Blue Mug
Light Blue,Basic Shell Yellow,Green,Naughty,Basketball Jersey,Mohawk,None,Blue Mug
Burly Wood,Basic Shell Green,Green,Calm,Turtleneck Hoodie,Medium Length,Bubble Gum,Blue Mug
Burly Wood,Scale Armor Shell,Green,Wink,Basketball Jersey,Reggae,None,Purple Mug
Light Green,Scale Armor Shell,Green,Relaxed,Skull Brand Tee A,Bunny Ears,Star Shaped Glasses,Wooden Cup
Purple Grey,Fossil Vivet Shell,Green,Relaxed,Burning Logo Black Tee,Bandana,None,Transparent Latte Cup
Light Grey,Sawtooth Armor Shell,Green,Wink,Basketball Jersey,Snape,Bubble Gum,Round Glass
Light Grey,Basic Shell Yellow,Green,Charming,Leaf Casual Shirt,Baseball Cap,Gold Round Frame Glasses,Transparent Latte Cup
Wheat,Basic Shell Blue,Green,Naughty,Turtleneck Sweater,Thin & Short,Star Shaped Glasses,Cookie Cup
Light Blue,Mushroom Shell,Green,Obsessed,Tree Casual Shirt,Short Spiky Red,Bubble Gum,Wooden Cup
Wheat,Basic Shell Grey,Green,Calm,Red Patterned Sweater,Mohawk,None,Espresso Cup
Light Green,Sawtooth Armor Shell,Green,Obsessed,Pigeon Tee,none,Bubble Gum,Blue Label Takeaway
Wheat,Triangle Armor Shell,Green,Kawaii,Burning Logo White Tee,Baseball Cap,Star Shaped Glasses,Espresso Cup
Burly Wood,Basic Shell Grey,Green,Naughty,Tee with Bear,Slicked Back,Star Shaped Glasses,Keep Cup
Lavender,Basic Shell Grey,Green,Naughty,Turtleneck Sweater,none,Long Beard,Takeaway Cup
Wheat,Basic Shell Grey,Green,Relaxed,Sailor Suit,Side Parting,Bubble Gum,Wooden Cup
Light Blue,Sawtooth Armor Shell,Green,Obsessed,Tee with Bear,Thin & Short,Bubble Gum,Takeaway Cup
Light Grey,Polygon Armor Shell,Green,Wink,Striped Square Tee,Mohawk,None,Keep Cup
Steel Blue,Basic Shell Pink,Green,Relaxed,Turtleneck Hoodie,Headphone,Long Beard,Snow Top Coffee
Light Grey,Fossil Vivet Shell,Green,Naughty,Camouflage Tee,Short Spiky Red,Star Shaped Glasses,Round Glass
Purple Grey,Sawtooth Armor Shell,Green,Kawaii,Overalls,Baseball Cap,Gold Round Frame Glasses,Takeaway Cup
Light Grey,Basic Shell Pink,Green,Obsessed,Khaki Outer Shirt,Thin & Short,Star Shaped Glasses,Round Glass
Light Blue,Basic Shell Blue,Green,Relaxed,Pigeon Tee,Slicked Back,Star Shaped Glasses,Cookie Cup
Wheat,Fossil Vivet Shell,Green,Kawaii,Peace Tee,Medium Length,Bubble Gum,Horn Cup
Steel Blue,Basic Shell Blue,Green,Calm,Leaf Casual Shirt,Thin & Short,Bubble Gum,Espresso Cup
Wheat,Triangle Armor Shell,Green,Calm,Khaki Tee with Pocket,Punk,Long Beard,Green Mug
Purple Grey,Mushroom Shell,Green,Calm,Striped Block Tee,Medium Length,Gold Round Frame Glasses,Blue Mug
Light Blue,Basic Shell Grey,Green,Calm,Cactus Tee,Medium Length,None,Green Label Takeaway
Lavender,Basic Shell Green,Green,Obsessed,Crema Sweater B&O,Short Spiky Red,None,Green Label Takeaway
Purple Grey,Basic Shell Pink,Green,Kawaii,Basketball Jersey,Side Parting,Bubble Gum,Green Label Takeaway
Light Sea,Scale Armor Shell,Green,Obsessed,Burning Logo White Tee,Baseball Cap,Long Beard,Blue Label Takeaway
Wheat,Fossil Vivet Shell,Green,Calm,Grey Blue Suit,Hopter,Star Shaped Glasses,Cyberpunk Cup
Light Green,Mushroom Shell,Green,Obsessed,Flame Tee,Buzzcut,Long Beard,Round Glass
Wheat,Basic Shell Pink,Green,Kawaii,Flame Tee,Side Parting,Star Shaped Glasses,Crema Latte Cup
Wheat,Triangle Armor Shell,Green,Obsessed,LOL Tee,none,Long Beard,Green Mug
Steel Blue,Basic Shell Pink,Green,Wink,Comet Brand Tee,Buzzcut,Long Beard,Thermos Cup
Light Blue,Polygon Armor Shell,Green,Wink,Flame Tee,Mohawk,Long Beard,Green Label Takeaway
Light Sea,Basic Shell Yellow,Green,Wink,Rivet Jacket,Slicked Back,Bubble Gum,Wooden Cup
Light Green,Sawtooth Armor Shell,Green,Kawaii,Tee with Bear,none,None,Wooden Cup
Light Green,Sawtooth Armor Shell,Green,Calm,Chequered Shirt,Baseball Cap,Star Shaped Glasses,Espresso Cup
Light Blue,Basic Shell Yellow,Green,Wink,Grey Tee,Snape,Star Shaped Glasses,Cookie Cup
Light Blue,Basic Shell Grey,Green,Relaxed,Red Hoodie,Buzzcut,None,Cookie Cup
Lavender,Fossil Vivet Shell,Green,Naughty,Cactus Tee,Buzzcut,None,Transparent Latte Cup
Wheat,Scale Armor Shell,Green,Wink,Chequered Shirt,Side Parting,Long Beard,Transparent Latte Cup
Lavender,Basic Shell Pink,Green,Obsessed,Triangle Yellow Sweater,Buzzcut,Star Shaped Glasses,Crema Latte Cup
Steel Blue,Scale Armor Shell,Green,Calm,Mist Square Tee,Thin & Short,Gold Round Frame Glasses,Purple Mug
Purple Grey,Fossil Vivet Shell,Green,Calm,White Outer Shirt,Medium Length,Long Beard,Transparent Latte Cup
Wheat,Sawtooth Armor Shell,Green,Charming,Sailor Suit,none,None,Cyberpunk Cup
Steel Blue,Scale Armor Shell,Green,Charming,Basketball Jersey,Hopter,Gold Round Frame Glasses,Blue Label Takeaway
Light Sea,Fossil Vivet Shell,Green,Charming,Comet Brand Tee,Dreadlocks,None,Purple Mug
Wheat,Mushroom Shell,Green,Obsessed,Comet Brand Tee,none,Long Beard,Striped Latte Cup
Light Green,Polygon Armor Shell,Green,Relaxed,Skull Brand Tee A,One Eyed Look,Star Shaped Glasses,Transparent Latte Cup
Burly Wood,Basic Shell Yellow,Green,Obsessed,B&W Contrast Sweater,Buzzcut,Long Beard,Striped Latte Cup
Steel Blue,Basic Shell Pink,Green,Calm,Crema Sweater Landscape,Side Parting,Star Shaped Glasses,Green Mug
Purple Grey,Polygon Armor Shell,Green,Calm,Mist Square Tee,Side Parting,None,Thermos Cup
Burly Wood,Basic Shell Yellow,Green,Calm,B&W Contrast Sweater,Slicked Back,Long Beard,Striped Latte Cup
Wheat,Basic Shell Green,Green,Relaxed,Striped Square Tee,Buzzcut,Gold Round Frame Glasses,Cyberpunk Cup
Purple Grey,Polygon Armor Shell,Green,Naughty,Burning Logo Black Tee,Dreadlocks,None,Green Label Takeaway
Purple Grey,Scale Armor Shell,Green,Relaxed,Turtleneck Sweater,Side Parting,Bubble Gum,Crema Latte Cup
Lavender,Mushroom Shell,Green,Kawaii,Chess Board Tee,Hopter,Gold Round Frame Glasses,Crema Latte Cup
Wheat,Basic Shell Blue,Green,Relaxed,Flame Tee,Snape,Gold Round Frame Glasses,Iced Coffee Takeaway
Wheat,Basic Shell Grey,Green,Obsessed,Basketball Jersey,Short Spiky Red,Gold Round Frame Glasses,Green Label Takeaway
Light Blue,Basic Shell Grey,Green,Naughty,Overalls,Hopter,Bubble Gum,Keep Cup
Steel Blue,Basic Shell Blue,Green,Wink,Turtleneck Sweater,Hopter,None,Crema Latte Cup
Light Blue,Basic Shell Green,Green,Kawaii,Chess Board Tee,none,Long Beard,Wooden Cup
Light Green,Basic Shell Yellow,Green,Kawaii,Ripped Tee,none,Bubble Gum,Cookie Cup
Wheat,Fossil Vivet Shell,Green,Obsessed,Chequered Shirt,Hopter,Gold Round Frame Glasses,Green Mug
Light Blue,Basic Shell Blue,Green,Obsessed,Burning Logo Black Tee,Bunny Ears,Star Shaped Glasses,High Glass
Light Green,Basic Shell Blue,Green,Obsessed,Rivet Jacket,Side Parting,Long Beard,Transparent Latte Cup
Purple Grey,Basic Shell Pink,Green,Wink,Burning Logo White Tee,Slicked Back,Gold Round Frame Glasses,Iced Coffee Takeaway
Light Sea,Basic Shell Pink,Green,Calm,Chequered Shirt,Dreadlocks,Long Beard,Transparent Latte Cup
Burly Wood,Mushroom Shell,Green,Naughty,Film Photo Tee,Mohawk,Bubble Gum,Thermos Cup
Burly Wood,Basic Shell Green,Green,Wink,Peace Tee,Buzzcut,Bubble Gum,Striped Latte Cup
Light Grey,Scale Armor Shell,Green,Relaxed,Turtleneck Hoodie,Short Spiky Red,Gold Round Frame Glasses,Transparent Latte Cup
Light Grey,Polygon Armor Shell,Green,Relaxed,Cactus Tee,Buzzcut,Bubble Gum,Blue Mug
Lavender,Basic Shell Yellow,Green,Calm,Camouflage Tee,Slicked Back,None,High Glass
Light Blue,Polygon Armor Shell,Green,Calm,Mist Square Tee,Headphone,None,Wooden Cup
Light Green,Basic Shell Green,Green,Obsessed,Grey Tee,Mohawk,Star Shaped Glasses,High Glass
Light Sea,Basic Shell Yellow,Green,Naughty,LOL Tee,Buzzcut,Bubble Gum,Espresso Cup
Light Sea,Sawtooth Armor Shell,Green,Naughty,Apron,Side Parting,Bubble Gum,Thermos Cup
Light Sea,Basic Shell Grey,Green,Calm,Turtleneck Hoodie,Dreadlocks,None,Cookie Cup
Wheat,Basic Shell Blue,Green,Kawaii,Skull Brand Tee B,Short Spiky Red,Gold Round Frame Glasses,Purple Mug
Purple Grey,Triangle Armor Shell,Green,Obsessed,Triangle Yellow Sweater,Mohawk,Long Beard,Transparent Latte Cup
Burly Wood,Fossil Vivet Shell,Green,Wink,Striped Block Tee,Headphone,Bubble Gum,Transparent Latte Cup
Steel Blue,Basic Shell Grey,Green,Charming,Sailor Suit,Medium Length,Star Shaped Glasses,Horn Cup
Purple Grey,Sawtooth Armor Shell,Green,Wink,Striped Outer Shirt,Slicked Back,Long Beard,Green Mug
Burly Wood,Fossil Vivet Shell,Green,Wink,Chequered Shirt,Hopter,Bubble Gum,Striped Latte Cup
Lavender,Fossil Vivet Shell,Green,Calm,Chequered Shirt,Bunny Ears,Long Beard,Green Label Takeaway
Purple Grey,Basic Shell Blue,Green,Kawaii,Skull Brand Tee B,Headphone,Star Shaped Glasses,Green Label Takeaway
Light Grey,Basic Shell Blue,Green,Naughty,LOL Tee,Headphone,Star Shaped Glasses,Espresso Cup
Wheat,Polygon Armor Shell,Green,Charming,B&W Contrast Sweater,Slicked Back,None,Horn Cup
Steel Blue,Sawtooth Armor Shell,Green,Calm,Striped Block Tee,Thin & Short,None,Blue Label Takeaway
Burly Wood,Triangle Armor Shell,Green,Naughty,Striped Square Tee,Dreadlocks,Bubble Gum,Blue Mug
Burly Wood,Mushroom Shell,Green,Relaxed,Striped Outer Shirt,Bunny Ears,Long Beard,Espresso Cup
Wheat,Basic Shell Pink,Green,Naughty,Overalls,Hopter,Star Shaped Glasses,Snow Top Coffee
Steel Blue,Sawtooth Armor Shell,Green,Charming,Tee with Smiley,Short Spiky Red,Long Beard,Blue Label Takeaway
Light Blue,Basic Shell Pink,Green,Charming,Striped Outer Shirt,Slicked Back,None,Cyberpunk Cup
Light Grey,Basic Shell Blue,Green,Relaxed,Flower Casual Shirt,Short Spiky Red,Gold Round Frame Glasses,Iced Coffee Takeaway
Light Sea,Basic Shell Blue,Green,Wink,Baseball Jacket,Side Parting,Star Shaped Glasses,Espresso Cup
Light Grey,Basic Shell Grey,Green,Naughty,Grey Palette Sweater,Side Parting,Bubble Gum,Cyberpunk Cup
Light Grey,Sawtooth Armor Shell,Green,Calm,Striped Block Tee,One Eyed Look,None,Horn Cup
Wheat,Triangle Armor Shell,Green,Obsessed,Red Hoodie,Thin & Short,Gold Round Frame Glasses,Blue Mug
Light Green,Basic Shell Yellow,Green,Naughty,Mist Square Tee,Buzzcut,Gold Round Frame Glasses,Green Mug
Purple Grey,Basic Shell Grey,Green,Naughty,Mist Square Tee,Thin & Short,Bubble Gum,Horn Cup
Wheat,Mushroom Shell,Green,Wink,Khaki Outer Shirt,Buzzcut,Long Beard,Snow Top Coffee
Burly Wood,Mushroom Shell,Green,Kawaii,Red Patterned Sweater,none,Gold Round Frame Glasses,Iced Coffee Takeaway
Light Blue,Mushroom Shell,Green,Relaxed,Ripped Tee,Mohawk,Gold Round Frame Glasses,Blue Mug
Light Blue,Polygon Armor Shell,Green,Calm,Peace Tee,Side Parting,Long Beard,Transparent Latte Cup
Purple Grey,Basic Shell Green,Green,Charming,White Outer Shirt,Snape,Bubble Gum,Thermos Cup
Steel Blue,Sawtooth Armor Shell,Green,Naughty,Burning Logo White Tee,Hopter,Long Beard,Cyberpunk Cup
Steel Blue,Basic Shell Blue,Green,Charming,Grey Tee,Dreadlocks,None,Odd Shape Cup
Wheat,Fossil Vivet Shell,Green,Naughty,Sailor Suit,Dreadlocks,None,Takeaway Cup
Purple Grey,Mushroom Shell,Green,Calm,Tee with Smiley,Slicked Back,Gold Round Frame Glasses,Horn Cup
Purple Grey,Sawtooth Armor Shell,Green,Naughty,Comet Brand Tee,Thin & Short,Long Beard,Cookie Cup
Light Blue,Basic Shell Blue,Green,Relaxed,Chess Board Tee,Slicked Back,Gold Round Frame Glasses,Transparent Latte Cup
Steel Blue,Polygon Armor Shell,Green,Kawaii,Skull Brand Tee B,Buzzcut,Long Beard,Crema Latte Cup
Burly Wood,Basic Shell Grey,Green,Obsessed,Mist Square Tee,Medium Length,Star Shaped Glasses,Iced Coffee Takeaway
Light Green,Triangle Armor Shell,Green,Relaxed,Skull Brand Tee B,Baseball Cap,None,Cookie Cup
Wheat,Basic Shell Yellow,Green,Naughty,Striped Block Tee,Side Parting,Star Shaped Glasses,Espresso Cup
Light Sea,Fossil Vivet Shell,Green,Obsessed,Skull Brand Tee B,Reggae,Bubble Gum,Keep Cup
Light Green,Fossil Vivet Shell,Green,Kawaii,Burning Logo Black Tee,Headphone,Star Shaped Glasses,Round Glass
Purple Grey,Basic Shell Pink,Green,Obsessed,Pigeon Tee,One Eyed Look,Star Shaped Glasses,Blue Mug
Lavender,Basic Shell Pink,Green,Charming,Striped Square Tee,Dreadlocks,Bubble Gum,Green Label Takeaway
Light Green,Basic Shell Green,Green,Relaxed,Animal Emoji Sweater,Buzzcut,Star Shaped Glasses,Cookie Cup
Light Blue,Basic Shell Grey,Green,Obsessed,LOL Tee,Slicked Back,Long Beard,Snow Top Coffee
Steel Blue,Basic Shell Yellow,Green,Calm,Mist Square Tee,Side Parting,None,Takeaway Cup
Light Green,Basic Shell Pink,Green,Kawaii,Camouflage Tee,Headphone,Gold Round Frame Glasses,Odd Shape Cup
Steel Blue,Polygon Armor Shell,Green,Relaxed,Astronaut Tee,Medium Length,Star Shaped Glasses,Blue Mug
Light Sea,Triangle Armor Shell,Green,Naughty,Grey Tee,Buzzcut,Gold Round Frame Glasses,Round Glass
Purple Grey,Sawtooth Armor Shell,Green,Wink,Baseball Jacket,Slicked Back,Gold Round Frame Glasses,Purple Mug
Light Sea,Basic Shell Blue,Green,Wink,Astronaut Tee,Cap on Backwards,Gold Round Frame Glasses,Thermos Cup
Light Blue,Basic Shell Pink,Green,Calm,Turtleneck Hoodie,Mohawk,Gold Round Frame Glasses,Takeaway Cup
Purple Grey,Fossil Vivet Shell,Green,Charming,Skull Brand Tee B,Medium Length,None,Round Glass
Light Grey,Basic Shell Blue,Green,Naughty,LOL Tee,Buzzcut,None,Purple Mug
Light Blue,Fossil Vivet Shell,Green,Kawaii,Striped Block Tee,Baseball Cap,None,Keep Cup
Light Sea,Basic Shell Blue,Green,Obsessed,Rivet Jacket,Buzzcut,Long Beard,Cyberpunk Cup
Light Green,Sawtooth Armor Shell,Green,Naughty,Skull Brand Tee B,Medium Length,Gold Round Frame Glasses,Crema Latte Cup
Wheat,Basic Shell Green,Green,Calm,Overalls,Dreadlocks,Gold Round Frame Glasses,Cookie Cup
Light Sea,Basic Shell Pink,Green,Kawaii,Tee with Smiley,Bandana,None,Crema Latte Cup
Wheat,Scale Armor Shell,Green,Calm,B&W Contrast Sweater,Medium Length,Long Beard,Odd Shape Cup
Wheat,Triangle Armor Shell,Green,Obsessed,Tee with Bull,Buzzcut,Bubble Gum,Horn Cup
Wheat,Mushroom Shell,Green,Wink,Crema Sweater B&O,Slicked Back,Gold Round Frame Glasses,Green Mug
Light Grey,Fossil Vivet Shell,Green,Charming,Grey Palette Sweater,Short Spiky Red,Gold Round Frame Glasses,Snow Top Coffee
Burly Wood,Fossil Vivet Shell,Green,Charming,Pink Shirt with Pockets,Short Spiky Red,Gold Round Frame Glasses,Iced Coffee Takeaway
Lavender,Mushroom Shell,Green,Calm,Flame Tee,Three Hairs,None,Green Label Takeaway
Light Sea,Basic Shell Blue,Green,Wink,Tee with Bear,Three Hairs,Star Shaped Glasses,Odd Shape Cup
Light Blue,Scale Armor Shell,Green,Calm,White Outer Shirt,One Eyed Look,Long Beard,Keep Cup
Light Green,Basic Shell Grey,Green,Relaxed,Khaki Tee with Pocket,Side Parting,Long Beard,Cookie Cup
Burly Wood,Basic Shell Blue,Green,Naughty,Flower Casual Shirt,Mohawk,None,Thermos Cup
Light Green,Basic Shell Grey,Green,Wink,Turtleneck Hoodie,Thin & Short,Long Beard,Thermos Cup
Light Blue,Fossil Vivet Shell,Green,Relaxed,Striped Outer Shirt,none,None,Green Label Takeaway
Steel Blue,Basic Shell Yellow,Green,Kawaii,Zodiac Tee,Mohawk,Long Beard,Blue Mug
Wheat,Triangle Armor Shell,Green,Obsessed,Striped Outer Shirt,Mohawk,Bubble Gum,Espresso Cup
Light Green,Basic Shell Pink,Green,Wink,Khaki Outer Shirt,Buzzcut,Star Shaped Glasses,Wooden Cup
Light Sea,Basic Shell Blue,Green,Charming,Khaki Tee with Pocket,Mohawk,Star Shaped Glasses,Keep Cup
Purple Grey,Triangle Armor Shell,Green,Kawaii,Cactus Tee,Short Spiky Red,Star Shaped Glasses,Crema Latte Cup
Light Green,Fossil Vivet Shell,Green,Wink,Skull Brand Tee A,Headphone,Gold Round Frame Glasses,Wooden Cup
Purple Grey,Basic Shell Green,Green,Charming,Grey Palette Sweater,Bunny Ears,Long Beard,Purple Mug
Light Sea,Basic Shell Blue,Green,Obsessed,Leaf Casual Shirt,Side Parting,Long Beard,Odd Shape Cup
Light Grey,Sawtooth Armor Shell,Green,Wink,Ripped Tee,Bunny Ears,None,Takeaway Cup
Burly Wood,Sawtooth Armor Shell,Green,Charming,Grey Palette Sweater,Dreadlocks,Gold Round Frame Glasses,Crema Latte Cup
Light Green,Polygon Armor Shell,Green,Kawaii,Crema Sweater B&O,Slicked Back,Bubble Gum,Striped Latte Cup
Lavender,Polygon Armor Shell,Green,Kawaii,Turtleneck Hoodie,Three Hairs,None,Round Glass
Light Blue,Basic Shell Blue,Green,Charming,Green Sweater,Baseball Cap,Gold Round Frame Glasses,Blue Mug
Lavender,Mushroom Shell,Green,Obsessed,Basketball Jersey,Dreadlocks,Long Beard,Transparent Latte Cup
Steel Blue,Scale Armor Shell,Green,Wink,Basketball Jersey,Short Spiky Red,Gold Round Frame Glasses,Snow Top Coffee
Purple Grey,Basic Shell Grey,Green,Wink,Animal Emoji Sweater,Hopter,None,Striped Latte Cup
Lavender,Basic Shell Yellow,Green,Relaxed,Grey Tee,Snape,Gold Round Frame Glasses,Cyberpunk Cup
Purple Grey,Basic Shell Grey,Green,Kawaii,Striped Block Tee,Thin & Short,Bubble Gum,Blue Mug
Light Blue,Basic Shell Yellow,Green,Relaxed,Comet Brand Tee,Mohawk,Gold Round Frame Glasses,Cyberpunk Cup
Purple Grey,Basic Shell Yellow,Green,Obsessed,Pigeon Tee,Medium Length,None,Snow Top Coffee
Light Sea,Fossil Vivet Shell,Green,Calm,B&W Contrast Sweater,Snape,None,Cookie Cup
Steel Blue,Basic Shell Pink,Green,Kawaii,Pink Shirt with Pockets,Buzzcut,Gold Round Frame Glasses,Odd Shape Cup
Steel Blue,Polygon Armor Shell,Green,Charming,B&W Contrast Sweater,Thin & Short,Long Beard,Striped Latte Cup
Purple Grey,Basic Shell Yellow,Green,Naughty,Pigeon Tee,Snape,Long Beard,Cyberpunk Cup
Steel Blue,Fossil Vivet Shell,Green,Naughty,Striped Block Tee,Side Parting,None,Wooden Cup
Light Green,Basic Shell Green,Green,Wink,Flame Tee,Short Spiky Red,Bubble Gum,Purple Mug
Lavender,Basic Shell Yellow,Green,Obsessed,Striped Square Tee,Slicked Back,Long Beard,Crema Latte Cup
Purple Grey,Basic Shell Pink,Green,Naughty,White Outer Shirt,Side Parting,None,Blue Mug
Light Green,Basic Shell Green,Green,Charming,Comet Brand Tee,Just Trimmed,Star Shaped Glasses,Green Label Takeaway
Light Grey,Basic Shell Pink,Green,Relaxed,Basketball Jersey,Three Hairs,Long Beard,Odd Shape Cup
Light Grey,Basic Shell Grey,Green,Charming,Animal Emoji Sweater,Mohawk,Bubble Gum,High Glass
Purple Grey,Basic Shell Pink,Green,Calm,Comet Brand Tee,Dreadlocks,Star Shaped Glasses,Round Glass
Light Green,Basic Shell Grey,Green,Calm,Crema Sweater B&O,Baseball Cap,Star Shaped Glasses,Striped Latte Cup
Steel Blue,Polygon Armor Shell,Green,Obsessed,Crema Sweater B&O,Bunny Ears,None,Odd Shape Cup
Wheat,Basic Shell Blue,Green,Relaxed,Overalls,Hopter,Long Beard,Green Mug
Light Sea,Basic Shell Grey,Green,Charming,Skull Brand Tee A,Headphone,None,Takeaway Cup
Purple Grey,Basic Shell Green,Green,Obsessed,Astronaut Tee,Slicked Back,None,Cookie Cup
Purple Grey,Basic Shell Green,Green,Obsessed,Khaki Outer Shirt,Short Spiky Red,Gold Round Frame Glasses,Transparent Latte Cup
Lavender,Fossil Vivet Shell,Green,Naughty,Khaki Tee with Pocket,Headphone,Star Shaped Glasses,Cookie Cup
Light Green,Scale Armor Shell,Green,Relaxed,Pigeon Tee,Mohawk,Bubble Gum,Horn Cup
Light Grey,Basic Shell Yellow,Green,Charming,Tee with Bear,Side Parting,Star Shaped Glasses,Green Label Takeaway
Light Green,Basic Shell Yellow,Green,Charming,Grey Blue Suit,Short Spiky Red,None,Cyberpunk Cup
Light Blue,Basic Shell Pink,Green,Kawaii,Red Hoodie,Short Spiky Red,Star Shaped Glasses,Purple Mug
Wheat,Triangle Armor Shell,Green,Wink,Red Patterned Sweater,none,Gold Round Frame Glasses,Green Label Takeaway
Light Blue,Triangle Armor Shell,Green,Relaxed,Crema Sweater B&O,Buzzcut,Long Beard,Keep Cup
Light Blue,Fossil Vivet Shell,Green,Wink,Burning Logo White Tee,Dreadlocks,Bubble Gum,Cyberpunk Cup
Light Blue,Scale Armor Shell,Green,Naughty,Tee with Smiley,Snape,Bubble Gum,Round Glass
Light Blue,Basic Shell Green,Green,Naughty,Grey Tee,Side Parting,Long Beard,Blue Label Takeaway
Burly Wood,Polygon Armor Shell,Green,Kawaii,Zodiac Tee,Headphone,Gold Round Frame Glasses,Purple Mug
Light Grey,Triangle Armor Shell,Green,Kawaii,Chess Board Tee,Dreadlocks,Star Shaped Glasses,Snow Top Coffee
Burly Wood,Sawtooth Armor Shell,Green,Wink,Comet Brand Tee,Dreadlocks,Long Beard,Odd Shape Cup
Light Blue,Triangle Armor Shell,Green,Relaxed,Ripped Tee,Dreadlocks,Long Beard,Transparent Latte Cup
Light Sea,Polygon Armor Shell,Green,Charming,Chess Board Tee,none,Bubble Gum,Horn Cup
Steel Blue,Mushroom Shell,Green,Kawaii,Pink Shirt with Pockets,Bandana,Long Beard,High Glass
Steel Blue,Scale Armor Shell,Green,Relaxed,Peace Tee,Slicked Back,Long Beard,Cookie Cup
Light Green,Basic Shell Blue,Green,Wink,Flame Tee,Short Spiky Red,Bubble Gum,Blue Label Takeaway
Light Sea,Scale Armor Shell,Green,Kawaii,Apron,Side Parting,Star Shaped Glasses,Purple Mug
Burly Wood,Mushroom Shell,Green,Wink,B&W Contrast Sweater,Side Parting,Gold Round Frame Glasses,Thermos Cup
Wheat,Basic Shell Yellow,Green,Naughty,Zodiac Tee,Side Parting,Bubble Gum,Blue Label Takeaway
Burly Wood,Basic Shell Yellow,Green,Naughty,Rivet Jacket,Short Spiky Red,Long Beard,Iced Coffee Takeaway
Purple Grey,Fossil Vivet Shell,Green,Naughty,Zodiac Tee,Side Parting,Star Shaped Glasses,Green Mug
Light Sea,Basic Shell Green,Green,Wink,Green Sweater,Hopter,Bubble Gum,Iced Coffee Takeaway
Light Sea,Basic Shell Green,Green,Naughty,Pigeon Tee,none,Long Beard,Keep Cup
Wheat,Basic Shell Grey,Green,Naughty,Tee with Bear,Thin & Short,None,Horn Cup
Lavender,Basic Shell Green,Green,Obsessed,LOL Tee,Medium Length,None,Blue Mug
Lavender,Polygon Armor Shell,Green,Relaxed,Flame Tee,Side Parting,Bubble Gum,High Glass
Wheat,Basic Shell Blue,Green,Charming,Green Sweater,Bandana,Long Beard,Espresso Cup
Light Green,Polygon Armor Shell,Green,Calm,B&W Contrast Sweater,Short Spiky Red,Star Shaped Glasses,Takeaway Cup
Light Green,Basic Shell Pink,Green,Calm,Pink Shirt with Pockets,Bunny Ears,None,Keep Cup
Light Grey,Fossil Vivet Shell,Green,Charming,Tee with Bear,Short Spiky Red,Bubble Gum,Transparent Latte Cup
Wheat,Polygon Armor Shell,Green,Obsessed,Burning Logo White Tee,Hopter,Gold Round Frame Glasses,Thermos Cup
Light Grey,Basic Shell Grey,Green,Obsessed,Striped Outer Shirt,Headphone,Long Beard,Blue Label Takeaway
Lavender,Basic Shell Pink,Green,Kawaii,Astronaut Tee,Thin & Short,Star Shaped Glasses,Purple Mug
Light Sea,Basic Shell Blue,Green,Naughty,Burning Logo Black Tee,Medium Length,Bubble Gum,High Glass
Steel Blue,Mushroom Shell,Green,Naughty,Stripped Tee,Hopter,Gold Round Frame Glasses,Keep Cup
Wheat,Mushroom Shell,Green,Naughty,Green Sweater,Three Hairs,Bubble Gum,Green Mug
Light Blue,Basic Shell Yellow,Green,Kawaii,Rivet Jacket,Side Parting,Long Beard,Crema Latte Cup
Burly Wood,Sawtooth Armor Shell,Green,Relaxed,Grey Blue Suit,Medium Length,Star Shaped Glasses,Iced Coffee Takeaway
Steel Blue,Fossil Vivet Shell,Green,Obsessed,Pink Shirt with Pockets,Slicked Back,None,Transparent Latte Cup
Light Grey,Triangle Armor Shell,Green,Calm,Flame Tee,Thin & Short,Bubble Gum,Espresso Cup
Light Sea,Basic Shell Green,Green,Kawaii,Burning Logo Black Tee,Buzzcut,Star Shaped Glasses,High Glass
Purple Grey,Basic Shell Pink,Green,Calm,Skull Brand Tee B,Baseball Cap,Gold Round Frame Glasses,Blue Label Takeaway
Lavender,Basic Shell Yellow,Green,Charming,Ripped Tee,Punk,Long Beard,Transparent Latte Cup
Lavender,Basic Shell Yellow,Green,Wink,Striped Block Tee,Thin & Short,Gold Round Frame Glasses,Thermos Cup
Purple Grey,Mushroom Shell,Green,Obsessed,Grey Palette Sweater,Short Spiky Red,Bubble Gum,Transparent Latte Cup
Wheat,Basic Shell Blue,Green,Calm,Sailor Suit,Headphone,Long Beard,Crema Latte Cup
Light Sea,Basic Shell Blue,Green,Kawaii,Crema Sweater B&O,Bunny Ears,Gold Round Frame Glasses,Wooden Cup
Light Blue,Basic Shell Green,Green,Charming,Zodiac Tee,Side Parting,Star Shaped Glasses,Wooden Cup
Light Sea,Triangle Armor Shell,Green,Naughty,Turtleneck Sweater,Bunny Ears,Long Beard,Round Glass
Lavender,Sawtooth Armor Shell,Green,Relaxed,Zodiac Tee,Medium Length,Gold Round Frame Glasses,Round Glass
Wheat,Basic Shell Grey,Green,Naughty,Khaki Tee with Pocket,Slicked Back,Gold Round Frame Glasses,Green Mug
Light Blue,Mushroom Shell,Green,Wink,Grey Tee,Mohawk,None,Green Mug
Purple Grey,Triangle Armor Shell,Green,Calm,Khaki Outer Shirt,Cap on Backwards,Gold Round Frame Glasses,High Glass
Light Grey,Scale Armor Shell,Green,Charming,Khaki Outer Shirt,Short Spiky Red,Star Shaped Glasses,Horn Cup
Light Sea,Scale Armor Shell,Green,Calm,Rivet Jacket,Side Parting,Gold Round Frame Glasses,Keep Cup
Light Green,Polygon Armor Shell,Green,Charming,Ripped Tee,Bunny Ears,Star Shaped Glasses,Horn Cup
Light Blue,Polygon Armor Shell,Green,Naughty,Peace Tee,Bandana,Bubble Gum,Cyberpunk Cup
Light Green,Basic Shell Green,Green,Relaxed,Chequered Shirt,Headphone,Long Beard,Green Mug
Light Sea,Sawtooth Armor Shell,Green,Charming,Grey Tee,Buzzcut,Long Beard,Striped Latte Cup
Lavender,Scale Armor Shell,Green,Kawaii,Peace Tee,Tinfoil Perm,Gold Round Frame Glasses,Green Label Takeaway
Light Blue,Basic Shell Green,Green,Wink,Burning Logo White Tee,Reggae,Star Shaped Glasses,Snow Top Coffee
Light Sea,Mushroom Shell,Green,Obsessed,Pink Shirt with Pockets,Headphone,Bubble Gum,High Glass
Light Green,Basic Shell Grey,Green,Charming,Khaki Outer Shirt,Slicked Back,Bubble Gum,Takeaway Cup
Light Green,Triangle Armor Shell,Green,Relaxed,Cactus Tee,Cap on Backwards,Long Beard,Blue Label Takeaway
Purple Grey,Triangle Armor Shell,Green,Relaxed,Mist Square Tee,Dreadlocks,Star Shaped Glasses,Transparent Latte Cup
Burly Wood,Scale Armor Shell,Green,Obsessed,Chess Board Tee,Baseball Cap,Gold Round Frame Glasses,Wooden Cup
Purple Grey,Triangle Armor Shell,Green,Kawaii,Tree Casual Shirt,Headphone,Gold Round Frame Glasses,Cyberpunk Cup
Light Blue,Scale Armor Shell,Green,Kawaii,Mist Square Tee,Snape,Star Shaped Glasses,Striped Latte Cup
Steel Blue,Polygon Armor Shell,Green,Kawaii,Pigeon Tee,Baseball Cap,Long Beard,Keep Cup
Steel Blue,Sawtooth Armor Shell,Green,Wink,Film Photo Tee,Slicked Back,Gold Round Frame Glasses,Striped Latte Cup
Light Blue,Sawtooth Armor Shell,Green,Charming,Khaki Tee with Pocket,Dreadlocks,Long Beard,Keep Cup
Steel Blue,Basic Shell Pink,Green,Calm,Khaki Outer Shirt,Short Spiky Red,Star Shaped Glasses,Purple Mug
Burly Wood,Basic Shell Yellow,Green,Calm,Turtleneck Hoodie,Buzzcut,None,Green Mug
Lavender,Polygon Armor Shell,Green,Naughty,Burning Logo Black Tee,Slicked Back,Star Shaped Glasses,Takeaway Cup
Steel Blue,Basic Shell Yellow,Green,Calm,Baseball Jacket,Dreadlocks,Bubble Gum,Iced Coffee Takeaway
Purple Grey,Polygon Armor Shell,Green,Kawaii,Cactus Tee,Headphone,Long Beard,Takeaway Cup
Burly Wood,Basic Shell Green,Green,Naughty,Skull Brand Tee A,Side Parting,Bubble Gum,Wooden Cup
Light Blue,Sawtooth Armor Shell,Green,Charming,Grey Tee,Side Parting,Star Shaped Glasses,Espresso Cup
Lavender,Basic Shell Blue,Green,Kawaii,Ripped Tee,Slicked Back,Gold Round Frame Glasses,Espresso Cup
Wheat,Basic Shell Pink,Green,Relaxed,Tee with Smiley,Buzzcut,Star Shaped Glasses,Green Mug
Light Grey,Sawtooth Armor Shell,Green,Charming,B&W Contrast Sweater,Bunny Ears,Bubble Gum,Green Label Takeaway
Steel Blue,Basic Shell Pink,Green,Calm,Animal Emoji Sweater,Short Spiky Red,Bubble Gum,Cyberpunk Cup
Purple Grey,Triangle Armor Shell,Green,Charming,Pink Shirt with Pockets,Side Parting,Star Shaped Glasses,High Glass
Wheat,Basic Shell Blue,Green,Charming,Striped Square Tee,Headphone,Gold Round Frame Glasses,Wooden Cup
Burly Wood,Mushroom Shell,Green,Charming,Grey Palette Sweater,Hopter,Bubble Gum,Cyberpunk Cup
Steel Blue,Basic Shell Grey,Green,Obsessed,Khaki Outer Shirt,Three Hairs,Star Shaped Glasses,Green Mug
Light Sea,Basic Shell Green,Green,Obsessed,Ripped Tee,Dreadlocks,Long Beard,Crema Latte Cup
Light Sea,Basic Shell Yellow,Green,Charming,Tee with Bull,Baseball Cap,Star Shaped Glasses,Transparent Latte Cup
Light Grey,Basic Shell Pink,Green,Charming,Red Hoodie,Three Hairs,Long Beard,Wooden Cup
Light Grey,Basic Shell Yellow,Green,Obsessed,Grey Blue Suit,Buzzcut,Gold Round Frame Glasses,Espresso Cup
Light Sea,Basic Shell Blue,Green,Wink,Skull Brand Tee B,Buzzcut,None,Cookie Cup
Light Sea,Basic Shell Green,Green,Relaxed,Grey Blue Suit,Slicked Back,Star Shaped Glasses,Striped Latte Cup
Purple Grey,Sawtooth Armor Shell,Green,Relaxed,Baseball Jacket,Short Spiky Red,None,Green Mug
Light Green,Triangle Armor Shell,Green,Naughty,Turtleneck Hoodie,Buzzcut,None,Iced Coffee Takeaway
Wheat,Sawtooth Armor Shell,Green,Naughty,Mist Square Tee,Bunny Ears,Long Beard,Blue Label Takeaway
Burly Wood,Scale Armor Shell,Green,Charming,Skull Brand Tee A,Headphone,Gold Round Frame Glasses,Cookie Cup
Burly Wood,Basic Shell Yellow,Green,Charming,Tee with Bull,Bunny Ears,None,High Glass
Light Green,Scale Armor Shell,Green,Kawaii,Striped Outer Shirt,Slicked Back,Bubble Gum,Green Label Takeaway
Burly Wood,Polygon Armor Shell,Green,Relaxed,Crema Sweater Landscape,Buzzcut,Bubble Gum,Crema Latte Cup
Wheat,Fossil Vivet Shell,Green,Charming,Baseball Jacket,Slicked Back,None,Espresso Cup
Burly Wood,Scale Armor Shell,Green,Relaxed,Basketball Jersey,Just Trimmed,Long Beard,Purple Mug
Light Green,Basic Shell Yellow,Green,Obsessed,Chess Board Tee,Short Spiky Red,Bubble Gum,Keep Cup
Burly Wood,Mushroom Shell,Green,Naughty,Rivet Jacket,Just Trimmed,Long Beard,Snow Top Coffee
Burly Wood,Basic Shell Blue,Green,Relaxed,Tee with Bull,Hopter,Bubble Gum,Keep Cup
Burly Wood,Mushroom Shell,Green,Wink,Khaki Outer Shirt,Medium Length,None,Round Glass
Light Green,Mushroom Shell,Green,Relaxed,Burning Logo Black Tee,none,Star Shaped Glasses,Crema Latte Cup
Steel Blue,Triangle Armor Shell,Green,Charming,Grey Blue Suit,Headphone,Star Shaped Glasses,Wooden Cup
Purple Grey,Basic Shell Pink,Green,Calm,Tee with Smiley,Snape,Gold Round Frame Glasses,Green Label Takeaway
Burly Wood,Sawtooth Armor Shell,Green,Charming,Zodiac Tee,Medium Length,Star Shaped Glasses,Keep Cup
Light Grey,Basic Shell Yellow,Green,Obsessed,Tree Casual Shirt,Short Spiky Red,Long Beard,Snow Top Coffee
Lavender,Basic Shell Blue,Green,Calm,Striped Block Tee,Baseball Cap,None,Espresso Cup
Lavender,Polygon Armor Shell,Green,Kawaii,Crema Sweater Landscape,Dreadlocks,Star Shaped Glasses,Odd Shape Cup
Light Green,Scale Armor Shell,Green,Obsessed,Burning Logo Black Tee,Dreadlocks,Star Shaped Glasses,Striped Latte Cup
Light Green,Polygon Armor Shell,Green,Charming,Flame Tee,Bunny Ears,Star Shaped Glasses,Round Glass
Wheat,Basic Shell Blue,Green,Calm,Overalls,Baseball Cap,Star Shaped Glasses,Blue Label Takeaway
Light Sea,Basic Shell Green,Green,Charming,Turtleneck Sweater,Thin & Short,Star Shaped Glasses,Keep Cup
Steel Blue,Sawtooth Armor Shell,Green,Calm,Khaki Tee with Pocket,Medium Length,None,Cookie Cup
Light Sea,Polygon Armor Shell,Green,Calm,Grey Palette Sweater,Dreadlocks,Gold Round Frame Glasses,Takeaway Cup
Lavender,Triangle Armor Shell,Green,Naughty,LOL Tee,Short Spiky Red,Long Beard,Round Glass
Light Grey,Polygon Armor Shell,Green,Relaxed,Turtleneck Sweater,none,Bubble Gum,High Glass
Burly Wood,Mushroom Shell,Green,Charming,LOL Tee,Cap on Backwards,Long Beard,Wooden Cup
Steel Blue,Basic Shell Yellow,Green,Relaxed,Crema Sweater B&O,Buzzcut,Long Beard,Thermos Cup
Light Green,Triangle Armor Shell,Green,Obsessed,Apron,Hopter,None,Odd Shape Cup
Light Grey,Basic Shell Green,Green,Kawaii,Flower Casual Shirt,Headphone,Star Shaped Glasses,Striped Latte Cup
Light Blue,Basic Shell Blue,Green,Relaxed,Triangle Yellow Sweater,Medium Length,Star Shaped Glasses,Horn Cup
Lavender,Basic Shell Pink,Green,Calm,Skull Brand Tee A,Thin & Short,Gold Round Frame Glasses,Transparent Latte Cup
Purple Grey,Basic Shell Blue,Green,Obsessed,Skull Brand Tee B,Medium Length,Bubble Gum,Green Mug
Burly Wood,Basic Shell Grey,Green,Charming,Rivet Jacket,Side Parting,None,Snow Top Coffee
Steel Blue,Mushroom Shell,Green,Kawaii,Burning Logo Black Tee,Dreadlocks,Long Beard,Thermos Cup
Light Sea,Basic Shell Blue,Green,Kawaii,Camouflage Tee,Buzzcut,Gold Round Frame Glasses,Green Mug
Lavender,Polygon Armor Shell,Green,Charming,Rivet Jacket,Side Parting,Bubble Gum,Iced Coffee Takeaway
Light Green,Polygon Armor Shell,Green,Charming,Chequered Shirt,Short Spiky Red,Bubble Gum,Espresso Cup
Wheat,Basic Shell Green,Green,Wink,Film Photo Tee,Side Parting,Gold Round Frame Glasses,Transparent Latte Cup
Purple Grey,Polygon Armor Shell,Green,Kawaii,Film Photo Tee,Headphone,Star Shaped Glasses,Keep Cup
Steel Blue,Basic Shell Blue,Green,Obsessed,Astronaut Tee,Short Spiky Red,Gold Round Frame Glasses,Round Glass
Lavender,Basic Shell Green,Green,Naughty,Flame Tee,Medium Length,None,Keep Cup
Light Grey,Basic Shell Grey,Green,Obsessed,Turtleneck Hoodie,Three Hairs,None,Odd Shape Cup
Purple Grey,Polygon Armor Shell,Green,Calm,B&W Contrast Sweater,Buzzcut,Long Beard,Round Glass
Burly Wood,Basic Shell Blue,Green,Wink,Skull Brand Tee A,Slicked Back,Bubble Gum,Crema Latte Cup
Wheat,Scale Armor Shell,Green,Calm,Crema Sweater B&O,Buzzcut,Bubble Gum,Blue Mug
Burly Wood,Sawtooth Armor Shell,Green,Naughty,Crema Sweater Landscape,Mohawk,Star Shaped Glasses,Snow Top Coffee
Light Blue,Mushroom Shell,Green,Calm,Khaki Outer Shirt,Mohawk,None,Snow Top Coffee
Light Green,Basic Shell Green,Green,Calm,Khaki Tee with Pocket,Mohawk,Gold Round Frame Glasses,Crema Latte Cup
Lavender,Basic Shell Yellow,Green,Naughty,Burning Logo Black Tee,Side Parting,Bubble Gum,Transparent Latte Cup
Wheat,Fossil Vivet Shell,Green,Naughty,Crema Sweater B&O,Slicked Back,Gold Round Frame Glasses,High Glass
Light Blue,Basic Shell Yellow,Green,Naughty,Baseball Jacket,Side Parting,Bubble Gum,Snow Top Coffee
Purple Grey,Basic Shell Grey,Green,Kawaii,Comet Brand Tee,Slicked Back,Gold Round Frame Glasses,Transparent Latte Cup
Steel Blue,Basic Shell Blue,Green,Calm,Stripped Tee,Side Parting,Star Shaped Glasses,Cyberpunk Cup
Light Sea,Fossil Vivet Shell,Green,Calm,Khaki Tee with Pocket,One Eyed Look,Long Beard,Purple Mug
Purple Grey,Triangle Armor Shell,Green,Wink,Rivet Jacket,Side Parting,Star Shaped Glasses,Crema Latte Cup
Lavender,Scale Armor Shell,Green,Naughty,Tee with Smiley,Short Spiky Red,Gold Round Frame Glasses,Transparent Latte Cup
Burly Wood,Fossil Vivet Shell,Green,Kawaii,Pink Shirt with Pockets,Mohawk,Gold Round Frame Glasses,Thermos Cup
Light Sea,Scale Armor Shell,Green,Charming,B&W Contrast Sweater,Snape,Long Beard,Blue Mug
Purple Grey,Fossil Vivet Shell,Green,Naughty,Overalls,Medium Length,Long Beard,Keep Cup
Steel Blue,Basic Shell Pink,Green,Wink,Turtleneck Hoodie,Slicked Back,None,Blue Label Takeaway
Purple Grey,Sawtooth Armor Shell,Green,Naughty,B&W Contrast Sweater,Reggae,Long Beard,Espresso Cup
Light Grey,Polygon Armor Shell,Green,Relaxed,Red Hoodie,Medium Length,Bubble Gum,Round Glass
Light Green,Basic Shell Grey,Green,Calm,Khaki Outer Shirt,Buzzcut,Star Shaped Glasses,Snow Top Coffee
Purple Grey,Fossil Vivet Shell,Green,Wink,Pigeon Tee,Bandana,Long Beard,Keep Cup
Light Sea,Basic Shell Blue,Green,Obsessed,Striped Outer Shirt,Three Hairs,Bubble Gum,Blue Label Takeaway
Light Grey,Basic Shell Yellow,Green,Kawaii,Burning Logo White Tee,Baseball Cap,Star Shaped Glasses,Snow Top Coffee
Light Green,Basic Shell Pink,Green,Calm,Skull Brand Tee A,Slicked Back,Gold Round Frame Glasses,Round Glass
Purple Grey,Polygon Armor Shell,Green,Relaxed,Burning Logo Black Tee,Mohawk,Star Shaped Glasses,Takeaway Cup
Purple Grey,Basic Shell Pink,Green,Calm,Grey Palette Sweater,Side Parting,Long Beard,Iced Coffee Takeaway
Burly Wood,Basic Shell Pink,Green,Calm,Green Sweater,Buzzcut,Long Beard,Cookie Cup
Light Sea,Fossil Vivet Shell,Green,Wink,Triangle Yellow Sweater,Side Parting,Gold Round Frame Glasses,Snow Top Coffee
Light Blue,Basic Shell Yellow,Green,Wink,LOL Tee,Buzzcut,Long Beard,Blue Label Takeaway
Burly Wood,Basic Shell Blue,Green,Kawaii,Ripped Tee,Slicked Back,Long Beard,Transparent Latte Cup
Steel Blue,Basic Shell Grey,Green,Wink,Film Photo Tee,none,Bubble Gum,Horn Cup
Light Green,Triangle Armor Shell,Green,Wink,Overalls,Buzzcut,Star Shaped Glasses,Blue Label Takeaway
Light Green,Basic Shell Green,Green,Calm,Striped Outer Shirt,Hopter,Star Shaped Glasses,Striped Latte Cup
Steel Blue,Scale Armor Shell,Green,Wink,Khaki Outer Shirt,Dreadlocks,Long Beard,Iced Coffee Takeaway
Steel Blue,Basic Shell Yellow,Green,Wink,Leaf Casual Shirt,Side Parting,None,Snow Top Coffee
Light Grey,Basic Shell Grey,Green,Obsessed,Red Patterned Sweater,Reggae,Star Shaped Glasses,Takeaway Cup
Light Sea,Triangle Armor Shell,Green,Relaxed,Grey Palette Sweater,Headphone,Long Beard,Transparent Latte Cup
Burly Wood,Sawtooth Armor Shell,Green,Calm,Cactus Tee,Hopter,Bubble Gum,Green Mug
Light Grey,Scale Armor Shell,Green,Calm,Red Patterned Sweater,Medium Length,Star Shaped Glasses,Takeaway Cup
Wheat,Fossil Vivet Shell,Green,Charming,Tee with Smiley,Bunny Ears,Star Shaped Glasses,Wooden Cup
Purple Grey,Fossil Vivet Shell,Green,Naughty,Basketball Jersey,Buzzcut,Star Shaped Glasses,Transparent Latte Cup
Steel Blue,Fossil Vivet Shell,Green,Charming,Astronaut Tee,none,Star Shaped Glasses,Striped Latte Cup
Light Blue,Triangle Armor Shell,Green,Obsessed,Baseball Jacket,Buzzcut,Long Beard,Keep Cup
Light Sea,Mushroom Shell,Green,Calm,Overalls,Reggae,Star Shaped Glasses,Horn Cup
Wheat,Basic Shell Yellow,Green,Naughty,B&W Contrast Sweater,Side Parting,Gold Round Frame Glasses,Thermos Cup
Lavender,Fossil Vivet Shell,Green,Relaxed,Triangle Yellow Sweater,Thin & Short,Star Shaped Glasses,Purple Mug
Light Blue,Polygon Armor Shell,Green,Relaxed,Rivet Jacket,Baseball Cap,Star Shaped Glasses,Cyberpunk Cup
Steel Blue,Sawtooth Armor Shell,Green,Wink,Cactus Tee,Medium Length,Gold Round Frame Glasses,Transparent Latte Cup
Light Grey,Polygon Armor Shell,Green,Relaxed,Chequered Shirt,Side Parting,Gold Round Frame Glasses,Crema Latte Cup
Lavender,Basic Shell Green,Green,Calm,Khaki Outer Shirt,Short Spiky Red,Gold Round Frame Glasses,Wooden Cup
Light Sea,Basic Shell Blue,Green,Obsessed,Chequered Shirt,One Eyed Look,Long Beard,Thermos Cup
Burly Wood,Basic Shell Blue,Green,Kawaii,Film Photo Tee,Slicked Back,None,Transparent Latte Cup
Burly Wood,Basic Shell Pink,Green,Obsessed,Skull Brand Tee B,Baseball Cap,Gold Round Frame Glasses,Snow Top Coffee
Lavender,Polygon Armor Shell,Green,Relaxed,Tree Casual Shirt,Dreadlocks,Long Beard,Thermos Cup
Steel Blue,Basic Shell Grey,Green,Obsessed,Animal Emoji Sweater,Snape,Bubble Gum,Purple Mug
Light Blue,Polygon Armor Shell,Green,Calm,Zodiac Tee,Three Hairs,Long Beard,Purple Mug
Purple Grey,Basic Shell Yellow,Green,Naughty,Camouflage Tee,Mohawk,None,Purple Mug
Burly Wood,Sawtooth Armor Shell,Green,Wink,Stripped Tee,Hopter,None,Green Mug
Light Green,Triangle Armor Shell,Green,Naughty,Flower Casual Shirt,Short Spiky Red,None,Odd Shape Cup
Burly Wood,Basic Shell Pink,Green,Relaxed,Sailor Suit,Short Spiky Red,Gold Round Frame Glasses,Round Glass
Lavender,Basic Shell Blue,Green,Wink,Striped Square Tee,Side Parting,Star Shaped Glasses,Odd Shape Cup
Purple Grey,Fossil Vivet Shell,Green,Obsessed,Striped Outer Shirt,none,None,Thermos Cup
Lavender,Basic Shell Yellow,Green,Naughty,Apron,Bunny Ears,None,Round Glass
Light Blue,Basic Shell Green,Green,Calm,Grey Blue Suit,Dreadlocks,Star Shaped Glasses,Keep Cup
Burly Wood,Basic Shell Yellow,Green,Obsessed,Triangle Yellow Sweater,Reggae,None,Takeaway Cup
Lavender,Basic Shell Pink,Green,Wink,Astronaut Tee,Three Hairs,Long Beard,Iced Coffee Takeaway
Purple Grey,Scale Armor Shell,Green,Kawaii,Skull Brand Tee A,Medium Length,Long Beard,Cookie Cup
Light Sea,Mushroom Shell,Green,Charming,Pink Shirt with Pockets,Headphone,None,Round Glass
Burly Wood,Fossil Vivet Shell,Green,Charming,Striped Square Tee,Three Hairs,Long Beard,Takeaway Cup
Light Grey,Scale Armor Shell,Green,Kawaii,Skull Brand Tee A,Hopter,Bubble Gum,High Glass
Light Grey,Basic Shell Pink,Green,Wink,Basketball Jersey,Slicked Back,None,High Glass
Light Sea,Basic Shell Grey,Green,Wink,Film Photo Tee,Three Hairs,Star Shaped Glasses,Iced Coffee Takeaway
Light Sea,Sawtooth Armor Shell,Green,Wink,Pigeon Tee,Dreadlocks,Long Beard,Keep Cup
Purple Grey,Triangle Armor Shell,Green,Relaxed,Animal Emoji Sweater,Headphone,None,Green Label Takeaway
Purple Grey,Scale Armor Shell,Green,Relaxed,Grey Short Sleeve Shirt,Buzzcut,Long Beard,Horn Cup
Burly Wood,Scale Armor Shell,Green,Naughty,Red Hoodie,Mohawk,None,Wooden Cup
Lavender,Mushroom Shell,Green,Charming,Chequered Shirt,Medium Length,Long Beard,Takeaway Cup
Purple Grey,Basic Shell Blue,Green,Kawaii,Crema Sweater Landscape,Reggae,Long Beard,Striped Latte Cup
Steel Blue,Scale Armor Shell,Green,Calm,Striped Outer Shirt,Just Trimmed,None,High Glass
Burly Wood,Polygon Armor Shell,Green,Wink,Grey Short Sleeve Shirt,Hopter,Gold Round Frame Glasses,High Glass
Burly Wood,Sawtooth Armor Shell,Green,Naughty,Comet Brand Tee,Side Parting,Bubble Gum,Blue Mug
Steel Blue,Sawtooth Armor Shell,Green,Charming,Red Patterned Sweater,Headphone,Bubble Gum,Blue Label Takeaway
Steel Blue,Polygon Armor Shell,Green,Obsessed,Apron,Dreadlocks,None,Snow Top Coffee
Light Green,Mushroom Shell,Green,Naughty,LOL Tee,Medium Length,Star Shaped Glasses,Cookie Cup
Light Sea,Triangle Armor Shell,Green,Calm,Apron,Thin & Short,None,Snow Top Coffee
Light Grey,Basic Shell Yellow,Green,Relaxed,Skull Brand Tee A,Buzzcut,None,Blue Mug
Burly Wood,Mushroom Shell,Green,Naughty,Khaki Tee with Pocket,Thin & Short,Long Beard,Odd Shape Cup
Purple Grey,Basic Shell Green,Green,Relaxed,Crema Sweater B&O,Short Spiky Red,None,Espresso Cup
Light Blue,Basic Shell Grey,Green,Obsessed,Tee with Bull,Buzzcut,Bubble Gum,Horn Cup
Light Sea,Fossil Vivet Shell,Green,Calm,Pigeon Tee,Hopter,None,Odd Shape Cup
Light Sea,Polygon Armor Shell,Green,Naughty,Grey Tee,Mohawk,Long Beard,Horn Cup
Lavender,Fossil Vivet Shell,Green,Wink,Burning Logo White Tee,none,Bubble Gum,Cookie Cup
Burly Wood,Basic Shell Blue,Green,Kawaii,Comet Brand Tee,Side Parting,Gold Round Frame Glasses,Cyberpunk Cup
Burly Wood,Sawtooth Armor Shell,Green,Charming,Mist Square Tee,Headphone,None,Crema Latte Cup
Lavender,Basic Shell Pink,Green,Naughty,Stripped Tee,Side Parting,Long Beard,High Glass
Lavender,Basic Shell Green,Green,Kawaii,Skull Brand Tee B,Headphone,Long Beard,Odd Shape Cup
Light Grey,Basic Shell Grey,Green,Kawaii,Chess Board Tee,Thin & Short,None,Green Label Takeaway
Lavender,Sawtooth Armor Shell,Green,Wink,Cactus Tee,Headphone,Star Shaped Glasses,Blue Label Takeaway
Light Green,Fossil Vivet Shell,Green,Wink,White Outer Shirt,One Eyed Look,Bubble Gum,Wooden Cup
Light Blue,Fossil Vivet Shell,Green,Calm,Grey Blue Suit,Medium Length,Bubble Gum,Keep Cup
Burly Wood,Basic Shell Green,Green,Calm,Tree Casual Shirt,Snape,Bubble Gum,Purple Mug
Light Sea,Scale Armor Shell,Green,Kawaii,Red Hoodie,Baseball Cap,Gold Round Frame Glasses,Horn Cup
Lavender,Scale Armor Shell,Green,Calm,Chequered Shirt,Headphone,Gold Round Frame Glasses,Horn Cup
Light Green,Scale Armor Shell,Green,Relaxed,Pink Shirt with Pockets,Short Spiky Red,Gold Round Frame Glasses,Snow Top Coffee
Wheat,Triangle Armor Shell,Green,Charming,LOL Tee,Headphone,Star Shaped Glasses,Espresso Cup
Purple Grey,Scale Armor Shell,Green,Wink,Crema Sweater B&O,Side Parting,Long Beard,Horn Cup
Light Grey,Triangle Armor Shell,Green,Kawaii,Stripped Tee,Headphone,Gold Round Frame Glasses,Blue Mug
Purple Grey,Triangle Armor Shell,Green,Calm,Striped Outer Shirt,Slicked Back,Gold Round Frame Glasses,Cyberpunk Cup
Light Blue,Polygon Armor Shell,Green,Naughty,Cactus Tee,Bunny Ears,Star Shaped Glasses,Green Mug
Light Green,Triangle Armor Shell,Green,Naughty,Flower Casual Shirt,Buzzcut,Bubble Gum,Crema Latte Cup
Light Blue,Basic Shell Green,Green,Wink,Basketball Jersey,Headphone,None,Cookie Cup
Burly Wood,Polygon Armor Shell,Green,Relaxed,Red Patterned Sweater,Medium Length,None,Green Label Takeaway
