Steel Blue,Fossil Vivet Shell,Green,Kawaii,Doctor Uniform,Stethoscope,Smiley Mask,Side Parting,Purple Mug
Light Grey,Steel Vivet Shell,Green,Kawaii,Doctor Uniform,Stethoscope,Lipstick Print,none,Striped Latte Cup
Lavender,Basic Shell Yellow,Green,Calm,Doctor Uniform,none,Band Aid,Mohawk,Transparent Latte Cup
Burly Wood,Scale Armor Shell,Green,Wink,Doctor Uniform,Stethoscope,N95 Mask,Buzzcut,Green Label Takeaway
Light Green,Magma Shell,Green,Charming,Grey Tee,Stethoscope,Brown Sunglasses,Mushroom,Crema Latte Cup
Burly Wood,Digital Shell,Green,Obsessed,Grey Tee,Stethoscope,N95 Mask,Buzzcut,Snow Top Coffee
Light Sea,Iced Shell,Green,Naughty,Doctor Uniform,Stethoscope,Heart Shaped Glasses,Side Parting,Takeaway Cup
Light Green,Basic Shell Blue,Green,Wink,Grey Tee,Stethoscope,Lipstick Print,Slicked Back,Snow Top Coffee
Steel Blue,Steel Vivet Shell,Green,Charming,Doctor Uniform,Stethoscope,Heart Shaped Glasses,none,Striped Latte Cup
Light Grey,Cyberpunk Shell,Green,Charming,Grey Tee,Stethoscope,Medical Mask,Mohawk,Wooden Cup
Steel Blue,Fossil Vivet Shell,Green,Obsessed,Grey Tee,Stethoscope,Gold Round Frame Glasses,Buzzcut,Horn Cup
Light Blue,Fire Shell,Green,Wink,Grey Tee,Stethoscope,Smiley Mask,Angel Halo,Snow Top Coffee
Steel Blue,Basic Shell Pink,Green,Kawaii,Grey Tee,Stethoscope,Smiley Mask,Dreadlocks,Espresso Cup
Lavender,Lego Shell,Green,Obsessed,Grey Tee,Stethoscope,Medical Mask,Side Parting,Snow Top Coffee
Steel Blue,Basic Shell Grey,Green,Charming,Doctor Uniform,Stethoscope,Gold Round Frame Glasses,Slicked Back,Cookie Cup
Wheat,Basic Shell Blue,Green,Kawaii,Doctor Uniform,Stethoscope,N95 Mask,Punk,Espresso Cup
Light Grey,Honey Jar Shell,Green,Obsessed,Doctor Uniform,Stethoscope,Masking Cloth,Side Parting,Transparent Latte Cup
Lavender,Iced Shell,Green,Relaxed,Grey Tee,Stethoscope,none,Dreadlocks,Snow Top Coffee
Lavender,Fire Shell,Green,Relaxed,Doctor Uniform,Stethoscope,none,Mohawk,Iced Coffee Takeaway
Light Sea,Winged Shell,Green,Kawaii,Grey Tee,Stethoscope,Gold Round Frame Glasses,Buzzcut,Iced Coffee Takeaway
Steel Blue,Basic Shell Green,Green,Kawaii,Grey Tee,Stethoscope,Lipstick Print,Mohawk,Odd Shape Cup
Steel Blue,Basic Shell Blue,Green,Wink,Grey Tee,Stethoscope,Lipstick Print,Buzzcut,Odd Shape Cup
Light Grey,Basic Shell Green,Green,Calm,Grey Tee,Stethoscope,Masking Cloth,Mushroom,Wooden Cup
Wheat,Basic Shell Pink,Green,Wink,Grey Tee,Stethoscope,Smiley Mask,Mohawk,Green Mug
Purple Grey,Scale Armor Shell,Green,Wink,Grey Tee,Stethoscope,Medical Mask,Center Parting,Blue Mug
Purple Grey,Steel Vivet Shell,Green,Naughty,Grey Tee,Stethoscope,Brown Sunglasses,Side Parting,Crema Latte Cup
Light Grey,Fossil Vivet Shell,Green,Naughty,Doctor Uniform,Stethoscope,Gold Round Frame Glasses,Punk,Blue Label Takeaway
Wheat,Steel Vivet Shell,Green,Wink,Doctor Uniform,Stethoscope,N95 Mask,Punk,Keep Cup
Light Blue,Fire Shell,Green,Wink,Doctor Uniform,Stethoscope,Brown Sunglasses,Side Parting,Thermos Cup
Light Green,Lego Shell,Green,Wink,Doctor Uniform,Stethoscope,Medical Mask,Slicked Back,Round Glass
Burly Wood,Steel Vivet Shell,Green,Naughty,Grey Tee,Stethoscope,Heart Shaped Glasses,Punk,Cookie Cup
Steel Blue,Basic Shell Green,Green,Wink,Doctor Uniform,Stethoscope,N95 Mask,Mushroom,Takeaway Cup
Purple Grey,Basic Shell Green,Green,Wink,Grey Tee,Stethoscope,Smiley Mask,Slicked Back,Takeaway Cup
Steel Blue,Basic Shell Yellow,Green,Charming,Doctor Uniform,Stethoscope,Smiley Mask,Mohawk,Iced Coffee Takeaway
Wheat,Cyberpunk Shell,Green,Charming,Grey Tee,Stethoscope,Gold Round Frame Glasses,Angel Halo,Striped Latte Cup
Light Green,Lego Shell,Green,Naughty,Doctor Uniform,Stethoscope,none,Buzzcut,Round Glass
Purple Grey,Digital Shell,Green,Relaxed,Doctor Uniform,Stethoscope,none,Buzzcut,Purple Mug
Steel Blue,Basic Shell Pink,Green,Calm,Doctor Uniform,Stethoscope,Gold Round Frame Glasses,Side Parting,Green Mug
Light Grey,Honey Jar Shell,Green,Relaxed,Grey Tee,none,Gold Round Frame Glasses,Slicked Back,Keep Cup
Wheat,Cyberpunk Shell,Green,Kawaii,Grey Tee,Stethoscope,Smiley Mask,Mohawk,Horn Cup
Light Blue,Honey Jar Shell,Green,Relaxed,Grey Tee,Stethoscope,Smiley Mask,Angel Halo,Green Label Takeaway
Light Grey,Honey Jar Shell,Green,Obsessed,Grey Tee,Stethoscope,Masking Cloth,Center Parting,High Glass
Purple Grey,Scale Armor Shell,Green,Kawaii,Grey Tee,Stethoscope,Medical Mask,Buzzcut,High Glass
Light Blue,Basic Shell Green,Green,Naughty,Grey Tee,Stethoscope,N95 Mask,none,Odd Shape Cup
Light Blue,Honey Jar Shell,Green,Obsessed,Grey Tee,Stethoscope,Heart Shaped Glasses,Mushroom,Cyberpunk Cup
Light Sea,Winged Shell,Green,Calm,Doctor Uniform,Stethoscope,none,Mushroom,High Glass
Steel Blue,Basic Shell Green,Green,Kawaii,Grey Tee,Stethoscope,Lipstick Print,Side Parting,Round Glass
Purple Grey,Fossil Vivet Shell,Green,Charming,Grey Tee,none,Heart Shaped Glasses,Mushroom,Cyberpunk Cup
Light Blue,Winged Shell,Green,Wink,Doctor Uniform,Stethoscope,Smiley Mask,Mohawk,Horn Cup
Light Blue,Magma Shell,Green,Wink,Doctor Uniform,Stethoscope,Gold Round Frame Glasses,Buzzcut,Odd Shape Cup
Light Grey,Basic Shell Grey,Green,Relaxed,Doctor Uniform,Stethoscope,N95 Mask,Side Parting,Odd Shape Cup
Light Grey,Basic Shell Green,Green,Wink,Doctor Uniform,Stethoscope,Lipstick Print,Buzzcut,Purple Mug
Steel Blue,Honey Jar Shell,Green,Relaxed,Doctor Uniform,Stethoscope,Lipstick Print,Angel Halo,Thermos Cup
Burly Wood,Basic Shell Yellow,Green,Wink,Doctor Uniform,Stethoscope,Smiley Mask,Mohawk,Blue Mug
Purple Grey,Steel Vivet Shell,Green,Kawaii,Grey Tee,Stethoscope,Heart Shaped Glasses,Mushroom,Green Label Takeaway
Purple Grey,Steel Vivet Shell,Green,Kawaii,Doctor Uniform,Stethoscope,Medical Mask,Mushroom,Horn Cup
Light Grey,Cyberpunk Shell,Green,Kawaii,Grey Tee,Stethoscope,Gold Round Frame Glasses,Buzzcut,Thermos Cup
Wheat,Honey Jar Shell,Green,Calm,Grey Tee,Stethoscope,Smiley Mask,Center Parting,Transparent Latte Cup
Light Sea,Basic Shell Grey,Green,Relaxed,Doctor Uniform,none,N95 Mask,Side Parting,Striped Latte Cup
Wheat,Iced Shell,Green,Wink,Grey Tee,Stethoscope,Lipstick Print,Buzzcut,High Glass
Burly Wood,Iced Shell,Green,Relaxed,Doctor Uniform,Stethoscope,Smiley Mask,Mushroom,Keep Cup
Wheat,Basic Shell Pink,Green,Charming,Doctor Uniform,Stethoscope,Heart Shaped Glasses,Dreadlocks,Cyberpunk Cup
Lavender,Fire Shell,Green,Charming,Doctor Uniform,Stethoscope,Medical Mask,Mohawk,Keep Cup
Wheat,Lego Shell,Green,Relaxed,Grey Tee,Stethoscope,Gold Round Frame Glasses,Side Parting,Transparent Latte Cup
Light Green,Steel Vivet Shell,Green,Kawaii,Grey Tee,Stethoscope,Heart Shaped Glasses,Side Parting,Transparent Latte Cup
Steel Blue,Basic Shell Grey,Green,Relaxed,Grey Tee,Stethoscope,Brown Sunglasses,Center Parting,High Glass
Lavender,Basic Shell Blue,Green,Obsessed,Doctor Uniform,Stethoscope,Medical Mask,Center Parting,Thermos Cup
Light Grey,Scale Armor Shell,Green,Obsessed,Grey Tee,Stethoscope,Brown Sunglasses,Center Parting,Blue Mug
Light Grey,Lego Shell,Green,Charming,Doctor Uniform,Stethoscope,Lipstick Print,Buzzcut,Takeaway Cup
Wheat,Lego Shell,Green,Obsessed,Grey Tee,Stethoscope,Heart Shaped Glasses,Punk,Espresso Cup
Purple Grey,Steel Vivet Shell,Green,Calm,Grey Tee,Stethoscope,Smiley Mask,Center Parting,Transparent Latte Cup
Light Green,Basic Shell Green,Green,Calm,Grey Tee,Stethoscope,Smiley Mask,Mohawk,Thermos Cup
Burly Wood,Basic Shell Green,Green,Kawaii,Grey Tee,Stethoscope,Gold Round Frame Glasses,Center Parting,Espresso Cup
Lavender,Basic Shell Grey,Green,Kawaii,Doctor Uniform,none,N95 Mask,Slicked Back,Cyberpunk Cup
Light Grey,Magma Shell,Green,Naughty,Doctor Uniform,Stethoscope,Lipstick Print,Mushroom,Striped Latte Cup
Light Blue,Fossil Vivet Shell,Green,Obsessed,Grey Tee,Stethoscope,Brown Sunglasses,Mushroom,Snow Top Coffee
Light Blue,Basic Shell Green,Green,Kawaii,Doctor Uniform,Stethoscope,Heart Shaped Glasses,none,Green Mug
Lavender,Scale Armor Shell,Green,Naughty,Grey Tee,Stethoscope,Brown Sunglasses,Side Parting,Round Glass
Purple Grey,Scale Armor Shell,Green,Wink,Grey Tee,Stethoscope,N95 Mask,Side Parting,Green Mug
Light Sea,Fossil Vivet Shell,Green,Kawaii,Grey Tee,Stethoscope,Masking Cloth,Side Parting,Crema Latte Cup
Light Blue,Iced Shell,Green,Relaxed,Grey Tee,Stethoscope,N95 Mask,Mohawk,Round Glass
Wheat,Magma Shell,Green,Relaxed,Doctor Uniform,Stethoscope,Brown Sunglasses,Mohawk,Crema Latte Cup
Light Blue,Fire Shell,Green,Charming,Grey Tee,Stethoscope,N95 Mask,Mohawk,Thermos Cup
Light Sea,Fire Shell,Green,Kawaii,Grey Tee,Stethoscope,Lipstick Print,Buzzcut,Crema Latte Cup
Burly Wood,Iced Shell,Green,Obsessed,Doctor Uniform,Stethoscope,Smiley Mask,Buzzcut,Cookie Cup
Steel Blue,Fire Shell,Green,Kawaii,Grey Tee,Stethoscope,Brown Sunglasses,Punk,Espresso Cup
Light Green,Fossil Vivet Shell,Green,Naughty,Doctor Uniform,Stethoscope,Smiley Mask,Center Parting,High Glass
Light Sea,Fire Shell,Green,Calm,Doctor Uniform,none,Heart Shaped Glasses,none,Snow Top Coffee
Purple Grey,Honey Jar Shell,Green,Wink,Doctor Uniform,Stethoscope,Smiley Mask,Mohawk,Horn Cup
Light Sea,Steel Vivet Shell,Green,Calm,Doctor Uniform,Stethoscope,Band Aid,Buzzcut,Horn Cup
Light Sea,Basic Shell Blue,Green,Wink,Doctor Uniform,none,Smiley Mask,Buzzcut,Thermos Cup
Lavender,Magma Shell,Green,Relaxed,Grey Tee,Stethoscope,Masking Cloth,Buzzcut,Green Label Takeaway
Light Blue,Basic Shell Grey,Green,Relaxed,Grey Tee,Stethoscope,Masking Cloth,Mushroom,Cookie Cup
Lavender,Basic Shell Grey,Green,Wink,Doctor Uniform,Stethoscope,N95 Mask,Mohawk,Thermos Cup
Wheat,Iced Shell,Green,Kawaii,Doctor Uniform,Stethoscope,Lipstick Print,Slicked Back,Wooden Cup
Steel Blue,Basic Shell Yellow,Green,Kawaii,Doctor Uniform,Stethoscope,N95 Mask,Side Parting,High Glass
Wheat,Basic Shell Yellow,Green,Charming,Doctor Uniform,Stethoscope,Brown Sunglasses,none,Thermos Cup
Steel Blue,Lego Shell,Green,Wink,Grey Tee,Stethoscope,Smiley Mask,Punk,Thermos Cup
Light Green,Iced Shell,Green,Calm,Doctor Uniform,Stethoscope,Smiley Mask,Center Parting,Horn Cup
Burly Wood,Iced Shell,Green,Naughty,Grey Tee,none,Brown Sunglasses,Buzzcut,Cyberpunk Cup
