Lavender,Steel Vivet Shell,Green,Wink,Chef Coat,none,Angel Halo,Wooden Cup
Wheat,Triangle Armor Shell,Green,Obsessed,Apron,Smiley Mask,Side Parting,Horn Cup
Steel Blue,Fire Shell,Green,Naughty,Chef Coat,none,Punk,Striped Latte Cup
Burly Wood,Honey Jar Shell,Green,Charming,Chef Coat,Gold Round Frame Glasses,Dreadlocks,Wooden Cup
Light Grey,Basic Shell Pink,Green,Wink,Apron,none,Angel Halo,Blue Mug
Light Sea,Fossil Vivet Shell,Green,Naughty,Apron,Gold Round Frame Glasses,Hopter,Espresso Cup
Wheat,Honey Jar Shell,Green,Relaxed,Apron,none,none,Thermos Cup
Burly Wood,Fire Shell,Green,Naughty,Apron,Gold Round Frame Glasses,Buzzcut,Transparent Latte Cup
Purple Grey,Basic Shell Blue,Green,Wink,Apron,Gold Round Frame Glasses,Winged Headphone,Iced Coffee Takeaway
Light Sea,Lego Shell,Green,Wink,Apron,Medical Mask,Angel Halo,Green Mug
Steel Blue,Scale Armor Shell,Green,Wink,Chef Coat,Black Sunglasses,Winged Headphone,Green Mug
Wheat,Wok Shell,Green,Relaxed,Apron,Gold Round Frame Glasses,none,Odd Shape Cup
Light Green,Iced Shell,Green,Naughty,Apron,Medical Mask,Winged Headphone,Takeaway Cup
Wheat,Honey Jar Shell,Green,Calm,Chef Coat,none,Buzzcut,Horn Cup
Light Grey,Steel Vivet Shell,Green,Charming,Apron,Gold Round Frame Glasses,Winged Headphone,Cyberpunk Cup
Burly Wood,Basic Shell Yellow,Green,Calm,Chef Coat,Black Sunglasses,Winged Headphone,Blue Label Takeaway
Burly Wood,Basic Shell Green,Green,Obsessed,Apron,Long Beard,none,Horn Cup
Purple Grey,Basic Shell Yellow,Green,Naughty,Apron,Medical Mask,none,Thermos Cup
Steel Blue,Basic Shell Grey,Green,Charming,Apron,Tobacco Pipe,Slicked Back,Odd Shape Cup
Wheat,Basic Shell Blue,Green,Charming,Apron,Long Beard,none,Cookie Cup
Light Sea,Steel Vivet Shell,Green,Charming,Apron,Smiley Mask,none,Horn Cup
Light Grey,Basic Shell Blue,Green,Wink,Chef Coat,Medical Mask,Side Parting,Keep Cup
Steel Blue,Basic Shell Pink,Green,Obsessed,Apron,Brown Sunglasses,Mohawk,Cyberpunk Cup
Burly Wood,Fire Shell,Green,Naughty,Chef Coat,none,Buzzcut,Espresso Cup
Light Grey,Steel Vivet Shell,Green,Charming,Chef Coat,N95 Mask,Buzzcut,Horn Cup
Light Grey,Lego Shell,Green,Wink,Apron,Medical Mask,Angel Halo,Takeaway Cup
Lavender,Scale Armor Shell,Green,Relaxed,Chef Coat,Brown Sunglasses,Dreadlocks,Crema Latte Cup
Wheat,Basic Shell Grey,Green,Charming,Chef Coat,Gold Round Frame Glasses,Tinfoil Perm,Cyberpunk Cup
Light Green,Honey Jar Shell,Green,Relaxed,Chef Coat,Gold Round Frame Glasses,Headphone,Purple Mug
Steel Blue,Basic Shell Blue,Green,Charming,Chef Coat,Long Beard,Chef Hat,Round Glass
Light Grey,Basic Shell Yellow,Green,Obsessed,Chef Coat,Gold Round Frame Glasses,Three Hairs,Green Label Takeaway
Light Sea,Basic Shell Pink,Green,Naughty,Chef Coat,Medical Mask,Three Hairs,Striped Latte Cup
Light Grey,Fossil Vivet Shell,Green,Calm,Apron,Brown Sunglasses,Tinfoil Perm,Round Glass
Burly Wood,Basic Shell Yellow,Green,Calm,Chef Coat,Brown Sunglasses,Side Parting,Green Mug
Wheat,Basic Shell Blue,Green,Wink,Chef Coat,Smiley Mask,Winged Headphone,Round Glass
Light Sea,Basic Shell Blue,Green,Obsessed,Apron,Smiley Mask,Buzzcut,Round Glass
Light Blue,Triangle Armor Shell,Green,Wink,Apron,Long Beard,Buzzcut,Cookie Cup
Light Sea,Basic Shell Grey,Green,Calm,Chef Coat,Gold Round Frame Glasses,Winged Headphone,Green Mug
Light Blue,Wok Shell,Green,Relaxed,Chef Coat,Brown Sunglasses,Winged Headphone,Purple Mug
Light Grey,Basic Shell Green,Green,Obsessed,Chef Coat,Long Beard,Winged Headphone,Horn Cup
Light Sea,Fire Shell,Green,Naughty,Apron,Brown Sunglasses,Winged Headphone,Cookie Cup
Light Grey,Wok Shell,Green,Naughty,Chef Coat,Black Sunglasses,Side Parting,Transparent Latte Cup
Wheat,Basic Shell Pink,Green,Obsessed,Apron,Gold Round Frame Glasses,Three Hairs,Odd Shape Cup
Burly Wood,Wok Shell,Green,Relaxed,Apron,N95 Mask,Tinfoil Perm,Transparent Latte Cup
Light Blue,Triangle Armor Shell,Green,Obsessed,Chef Coat,Long Beard,Chef Hat,Thermos Cup
Light Grey,Basic Shell Yellow,Green,Relaxed,Apron,Medical Mask,Angel Halo,Green Mug
Light Sea,Honey Jar Shell,Green,Charming,Chef Coat,Black Sunglasses,Dreadlocks,Thermos Cup
Purple Grey,Basic Shell Grey,Green,Charming,Chef Coat,Tobacco Pipe,Slicked Back,Cyberpunk Cup
Wheat,Honey Jar Shell,Green,Calm,Apron,Gold Round Frame Glasses,Punk,Wooden Cup
Lavender,Basic Shell Grey,Green,Wink,Apron,Black Sunglasses,Hopter,Thermos Cup
Light Grey,Fire Shell,Green,Obsessed,Apron,Long Beard,Winged Headphone,Horn Cup
Light Sea,Lego Shell,Green,Obsessed,Chef Coat,Long Beard,Chef Hat,Odd Shape Cup
Burly Wood,Basic Shell Yellow,Green,Wink,Chef Coat,Long Beard,Side Parting,Snow Top Coffee
Purple Grey,Basic Shell Green,Green,Charming,Apron,Smiley Mask,Angel Halo,Keep Cup
Purple Grey,Lego Shell,Green,Wink,Chef Coat,N95 Mask,Hopter,Round Glass
Wheat,Wok Shell,Green,Wink,Chef Coat,none,none,Striped Latte Cup
Purple Grey,Basic Shell Green,Green,Calm,Chef Coat,Smiley Mask,none,Striped Latte Cup
Light Sea,Steel Vivet Shell,Green,Obsessed,Apron,Long Beard,Chef Hat,Purple Mug
Wheat,Basic Shell Pink,Green,Naughty,Chef Coat,N95 Mask,Hopter,Striped Latte Cup
Light Grey,Lego Shell,Green,Obsessed,Chef Coat,Medical Mask,Chef Hat,Round Glass
Steel Blue,Steel Vivet Shell,Green,Wink,Chef Coat,none,Buzzcut,High Glass
Steel Blue,Fire Shell,Green,Obsessed,Chef Coat,Medical Mask,none,Crema Latte Cup
Wheat,Triangle Armor Shell,Green,Naughty,Chef Coat,Smiley Mask,Side Parting,Crema Latte Cup
Lavender,Fossil Vivet Shell,Green,Wink,Chef Coat,Gold Round Frame Glasses,Hopter,Green Mug
Light Blue,Iced Shell,Green,Relaxed,Apron,Brown Sunglasses,Headphone,Blue Label Takeaway
Purple Grey,Triangle Armor Shell,Green,Charming,Chef Coat,Tobacco Pipe,Winged Headphone,Cookie Cup
Light Grey,Basic Shell Grey,Green,Naughty,Chef Coat,Gold Round Frame Glasses,Winged Headphone,Striped Latte Cup
Purple Grey,Basic Shell Grey,Green,Calm,Apron,Smiley Mask,Side Parting,Transparent Latte Cup
Light Blue,Fossil Vivet Shell,Green,Obsessed,Chef Coat,Medical Mask,none,Keep Cup
Purple Grey,Basic Shell Blue,Green,Obsessed,Apron,none,Buzzcut,Horn Cup
Light Blue,Basic Shell Yellow,Green,Obsessed,Chef Coat,Gold Round Frame Glasses,Hopter,Striped Latte Cup
Steel Blue,Basic Shell Yellow,Green,Charming,Chef Coat,Smiley Mask,Side Parting,Green Label Takeaway
Light Sea,Basic Shell Yellow,Green,Naughty,Chef Coat,Black Sunglasses,Winged Headphone,Iced Coffee Takeaway
Light Sea,Steel Vivet Shell,Green,Naughty,Chef Coat,Gold Round Frame Glasses,Punk,Keep Cup
Wheat,Triangle Armor Shell,Green,Calm,Chef Coat,none,Dreadlocks,Odd Shape Cup
Lavender,Basic Shell Blue,Green,Obsessed,Apron,Long Beard,Dreadlocks,Cyberpunk Cup
Burly Wood,Basic Shell Pink,Green,Relaxed,Apron,Tobacco Pipe,Slicked Back,Green Mug
Wheat,Basic Shell Grey,Green,Obsessed,Apron,Black Sunglasses,Punk,Takeaway Cup
Purple Grey,Scale Armor Shell,Green,Naughty,Chef Coat,Brown Sunglasses,Angel Halo,Takeaway Cup
Purple Grey,Fire Shell,Green,Relaxed,Chef Coat,Black Sunglasses,Dreadlocks,Espresso Cup
Wheat,Scale Armor Shell,Green,Charming,Apron,Long Beard,Dreadlocks,Horn Cup
Lavender,Steel Vivet Shell,Green,Naughty,Chef Coat,Medical Mask,Tinfoil Perm,Transparent Latte Cup
Wheat,Triangle Armor Shell,Green,Relaxed,Chef Coat,Medical Mask,Punk,Blue Label Takeaway
Wheat,Basic Shell Green,Green,Relaxed,Apron,Medical Mask,none,Keep Cup
Light Grey,Lego Shell,Green,Naughty,Chef Coat,Gold Round Frame Glasses,Tinfoil Perm,High Glass
Light Sea,Basic Shell Yellow,Green,Wink,Chef Coat,Tobacco Pipe,Dreadlocks,Horn Cup
Light Grey,Basic Shell Pink,Green,Charming,Apron,Gold Round Frame Glasses,Dreadlocks,Thermos Cup
Light Grey,Triangle Armor Shell,Green,Relaxed,Chef Coat,Medical Mask,none,Striped Latte Cup
Purple Grey,Wok Shell,Green,Calm,Chef Coat,none,Hopter,Blue Label Takeaway
Light Blue,Iced Shell,Green,Relaxed,Apron,Brown Sunglasses,Winged Headphone,Keep Cup
Light Blue,Iced Shell,Green,Naughty,Apron,Tobacco Pipe,Hopter,Green Label Takeaway
Lavender,Fossil Vivet Shell,Green,Relaxed,Chef Coat,Gold Round Frame Glasses,none,Takeaway Cup
Light Green,Fire Shell,Green,Charming,Chef Coat,Brown Sunglasses,Angel Halo,Blue Mug
Lavender,Basic Shell Green,Green,Obsessed,Chef Coat,N95 Mask,none,Espresso Cup
Light Sea,Triangle Armor Shell,Green,Calm,Apron,Gold Round Frame Glasses,Side Parting,Cyberpunk Cup
Lavender,Iced Shell,Green,Wink,Apron,Smiley Mask,Punk,Transparent Latte Cup
Purple Grey,Fossil Vivet Shell,Green,Charming,Chef Coat,Long Beard,Punk,Cyberpunk Cup
Light Sea,Basic Shell Blue,Green,Wink,Chef Coat,Long Beard,Angel Halo,Wooden Cup
Light Blue,Fire Shell,Green,Charming,Apron,none,Slicked Back,Crema Latte Cup
Wheat,Honey Jar Shell,Green,Wink,Chef Coat,Gold Round Frame Glasses,Three Hairs,Keep Cup
