Light Sea,Scale Armor Shell,Green,Naughty,Wasteland Clothing,none,Cyberpunk Cup
Wheat,Scale Armor Shell,Green,Naughty,Skull Brand Tee A,Soldier Helmet,Thermos Cup
Steel Blue,Iced Shell,Green,Relaxed,B&W Contrast Sweater,Soldier Helmet,Odd Shape Cup
Purple Grey,Thunder Shell,Green,Obsessed,Camouflage Coat,Soldier Helmet,Snow Top Coffee
Burly Wood,Fossil Vivet Shell,Green,Kawaii,Peace Tee,Soldier Helmet,Wooden Cup
Light Blue,Explorer Shell,Green,Obsessed,Grey Palette Sweater,none,Round Glass
Lavender,Mushroom Shell,Green,Calm,Skull Brand Tee B,Soldier Helmet,Espresso Cup
Light Blue,Winged Shell,Green,Relaxed,Overalls,none,Crema Latte Cup
Burly Wood,Factory Shell,Green,Kawaii,Turtleneck Hoodie,none,Thermos Cup
Burly Wood,Steel Vivet Shell,Green,Obsessed,Ripped Tee,Soldier Helmet,Green Mug
Lavender,Thunder Shell,Green,Obsessed,Camouflage Coat,none,Odd Shape Cup
Wheat,Wok Shell,Green,Wink,Peace Tee,none,Transparent Latte Cup
Light Sea,Wok Shell,Green,Wink,Apron,Soldier Helmet,Blue Label Takeaway
Steel Blue,Steel Vivet Shell,Green,Kawaii,Green Sweater,none,Green Label Takeaway
Light Green,Globe Shell,Green,Calm,Striped Block Tee,none,Iced Coffee Takeaway
Wheat,Scale Armor Shell,Green,Obsessed,Grey Tee,none,Odd Shape Cup
Light Blue,Digital Shell,Green,Obsessed,Crema Sweater Landscape,Soldier Helmet,High Glass
Light Green,Explorer Shell,Green,Calm,Stripped Tee,Soldier Helmet,Transparent Latte Cup
Purple Grey,Mushroom Shell,Green,Kawaii,Tee with Bear,Soldier Helmet,Wooden Cup
Wheat,Globe Shell,Green,Wink,Ripped Tee,none,Cyberpunk Cup
Light Green,Globe Shell,Green,Kawaii,Ripped Tee,none,High Glass
Light Green,Winged Shell,Green,Kawaii,Green Casual Vest,Soldier Helmet,Blue Label Takeaway
Light Blue,Diamond Shell,Green,Relaxed,Wasteland Clothing,Soldier Helmet,High Glass
Wheat,Fire Shell,Green,Calm,Apron,none,Odd Shape Cup
Steel Blue,Iced Shell,Green,Wink,Peace Tee,Soldier Helmet,Takeaway Cup
Steel Blue,Fossil Vivet Shell,Green,Calm,Flame Tee,Soldier Helmet,High Glass
Light Sea,Diamond Shell,Green,Wink,Ripped Tee,Soldier Helmet,Cookie Cup
Lavender,Iced Shell,Green,Relaxed,Apron,Soldier Helmet,Green Mug
Steel Blue,Parallel Bars Shell,Green,Naughty,Turtleneck Hoodie,Soldier Helmet,High Glass
Light Sea,Mushroom Shell,Green,Calm,Stripped Tee,none,Odd Shape Cup
Light Blue,Thunder Shell,Green,Kawaii,Burning Logo Hoodie,Soldier Helmet,Blue Label Takeaway
Light Sea,Digital Shell,Green,Obsessed,Camouflage Tee,none,Takeaway Cup
Burly Wood,Factory Shell,Green,Wink,Stripped Tee,Soldier Helmet,Green Label Takeaway
Steel Blue,Steel Vivet Shell,Green,Calm,Burning Logo Hoodie,Soldier Helmet,Striped Latte Cup
Steel Blue,Factory Shell,Green,Relaxed,Striped Square Tee,none,Odd Shape Cup
Light Blue,Fossil Vivet Shell,Green,Obsessed,Striped Square Tee,Soldier Helmet,Transparent Latte Cup
Purple Grey,Steel Vivet Shell,Green,Wink,Grey Palette Sweater,Soldier Helmet,Transparent Latte Cup
Light Grey,Digital Shell,Green,Calm,Camouflage Tee,Soldier Helmet,Green Label Takeaway
Light Blue,Explorer Shell,Green,Obsessed,Grey Palette Sweater,Soldier Helmet,Keep Cup
Burly Wood,Steel Vivet Shell,Green,Kawaii,Flame Tee,Soldier Helmet,Green Label Takeaway
Lavender,Iced Shell,Green,Obsessed,Camouflage Tee,Soldier Helmet,Thermos Cup
Purple Grey,Digital Shell,Green,Relaxed,Grey Palette Sweater,none,Green Mug
Light Green,Explorer Shell,Green,Calm,Green Sweater,Soldier Helmet,Crema Latte Cup
Light Sea,Magma Shell,Green,Obsessed,Flame Tee,none,Keep Cup
Steel Blue,Cyberpunk Shell,Green,Relaxed,Striped Block Tee,Soldier Helmet,Cookie Cup
Purple Grey,Steel Vivet Shell,Green,Wink,Skull Brand Tee A,Soldier Helmet,Striped Latte Cup
Light Sea,Globe Shell,Green,Obsessed,Overalls,Soldier Helmet,Blue Mug
Lavender,Wok Shell,Green,Naughty,Ripped Tee,Soldier Helmet,Wooden Cup
Purple Grey,Diamond Shell,Green,Calm,Green Sweater,none,Transparent Latte Cup
Steel Blue,Mushroom Shell,Green,Relaxed,Jacket,none,Green Mug
Wheat,Digital Shell,Green,Calm,Jacket,Soldier Helmet,Green Label Takeaway
Lavender,Lego Shell,Green,Naughty,Peace Tee,none,Striped Latte Cup
Wheat,Mushroom Shell,Green,Relaxed,Jacket,none,Thermos Cup
Light Grey,Winged Shell,Green,Calm,Turtleneck Hoodie,none,Cyberpunk Cup
Lavender,Digital Shell,Green,Relaxed,Jacket,Soldier Helmet,Green Label Takeaway
Light Green,Digital Shell,Green,Relaxed,Camouflage Coat,none,Iced Coffee Takeaway
Wheat,Cyberpunk Shell,Green,Wink,Camouflage Tee,none,Espresso Cup
Light Green,Explorer Shell,Green,Wink,Turtleneck Hoodie,Soldier Helmet,Striped Latte Cup
Wheat,Magma Shell,Green,Wink,Ripped Tee,Soldier Helmet,Round Glass
Burly Wood,Scale Armor Shell,Green,Obsessed,Film Photo Tee,none,Cookie Cup
Lavender,Fire Shell,Green,Obsessed,Green Casual Vest,none,Crema Latte Cup
Light Green,Factory Shell,Green,Relaxed,Cactus Tee,none,Blue Mug
Light Grey,Fossil Vivet Shell,Green,Wink,Skull Brand Tee A,none,Thermos Cup
Light Green,Mushroom Shell,Green,Naughty,Film Photo Tee,Soldier Helmet,Espresso Cup
Steel Blue,Globe Shell,Green,Kawaii,Tee with Bear,none,Snow Top Coffee
Burly Wood,Scale Armor Shell,Green,Obsessed,Striped Block Tee,Soldier Helmet,Crema Latte Cup
Wheat,Winged Shell,Green,Calm,Wasteland Clothing,Soldier Helmet,Cookie Cup
Burly Wood,Parallel Bars Shell,Green,Wink,Grey Palette Sweater,Soldier Helmet,Green Mug
Light Blue,Scale Armor Shell,Green,Relaxed,Cactus Tee,none,Snow Top Coffee
Burly Wood,Mushroom Shell,Green,Relaxed,Wasteland Clothing,none,Takeaway Cup
Wheat,Scale Armor Shell,Green,Wink,Stripped Tee,Soldier Helmet,Horn Cup
Burly Wood,Diamond Shell,Green,Naughty,Jacket,Soldier Helmet,Green Mug
Burly Wood,Steel Vivet Shell,Green,Relaxed,Grey Tee,none,Green Label Takeaway
Steel Blue,Explorer Shell,Green,Naughty,Khaki Tee with Pocket,Soldier Helmet,Keep Cup
Light Sea,Explorer Shell,Green,Wink,Comet Brand Tee,Soldier Helmet,Round Glass
Burly Wood,Explorer Shell,Green,Calm,Khaki Tee with Pocket,none,Iced Coffee Takeaway
Lavender,Fire Shell,Green,Calm,Grey Tee,Soldier Helmet,Striped Latte Cup
Light Grey,Scale Armor Shell,Green,Wink,Striped Block Tee,Soldier Helmet,Thermos Cup
Wheat,Fire Shell,Green,Naughty,Grey Tee,Soldier Helmet,Thermos Cup
Lavender,Scale Armor Shell,Green,Obsessed,B&W Contrast Sweater,Soldier Helmet,Wooden Cup
Light Sea,Globe Shell,Green,Naughty,Cactus Tee,Soldier Helmet,Iced Coffee Takeaway
Lavender,Globe Shell,Green,Kawaii,Grey Palette Sweater,Soldier Helmet,Green Label Takeaway
Lavender,Iced Shell,Green,Naughty,Striped Square Tee,Soldier Helmet,Green Label Takeaway
Lavender,Magma Shell,Green,Relaxed,Chess Board Tee,none,Cyberpunk Cup
Light Grey,Mushroom Shell,Green,Calm,Crema Sweater Landscape,Soldier Helmet,Snow Top Coffee
Burly Wood,Steel Vivet Shell,Green,Relaxed,Striped Square Tee,none,Keep Cup
Wheat,Cyberpunk Shell,Green,Kawaii,Burning Logo Hoodie,Soldier Helmet,Odd Shape Cup
Burly Wood,Magma Shell,Green,Calm,Green Casual Vest,Soldier Helmet,Purple Mug
Light Green,Globe Shell,Green,Wink,Green Casual Vest,Soldier Helmet,Snow Top Coffee
Lavender,Steel Vivet Shell,Green,Kawaii,Striped Square Tee,none,Blue Mug
Wheat,Parallel Bars Shell,Green,Kawaii,Burning Logo Hoodie,Soldier Helmet,Iced Coffee Takeaway
Purple Grey,Explorer Shell,Green,Calm,Crema Sweater Landscape,Soldier Helmet,Keep Cup
Light Grey,Steel Vivet Shell,Green,Calm,Flame Tee,Soldier Helmet,Green Mug
Light Blue,Mushroom Shell,Green,Obsessed,Turtleneck Sweater,Soldier Helmet,Cookie Cup
Burly Wood,Fire Shell,Green,Wink,Jacket,Soldier Helmet,Cyberpunk Cup
Purple Grey,Digital Shell,Green,Relaxed,Chess Board Tee,none,Snow Top Coffee
Light Grey,Wok Shell,Green,Calm,Camouflage Coat,Soldier Helmet,Striped Latte Cup
Light Green,Wok Shell,Green,Wink,Skull Brand Tee B,Soldier Helmet,Round Glass
Light Blue,Thunder Shell,Green,Relaxed,Green Casual Vest,Soldier Helmet,High Glass
Lavender,Parallel Bars Shell,Green,Calm,Turtleneck Sweater,none,Takeaway Cup
