Light Green,Winged Shell,Green,Obsessed,Mist Square Tee,Medical Mask,Sailor Bandana,Blue Mug
Lavender,Digital Shell,Green,Calm,Khaki Tee with Pocket,Lipstick Print,Sailor Bandana,Thermos Cup
Light Sea,Basic Shell Green,Green,Obsessed,Skull Brand Tee B,Medical Mask,Sailor Bandana,Transparent Latte Cup
Wheat,Honey Jar Shell,Green,Naughty,Priest Outfit,Respirator Gamma,Sailor Bandana,Thermos Cup
Light Green,Basic Shell Grey,Green,Obsessed,Flame Tee,none,Sailor Bandana,Blue Mug
Wheat,Magma Shell,Green,Naughty,Mist Square Tee,Brown Sunglasses,Sailor Bandana,Cyberpunk Cup
Light Blue,Basic Shell Yellow,Green,Kawaii,Green Casual Vest,Respirator Beta,none,Wooden Cup
Burly Wood,Basic Shell Blue,Green,Wink,Tee with Bear,Tobacco Pipe,Sailor Bandana,High Glass
Wheat,Triangle Armor Shell,Green,Naughty,Burning Logo Black Tee,none,Sailor Bandana,Iced Coffee Takeaway
Purple Grey,Basic Shell Blue,Green,Kawaii,Pink Shirt with Pockets,Gauze,Sailor Bandana,High Glass
Burly Wood,Iced Shell,Green,Relaxed,Comet Brand Tee,Brown Sunglasses,Sailor Bandana,Striped Latte Cup
Burly Wood,Mushroom Shell,Green,Wink,Chess Board Tee,Black Sunglasses,Sailor Bandana,Transparent Latte Cup
Light Blue,Steel Vivet Shell,Green,Relaxed,Burning Logo White Tee,Lipstick Print,Sailor Bandana,Green Mug
Wheat,Basic Shell Blue,Green,Kawaii,Tee with Bear,Respirator Beta,Sailor Bandana,Striped Latte Cup
Light Grey,Steel Vivet Shell,Green,Obsessed,Pigeon Tee,Black Sunglasses,Sailor Bandana,Snow Top Coffee
Light Green,Winged Shell,Green,Relaxed,Zodiac Tee,Black Sunglasses,none,Espresso Cup
Light Grey,Polygon Armor Shell,Green,Relaxed,Chequered Shirt,Single-eye Gauze,none,Green Mug
Purple Grey,Basic Shell Pink,Green,Naughty,Cactus Tee,Lipstick Print,none,Striped Latte Cup
Light Grey,Mushroom Shell,Green,Obsessed,Green Casual Vest,Brown Sunglasses,none,Striped Latte Cup
Light Grey,Fossil Vivet Shell,Green,Kawaii,Priest Outfit,Respirator Gamma,Sailor Bandana,Blue Label Takeaway
Wheat,Digital Shell,Green,Relaxed,Skull Brand Tee B,Single-eye Gauze,Sailor Bandana,Cookie Cup
Light Grey,Basic Shell Pink,Green,Obsessed,LOL Tee,none,Sailor Bandana,Cookie Cup
Steel Blue,Basic Shell Grey,Green,Calm,Leaf Casual Shirt,none,none,Keep Cup
Lavender,Scale Armor Shell,Green,Relaxed,Turtleneck Hoodie,none,Sailor Bandana,Iced Coffee Takeaway
Steel Blue,Triangle Armor Shell,Green,Naughty,Green Casual Vest,Smiley Mask,Sailor Bandana,Blue Label Takeaway
Steel Blue,Factory Shell,Green,Calm,Burning Logo White Tee,Lipstick Print,none,Espresso Cup
Light Grey,Wok Shell,Green,Charming,Ripped Tee,Brown Sunglasses,none,Thermos Cup
Burly Wood,Globe Shell,Green,Naughty,Striped Square Tee,Lipstick Print,Sailor Bandana,Green Mug
Light Grey,Scale Armor Shell,Green,Charming,Triangle Yellow Sweater,Lipstick Print,Sailor Bandana,Green Mug
Burly Wood,Triangle Armor Shell,Green,Charming,Green Sweater,Brown Sunglasses,none,Blue Label Takeaway
Purple Grey,Factory Shell,Green,Relaxed,Striped Block Tee,Lipstick Print,Sailor Bandana,Transparent Latte Cup
Burly Wood,Watermelon Shell,Green,Kawaii,Stripped Tee,none,none,Thermos Cup
Purple Grey,Watermelon Shell,Green,Obsessed,Flame Tee,Single-eye Gauze,none,Transparent Latte Cup
Burly Wood,Watermelon Shell,Green,Charming,Zodiac Tee,Lipstick Print,Bandana,Horn Cup
Light Green,Iced Shell,Green,Naughty,Chess Board Tee,Brown Sunglasses,Sailor Bandana,High Glass
Steel Blue,Digital Shell,Green,Obsessed,Burning Logo Hoodie,Lipstick Print,Sailor Bandana,High Glass
Light Grey,Cyberpunk Shell,Green,Calm,Triangle Yellow Sweater,Tobacco Pipe,Sailor Bandana,Horn Cup
Purple Grey,Sawtooth Armor Shell,Green,Relaxed,Camouflage Tee,Smiley Mask,Sailor Bandana,Thermos Cup
Wheat,Polygon Armor Shell,Green,Naughty,Apron,Lipstick Print,Sailor Bandana,Horn Cup
Burly Wood,Wok Shell,Green,Naughty,Tree Casual Shirt,Watchmaker Loupe,none,Transparent Latte Cup
Steel Blue,Steel Vivet Shell,Green,Calm,Stripped Tee,Gauze,Sailor Bandana,Thermos Cup
Purple Grey,Diamond Shell,Green,Calm,Turtleneck Hoodie,Lipstick Print,none,High Glass
Purple Grey,Basic Shell Grey,Green,Charming,Flower Casual Shirt,Single-eye Gauze,Sailor Bandana,Thermos Cup
Lavender,Triangle Armor Shell,Green,Kawaii,Mist Square Tee,Gold Round Frame Glasses,none,Purple Mug
Lavender,Winged Shell,Green,Relaxed,Burning Logo White Tee,Respirator Gamma,none,Odd Shape Cup
Light Sea,Cyberpunk Shell,Green,Kawaii,Skull Brand Tee B,Brown Sunglasses,Sailor Bandana,Wooden Cup
Steel Blue,Fire Shell,Green,Calm,Striped Square Tee,Respirator Beta,Sailor Bandana,Horn Cup
Lavender,Wok Shell,Green,Wink,Grey Tee,Respirator Beta,none,Odd Shape Cup
Burly Wood,Steel Vivet Shell,Green,Calm,Astronaut Tee,Black Sunglasses,Sailor Bandana,Crema Latte Cup
Light Blue,Basic Shell Green,Green,Charming,Flower Casual Shirt,none,none,Takeaway Cup
Purple Grey,Basic Shell Green,Green,Obsessed,Leaf Casual Shirt,Heart Shaped Glasses,Sailor Bandana,Cookie Cup
Lavender,Iced Shell,Green,Obsessed,Zodiac Tee,Single-eye Gauze,Sailor Bandana,Horn Cup
Light Sea,Triangle Armor Shell,Green,Calm,Zodiac Tee,Black Sunglasses,Sailor Bandana,Takeaway Cup
Light Blue,Basic Shell Blue,Green,Obsessed,B&W Contrast Sweater,Respirator Gamma,Sailor Bandana,Striped Latte Cup
Steel Blue,Fossil Vivet Shell,Green,Wink,Red Patterned Sweater,Single-eye Gauze,Sailor Bandana,Blue Mug
Steel Blue,Honey Jar Shell,Green,Naughty,Sailor Suit,Medical Mask,Sailor Bandana,Thermos Cup
Steel Blue,Basic Shell Blue,Green,Obsessed,Flower Casual Shirt,Lipstick Print,Sailor Bandana,Blue Mug
Steel Blue,Cyberpunk Shell,Green,Wink,Triangle Yellow Sweater,Heart Shaped Glasses,Sailor Bandana,Green Label Takeaway
Burly Wood,Basic Shell Pink,Green,Naughty,Tee with Smiley,Lipstick Print,Sailor Bandana,Snow Top Coffee
Steel Blue,Cyberpunk Shell,Green,Charming,Comet Brand Tee,Heart Shaped Glasses,Sailor Bandana,Transparent Latte Cup
Wheat,Basic Shell Grey,Green,Wink,Comet Brand Tee,Respirator Beta,none,Purple Mug
Light Grey,Cyberpunk Shell,Green,Charming,Ripped Tee,Brown Sunglasses,Sailor Bandana,Cookie Cup
Burly Wood,Basic Shell Green,Green,Kawaii,Crema Sweater Landscape,Brown Sunglasses,none,Cyberpunk Cup
Steel Blue,Basic Shell Blue,Green,Naughty,Apron,Gauze,Sailor Bandana,Striped Latte Cup
Light Grey,Scale Armor Shell,Green,Charming,Camouflage Tee,Black Sunglasses,Sailor Bandana,High Glass
Light Green,Steel Vivet Shell,Green,Naughty,Flame Tee,Smiley Mask,none,Cyberpunk Cup
Burly Wood,Fire Shell,Green,Charming,Comet Brand Tee,Single-eye Gauze,Sailor Bandana,Cookie Cup
Wheat,Steel Vivet Shell,Green,Wink,Pigeon Tee,Lipstick Print,Sailor Bandana,Horn Cup
Wheat,Polygon Armor Shell,Green,Calm,Skull Brand Tee A,N95 Mask,Sailor Bandana,Snow Top Coffee
Purple Grey,Sawtooth Armor Shell,Green,Charming,Peace Tee,Brown Sunglasses,none,Horn Cup
Purple Grey,Basic Shell Pink,Green,Obsessed,Priest Outfit,Brown Sunglasses,none,Blue Mug
Light Green,Wok Shell,Green,Obsessed,Flame Tee,Heart Shaped Glasses,none,Green Label Takeaway
Light Sea,Magma Shell,Green,Obsessed,Peace Tee,Respirator Beta,none,Round Glass
Burly Wood,Polygon Armor Shell,Green,Naughty,Astronaut Tee,none,Sailor Bandana,Thermos Cup
Lavender,Fossil Vivet Shell,Green,Calm,Comet Brand Tee,none,Sailor Bandana,Purple Mug
Light Sea,Honey Jar Shell,Green,Kawaii,Triangle Yellow Sweater,Respirator Gamma,Sailor Bandana,Crema Latte Cup
Light Blue,Globe Shell,Green,Naughty,Grey Palette Sweater,none,none,Green Label Takeaway
Steel Blue,Magma Shell,Green,Kawaii,Ripped Tee,Medical Mask,Sailor Bandana,Round Glass
Lavender,Honey Jar Shell,Green,Obsessed,Camouflage Tee,Gauze,Sailor Bandana,Takeaway Cup
Light Blue,Mushroom Shell,Green,Relaxed,Leaf Casual Shirt,none,Sailor Bandana,Transparent Latte Cup
Light Green,Fire Shell,Green,Relaxed,Tee with Bull,Heart Shaped Glasses,Bandana,Iced Coffee Takeaway
Purple Grey,Basic Shell Grey,Green,Charming,Burning Logo Black Tee,none,Sailor Bandana,Horn Cup
Purple Grey,Honey Jar Shell,Green,Wink,Turtleneck Hoodie,Brown Sunglasses,Sailor Bandana,Green Mug
Light Green,Scale Armor Shell,Green,Obsessed,Burning Logo Black Tee,Brown Sunglasses,Sailor Bandana,Wooden Cup
Lavender,Digital Shell,Green,Kawaii,Zodiac Tee,Brown Sunglasses,Sailor Bandana,Green Mug
Light Sea,Sawtooth Armor Shell,Green,Charming,Zodiac Tee,none,Sailor Bandana,Striped Latte Cup
Purple Grey,Winged Shell,Green,Calm,Crema Sweater B&O,Respirator Gamma,Sailor Bandana,Round Glass
Lavender,Diamond Shell,Green,Relaxed,B&W Contrast Sweater,Single-eye Gauze,Sailor Bandana,Round Glass
Steel Blue,Diamond Shell,Green,Naughty,Burning Logo Hoodie,Black Sunglasses,Sailor Bandana,Green Mug
Purple Grey,Basic Shell Green,Green,Naughty,Baseball Jacket,Lipstick Print,Bandana,Keep Cup
Steel Blue,Magma Shell,Green,Relaxed,Jacket,Respirator Gamma,Sailor Bandana,Snow Top Coffee
Lavender,Triangle Armor Shell,Green,Charming,Sailor Suit,Brown Sunglasses,none,Cyberpunk Cup
Light Grey,Watermelon Shell,Green,Charming,B&W Contrast Sweater,none,none,Transparent Latte Cup
Wheat,Honey Jar Shell,Green,Charming,Flower Casual Shirt,Single-eye Gauze,none,Transparent Latte Cup
Light Sea,Basic Shell Blue,Green,Naughty,Chequered Shirt,Single-eye Gauze,Sailor Bandana,High Glass
Light Sea,Factory Shell,Green,Wink,Burning Logo Hoodie,Respirator Gamma,Bandana,Green Label Takeaway
Steel Blue,Fire Shell,Green,Kawaii,Baseball Jacket,Black Sunglasses,none,Wooden Cup
Burly Wood,Cyberpunk Shell,Green,Kawaii,Triangle Yellow Sweater,Lipstick Print,Sailor Bandana,Purple Mug
Steel Blue,Wok Shell,Green,Wink,Comet Brand Tee,Gold Round Frame Glasses,none,Transparent Latte Cup
Purple Grey,Factory Shell,Green,Naughty,Triangle Yellow Sweater,Brown Sunglasses,Sailor Bandana,Transparent Latte Cup
