Lavender,Explorer Shell,Green,Relaxed,Space Suit,Dreadlocks,Heart Shaped Glasses,Round Glass
Light Grey,地球,Green,Charming,Space Suit,Dreadlocks,Heart Shaped Glasses,Purple Mug
Light Green,Aerospace Shell,Green,Calm,Space Suit,none,Brown Sunglasses,Transparent Latte Cup
Light Sea,Aerospace Shell,Green,Relaxed,Space Suit,Dreadlocks,Heart Shaped Glasses,Blue Label Takeaway
Purple Grey,地球,Green,Calm,Space Suit,Mohawk,Gold Round Frame Glasses,Cookie Cup
Wheat,Iced Shell,Green,Relaxed,Space Suit,Dreadlocks,Gold Round Frame Glasses,Blue Label Takeaway
Light Blue,Aerospace Shell,Green,Charming,Space Suit,Tinfoil Perm,Black Sunglasses,Espresso Cup
Burly Wood,Cyberpunk Shell,Green,Charming,Space Suit,Slicked Back,Brown Sunglasses,Cyberpunk Cup
Light Green,Winged Shell,Green,Charming,Space Suit,Tinfoil Perm,Heart Shaped Glasses,Crema Latte Cup
Light Blue,Lego Shell,Green,Naughty,Space Suit,Hopter,Heart Shaped Glasses,Espresso Cup
Lavender,Aerospace Shell,Green,Calm,Space Suit,none,Black Sunglasses,Horn Cup
Burly Wood,Explorer Shell,Green,Charming,Space Suit,Slicked Back,Heart Shaped Glasses,Cyberpunk Cup
Light Sea,Aerospace Shell,Green,Naughty,Space Suit,Hopter,Black Sunglasses,Purple Mug
Light Sea,Aerospace Shell,Green,Relaxed,Space Suit,none,Black Sunglasses,Horn Cup
Light Green,Lego Shell,Green,Relaxed,Space Suit,Slicked Back,Heart Shaped Glasses,Horn Cup
Steel Blue,Digital Shell,Green,Calm,Space Suit,Hopter,Brown Sunglasses,Purple Mug
Light Blue,Lego Shell,Green,Relaxed,Space Suit,none,Brown Sunglasses,Green Label Takeaway
Purple Grey,Iced Shell,Green,Relaxed,Space Suit,Dreadlocks,Brown Sunglasses,Blue Label Takeaway
Lavender,Digital Shell,Green,Charming,Space Suit,Mohawk,Black Sunglasses,Blue Label Takeaway
Steel Blue,Digital Shell,Green,Relaxed,Space Suit,Slicked Back,Black Sunglasses,Wooden Cup
Light Sea,Aerospace Shell,Green,Calm,Space Suit,Slicked Back,Gold Round Frame Glasses,Blue Label Takeaway
Purple Grey,Iced Shell,Green,Naughty,Space Suit,Dreadlocks,Black Sunglasses,Transparent Latte Cup
Wheat,Explorer Shell,Green,Calm,Space Suit,none,Gold Round Frame Glasses,High Glass
Light Green,Explorer Shell,Green,Naughty,Space Suit,Hopter,Gold Round Frame Glasses,Espresso Cup
Lavender,Aerospace Shell,Green,Calm,Space Suit,Tinfoil Perm,Gold Round Frame Glasses,Green Label Takeaway
Wheat,Explorer Shell,Green,Calm,Space Suit,Slicked Back,Black Sunglasses,Snow Top Coffee
Light Blue,Winged Shell,Green,Naughty,Space Suit,Tinfoil Perm,Black Sunglasses,Odd Shape Cup
Purple Grey,Winged Shell,Green,Charming,Space Suit,Tinfoil Perm,Gold Round Frame Glasses,Striped Latte Cup
Burly Wood,Digital Shell,Green,Charming,Space Suit,Hopter,Gold Round Frame Glasses,Green Mug
Purple Grey,Iced Shell,Green,Naughty,Space Suit,Slicked Back,Black Sunglasses,Blue Mug
Lavender,Magma Shell,Green,Naughty,Space Suit,none,Brown Sunglasses,Thermos Cup
Purple Grey,Iced Shell,Green,Charming,Space Suit,Slicked Back,Black Sunglasses,Green Label Takeaway
Light Grey,Magma Shell,Green,Naughty,Space Suit,Slicked Back,Gold Round Frame Glasses,Horn Cup
Light Sea,Cyberpunk Shell,Green,Charming,Space Suit,Slicked Back,Brown Sunglasses,Keep Cup
Burly Wood,Lego Shell,Green,Naughty,Space Suit,Tinfoil Perm,Brown Sunglasses,Snow Top Coffee
Lavender,Lego Shell,Green,Relaxed,Space Suit,Tinfoil Perm,Gold Round Frame Glasses,Takeaway Cup
Light Green,Cyberpunk Shell,Green,Calm,Space Suit,Dreadlocks,Gold Round Frame Glasses,Blue Label Takeaway
Lavender,Digital Shell,Green,Relaxed,Space Suit,none,Heart Shaped Glasses,Transparent Latte Cup
Light Blue,Thunder Shell,Green,Calm,Space Suit,Slicked Back,Heart Shaped Glasses,Snow Top Coffee
Purple Grey,地球,Green,Calm,Space Suit,Hopter,Brown Sunglasses,Striped Latte Cup
Light Sea,Aerospace Shell,Green,Charming,Space Suit,Mohawk,Gold Round Frame Glasses,Odd Shape Cup
Lavender,Magma Shell,Green,Calm,Space Suit,Tinfoil Perm,Heart Shaped Glasses,Keep Cup
Purple Grey,Explorer Shell,Green,Naughty,Space Suit,none,Gold Round Frame Glasses,Striped Latte Cup
Burly Wood,Aerospace Shell,Green,Charming,Space Suit,Dreadlocks,Black Sunglasses,High Glass
Light Sea,Iced Shell,Green,Calm,Space Suit,Mohawk,Brown Sunglasses,Horn Cup
Light Green,Iced Shell,Green,Naughty,Space Suit,none,Brown Sunglasses,Green Label Takeaway
Wheat,Lego Shell,Green,Naughty,Space Suit,Hopter,Gold Round Frame Glasses,Iced Coffee Takeaway
Steel Blue,Aerospace Shell,Green,Calm,Space Suit,Mohawk,Heart Shaped Glasses,Odd Shape Cup
Wheat,Iced Shell,Green,Charming,Space Suit,Slicked Back,Brown Sunglasses,Transparent Latte Cup
Burly Wood,Winged Shell,Green,Charming,Space Suit,Dreadlocks,Brown Sunglasses,Iced Coffee Takeaway
Wheat,Winged Shell,Green,Calm,Space Suit,Slicked Back,Black Sunglasses,Transparent Latte Cup
Lavender,Lego Shell,Green,Naughty,Space Suit,Hopter,Black Sunglasses,Blue Label Takeaway
Purple Grey,地球,Green,Relaxed,Space Suit,none,Black Sunglasses,Odd Shape Cup
Purple Grey,Aerospace Shell,Green,Naughty,Space Suit,Dreadlocks,Gold Round Frame Glasses,Purple Mug
Light Grey,Thunder Shell,Green,Naughty,Space Suit,Mohawk,Heart Shaped Glasses,Transparent Latte Cup
Light Green,Explorer Shell,Green,Relaxed,Space Suit,Hopter,Black Sunglasses,Green Label Takeaway
Light Sea,Lego Shell,Green,Naughty,Space Suit,Slicked Back,Black Sunglasses,Round Glass
Steel Blue,Lego Shell,Green,Charming,Space Suit,Slicked Back,Brown Sunglasses,Round Glass
Wheat,Winged Shell,Green,Charming,Space Suit,none,Black Sunglasses,Snow Top Coffee
Purple Grey,Lego Shell,Green,Charming,Space Suit,Slicked Back,Heart Shaped Glasses,Striped Latte Cup
Light Sea,Winged Shell,Green,Calm,Space Suit,none,Gold Round Frame Glasses,Cyberpunk Cup
Light Grey,地球,Green,Calm,Space Suit,Slicked Back,Heart Shaped Glasses,Cyberpunk Cup
Light Blue,Winged Shell,Green,Naughty,Space Suit,Hopter,Black Sunglasses,Odd Shape Cup
Wheat,Magma Shell,Green,Charming,Space Suit,Slicked Back,Heart Shaped Glasses,Takeaway Cup
Burly Wood,Winged Shell,Green,Naughty,Space Suit,Slicked Back,Brown Sunglasses,Purple Mug
Light Blue,地球,Green,Naughty,Space Suit,Dreadlocks,Heart Shaped Glasses,Espresso Cup
Wheat,Aerospace Shell,Green,Calm,Space Suit,none,Gold Round Frame Glasses,Crema Latte Cup
Light Green,Digital Shell,Green,Calm,Space Suit,Tinfoil Perm,Gold Round Frame Glasses,Iced Coffee Takeaway
Lavender,Cyberpunk Shell,Green,Naughty,Space Suit,none,Black Sunglasses,Espresso Cup
Light Grey,Cyberpunk Shell,Green,Relaxed,Space Suit,Tinfoil Perm,Black Sunglasses,Thermos Cup
Light Green,Aerospace Shell,Green,Charming,Space Suit,Hopter,Brown Sunglasses,Crema Latte Cup
Purple Grey,Digital Shell,Green,Naughty,Space Suit,Hopter,Heart Shaped Glasses,Wooden Cup
Light Sea,Digital Shell,Green,Naughty,Space Suit,Dreadlocks,Gold Round Frame Glasses,Keep Cup
Light Grey,Winged Shell,Green,Calm,Space Suit,Mohawk,Black Sunglasses,Takeaway Cup
Light Green,Winged Shell,Green,Charming,Space Suit,none,Heart Shaped Glasses,Keep Cup
Light Sea,Explorer Shell,Green,Charming,Space Suit,Tinfoil Perm,Brown Sunglasses,Cyberpunk Cup
Light Green,Cyberpunk Shell,Green,Relaxed,Space Suit,Dreadlocks,Heart Shaped Glasses,Iced Coffee Takeaway
Wheat,Winged Shell,Green,Charming,Space Suit,Mohawk,Brown Sunglasses,Blue Mug
Lavender,Winged Shell,Green,Charming,Space Suit,none,Heart Shaped Glasses,Wooden Cup
Steel Blue,Aerospace Shell,Green,Charming,Space Suit,Dreadlocks,Black Sunglasses,High Glass
Burly Wood,Iced Shell,Green,Charming,Space Suit,Dreadlocks,Heart Shaped Glasses,Green Mug
Wheat,Digital Shell,Green,Calm,Space Suit,Tinfoil Perm,Heart Shaped Glasses,Cookie Cup
Steel Blue,Thunder Shell,Green,Relaxed,Space Suit,Slicked Back,Heart Shaped Glasses,Thermos Cup
Steel Blue,Winged Shell,Green,Calm,Space Suit,Dreadlocks,Gold Round Frame Glasses,Transparent Latte Cup
Steel Blue,Lego Shell,Green,Calm,Space Suit,Tinfoil Perm,Gold Round Frame Glasses,Takeaway Cup
Wheat,Iced Shell,Green,Relaxed,Space Suit,Slicked Back,Gold Round Frame Glasses,Green Mug
Burly Wood,Magma Shell,Green,Relaxed,Space Suit,Tinfoil Perm,Brown Sunglasses,Iced Coffee Takeaway
Wheat,Digital Shell,Green,Naughty,Space Suit,Mohawk,Gold Round Frame Glasses,Cookie Cup
Wheat,Cyberpunk Shell,Green,Naughty,Space Suit,Slicked Back,Black Sunglasses,High Glass
Light Blue,Cyberpunk Shell,Green,Relaxed,Space Suit,none,Black Sunglasses,Cyberpunk Cup
Light Green,Winged Shell,Green,Calm,Space Suit,Slicked Back,Gold Round Frame Glasses,Horn Cup
Light Blue,Lego Shell,Green,Charming,Space Suit,Slicked Back,Black Sunglasses,Blue Mug
Wheat,Digital Shell,Green,Calm,Space Suit,Hopter,Black Sunglasses,Horn Cup
Steel Blue,Aerospace Shell,Green,Calm,Space Suit,Tinfoil Perm,Heart Shaped Glasses,Horn Cup
Lavender,Digital Shell,Green,Relaxed,Space Suit,Slicked Back,Black Sunglasses,Thermos Cup
Lavender,Digital Shell,Green,Charming,Space Suit,Slicked Back,Heart Shaped Glasses,Blue Mug
Steel Blue,Aerospace Shell,Green,Charming,Space Suit,none,Black Sunglasses,Purple Mug
Steel Blue,Digital Shell,Green,Charming,Space Suit,Slicked Back,Heart Shaped Glasses,Keep Cup
Steel Blue,Thunder Shell,Green,Relaxed,Space Suit,Dreadlocks,Brown Sunglasses,Round Glass
Lavender,Thunder Shell,Green,Calm,Space Suit,Tinfoil Perm,Black Sunglasses,Takeaway Cup
