Burly Wood,Iced Shell,Green,Calm,Red Hoodie,none,Bunny Ears,Blue Mug
Purple Grey,Steel Vivet Shell,Green,Calm,Vintage Suit,Black Sunglasses,Dreadlocks,Iced Coffee Takeaway
Steel Blue,Steel Vivet Shell,Green,Clown,Striped Block Tee,Black Sunglasses,Bunny Ears,Horn Cup
Light Blue,Lego Shell,Green,Clown,Black Banquet Suit,Lipstick Print,Tinfoil Perm,Thermos Cup
Purple Grey,Parallel Bars Shell,Green,Relaxed,Red Hoodie,Gold Round Frame Glasses,Gentleman Hat,Cookie Cup
Steel Blue,Winged Shell,Green,Calm,Clown Costume,Gold Round Frame Glasses,none,High Glass
Wheat,Explorer Shell,Green,Clown,Prom Dress Black&Red,Lipstick Print,Buzzcut,Snow Top Coffee
Light Blue,Magma Shell,Green,Clown,Black Banquet Suit,Brown Sunglasses,Slicked Back,Odd Shape Cup
Light Blue,Magma Shell,Green,Relaxed,Prom Dress Black&Red,none,Three Hairs,Green Mug
Light Blue,Explorer Shell,Green,Clown,Green Suit,Brown Sunglasses,Buzzcut,Snow Top Coffee
Steel Blue,Lego Shell,Green,Calm,Spiderman Costume,Black Sunglasses,Punk,High Glass
Burly Wood,Thunder Shell,Green,Clown,Striped Block Tee,Lipstick Print,Buzzcut,Wooden Cup
Light Sea,Iced Shell,Green,Clown,Spiderman Costume,Bubble Gum,Three Hairs,Purple Mug
Lavender,Fire Shell,Green,Calm,Clown Costume,Hypnotic Glasses,none,Blue Label Takeaway
Purple Grey,Fossil Vivet Shell,Green,Clown,Prom Dress Black&Red,Gold Round Frame Glasses,Side Parting,Thermos Cup
Burly Wood,Lego Shell,Green,Calm,Burning Logo Hoodie,Brown Sunglasses,Dreadlocks,Blue Label Takeaway
Light Blue,Magma Shell,Green,Relaxed,Spiderman Costume,none,Buzzcut,Wooden Cup
Burly Wood,Fossil Vivet Shell,Green,Calm,Spiderman Costume,Hypnotic Glasses,Dreadlocks,Snow Top Coffee
Steel Blue,Fire Shell,Green,Calm,Vintage Suit,Gold Round Frame Glasses,Buzzcut,Horn Cup
Purple Grey,Honey Jar Shell,Green,Clown,Striped Block Tee,Lipstick Print,none,Wooden Cup
Purple Grey,Steel Vivet Shell,Green,Relaxed,Burning Logo Hoodie,Gold Round Frame Glasses,Bunny Ears,Green Label Takeaway
Lavender,Fossil Vivet Shell,Green,Clown,Clown Costume,Black Sunglasses,Punk,Blue Label Takeaway
Light Blue,Fossil Vivet Shell,Green,Clown,Burning Logo Hoodie,Brown Sunglasses,Slicked Back,Blue Label Takeaway
Light Blue,Digital Shell,Green,Relaxed,Striped Block Tee,Black Sunglasses,Tinfoil Perm,Striped Latte Cup
Light Grey,Iced Shell,Green,Calm,Prom Dress Black&Red,Lipstick Print,Gentleman Hat,Wooden Cup
Burly Wood,Lego Shell,Green,Clown,Prom Dress Black&Red,none,Tinfoil Perm,Thermos Cup
Burly Wood,Steel Vivet Shell,Green,Relaxed,Black Banquet Suit,Black Sunglasses,Gentleman Hat,Transparent Latte Cup
Light Blue,Fossil Vivet Shell,Green,Calm,Green Suit,Brown Sunglasses,Buzzcut,Crema Latte Cup
Light Green,Fire Shell,Green,Calm,Striped Block Tee,Bubble Gum,Side Parting,Blue Mug
Wheat,Fire Shell,Green,Calm,Prom Dress Black&Red,Lipstick Print,Punk,Thermos Cup
Light Grey,Honey Jar Shell,Green,Calm,Red Hoodie,Black Sunglasses,Dreadlocks,Snow Top Coffee
Light Blue,Fossil Vivet Shell,Green,Relaxed,Prom Dress Black&Red,Gold Round Frame Glasses,none,Espresso Cup
Lavender,Parallel Bars Shell,Green,Relaxed,Green Suit,Black Sunglasses,Slicked Back,Espresso Cup
Light Blue,Winged Shell,Green,Relaxed,Burning Logo Hoodie,Gold Round Frame Glasses,Gentleman Hat,Thermos Cup
Wheat,Fossil Vivet Shell,Green,Calm,Clown Costume,Lipstick Print,Three Hairs,Crema Latte Cup
Light Green,Fire Shell,Green,Relaxed,Black Banquet Suit,none,Punk,Cyberpunk Cup
Lavender,Thunder Shell,Green,Calm,Prom Dress Black&Red,Hypnotic Glasses,Hopter,Blue Label Takeaway
Purple Grey,Diamond Shell,Green,Calm,Black Banquet Suit,Gold Round Frame Glasses,Three Hairs,Snow Top Coffee
Lavender,Fossil Vivet Shell,Green,Clown,Burning Logo Hoodie,Gold Round Frame Glasses,Buzzcut,Green Mug
Light Green,Parallel Bars Shell,Green,Clown,Red Hoodie,Bubble Gum,Tinfoil Perm,Transparent Latte Cup
Steel Blue,Explorer Shell,Green,Relaxed,Striped Block Tee,none,Punk,Striped Latte Cup
Purple Grey,Steel Vivet Shell,Green,Calm,Clown Costume,Lipstick Print,Center Parting,Wooden Cup
Light Grey,Digital Shell,Green,Relaxed,Burning Logo Hoodie,none,Gentleman Hat,Cyberpunk Cup
Light Sea,Explorer Shell,Green,Calm,Vintage Suit,Hypnotic Glasses,Tinfoil Perm,Horn Cup
Wheat,Thunder Shell,Green,Clown,Red Hoodie,none,Buzzcut,Blue Label Takeaway
Light Blue,Digital Shell,Green,Calm,Striped Block Tee,none,Buzzcut,Cookie Cup
Light Grey,Magma Shell,Green,Clown,Striped Block Tee,none,Punk,Purple Mug
Light Green,Diamond Shell,Green,Relaxed,Vintage Suit,Bubble Gum,Gentleman Hat,Striped Latte Cup
Light Sea,Honey Jar Shell,Green,Clown,Red Hoodie,none,Tinfoil Perm,Transparent Latte Cup
Burly Wood,Parallel Bars Shell,Green,Relaxed,Clown Costume,Gold Round Frame Glasses,Gentleman Hat,Thermos Cup
Light Green,Parallel Bars Shell,Green,Clown,Burning Logo Hoodie,Lipstick Print,Buzzcut,Wooden Cup
Light Blue,Winged Shell,Green,Clown,Green Suit,Lipstick Print,Slicked Back,Green Mug
Lavender,Magma Shell,Green,Clown,Prom Dress Black&Red,Black Sunglasses,Tinfoil Perm,High Glass
Wheat,Magma Shell,Green,Clown,Red Hoodie,Bubble Gum,Slicked Back,Crema Latte Cup
Wheat,Diamond Shell,Green,Calm,Spiderman Costume,Gold Round Frame Glasses,Slicked Back,Wooden Cup
Light Grey,Lego Shell,Green,Clown,Green Suit,Black Sunglasses,Dreadlocks,Wooden Cup
Lavender,Honey Jar Shell,Green,Clown,Prom Dress Black&Red,Lipstick Print,Center Parting,Takeaway Cup
Burly Wood,Explorer Shell,Green,Calm,Green Suit,Black Sunglasses,Gentleman Hat,Keep Cup
Steel Blue,Iced Shell,Green,Relaxed,Prom Dress Black&Red,none,Side Parting,Blue Mug
Light Sea,Fossil Vivet Shell,Green,Clown,Spiderman Costume,Gold Round Frame Glasses,Dreadlocks,Thermos Cup
Lavender,Honey Jar Shell,Green,Clown,Black Banquet Suit,none,Punk,Cookie Cup
Light Blue,Fossil Vivet Shell,Green,Relaxed,Black Banquet Suit,Bubble Gum,none,Keep Cup
Burly Wood,Digital Shell,Green,Relaxed,Red Hoodie,Gold Round Frame Glasses,none,Horn Cup
Light Sea,Thunder Shell,Green,Clown,Vintage Suit,Black Sunglasses,Gentleman Hat,Blue Mug
Light Grey,Steel Vivet Shell,Green,Relaxed,Clown Costume,none,Center Parting,Wooden Cup
Lavender,Iced Shell,Green,Clown,Black Banquet Suit,Gold Round Frame Glasses,Slicked Back,Wooden Cup
Burly Wood,Explorer Shell,Green,Clown,Black Banquet Suit,Gold Round Frame Glasses,Buzzcut,High Glass
Light Grey,Scale Armor Shell,Green,Relaxed,Striped Block Tee,Lipstick Print,none,Wooden Cup
Burly Wood,Diamond Shell,Green,Relaxed,Red Hoodie,none,Center Parting,Striped Latte Cup
Steel Blue,Steel Vivet Shell,Green,Relaxed,Burning Logo Hoodie,none,Gentleman Hat,Cyberpunk Cup
Wheat,Winged Shell,Green,Calm,Black Banquet Suit,Lipstick Print,Slicked Back,Transparent Latte Cup
Light Grey,Honey Jar Shell,Green,Clown,Burning Logo Hoodie,Lipstick Print,none,Round Glass
Purple Grey,Magma Shell,Green,Calm,Striped Block Tee,Black Sunglasses,Side Parting,Espresso Cup
Light Sea,Explorer Shell,Green,Calm,Green Suit,Black Sunglasses,Slicked Back,Transparent Latte Cup
Purple Grey,Diamond Shell,Green,Relaxed,Prom Dress Black&Red,Bubble Gum,Slicked Back,Round Glass
Purple Grey,Explorer Shell,Green,Relaxed,Vintage Suit,none,Slicked Back,Takeaway Cup
Burly Wood,Fire Shell,Green,Clown,Spiderman Costume,Gold Round Frame Glasses,Gentleman Hat,Transparent Latte Cup
Light Blue,Diamond Shell,Green,Clown,Red Hoodie,Hypnotic Glasses,Punk,High Glass
Lavender,Steel Vivet Shell,Green,Calm,Clown Costume,Bubble Gum,Tinfoil Perm,Odd Shape Cup
Light Green,Diamond Shell,Green,Calm,Black Banquet Suit,Hypnotic Glasses,Hopter,Blue Label Takeaway
Light Blue,Winged Shell,Green,Clown,Black Banquet Suit,Black Sunglasses,Side Parting,Crema Latte Cup
Light Green,Digital Shell,Green,Clown,Spiderman Costume,Bubble Gum,Slicked Back,Green Label Takeaway
Burly Wood,Parallel Bars Shell,Green,Clown,Spiderman Costume,Tobacco Pipe,Side Parting,Thermos Cup
Light Sea,Diamond Shell,Green,Calm,Red Hoodie,Brown Sunglasses,Buzzcut,Striped Latte Cup
Purple Grey,Lego Shell,Green,Clown,Clown Costume,Lipstick Print,Buzzcut,Wooden Cup
Purple Grey,Fossil Vivet Shell,Green,Calm,Striped Block Tee,Gold Round Frame Glasses,Gentleman Hat,Snow Top Coffee
Lavender,Scale Armor Shell,Green,Relaxed,Green Suit,Brown Sunglasses,Punk,Odd Shape Cup
Purple Grey,Fire Shell,Green,Relaxed,Striped Block Tee,Bubble Gum,Buzzcut,High Glass
Purple Grey,Parallel Bars Shell,Green,Clown,Vintage Suit,Black Sunglasses,Bunny Ears,Green Mug
Light Sea,Diamond Shell,Green,Calm,Black Banquet Suit,Lipstick Print,none,Keep Cup
Light Sea,Digital Shell,Green,Calm,Clown Costume,none,Three Hairs,Odd Shape Cup
Light Grey,Parallel Bars Shell,Green,Clown,Red Hoodie,Hypnotic Glasses,Tinfoil Perm,Blue Mug
Wheat,Parallel Bars Shell,Green,Calm,Spiderman Costume,Brown Sunglasses,Side Parting,Crema Latte Cup
Light Sea,Thunder Shell,Green,Clown,Black Banquet Suit,Hypnotic Glasses,Dreadlocks,Cookie Cup
Lavender,Scale Armor Shell,Green,Calm,Spiderman Costume,Black Sunglasses,Clown Hat,Crema Latte Cup
Light Sea,Fire Shell,Green,Clown,Black Banquet Suit,none,Buzzcut,Purple Mug
Light Blue,Fire Shell,Green,Calm,Red Hoodie,Hypnotic Glasses,Buzzcut,Odd Shape Cup
Burly Wood,Honey Jar Shell,Green,Calm,Black Banquet Suit,Black Sunglasses,Gentleman Hat,Cyberpunk Cup
Light Sea,Fire Shell,Green,Relaxed,Striped Block Tee,Black Sunglasses,Gentleman Hat,Transparent Latte Cup
Light Sea,Parallel Bars Shell,Green,Relaxed,Vintage Suit,Black Sunglasses,Punk,Striped Latte Cup
