Wheat,Honey Jar Shell,Green,Charming,Camouflage Coat,Medical Mask,Pirate Hat,High Glass
Light Blue,Digital Shell,Green,Naughty,Striped Square Tee,Unravel Mask,Police Cap,Takeaway Cup
Light Grey,Steel Vivet Shell,Green,Obsessed,Baseball Jacket,Heart Shaped Glasses,Cowboy Hat,Blue Label Takeaway
Light Blue,Sawtooth Armor Shell,Green,Kawaii,Cactus Tee,Heart Shaped Glasses,Police Cap,Cookie Cup
Light Blue,Cyberpunk Shell,Green,Calm,Chess Board Tee,Tobacco Pipe,Pirate Hat,Blue Label Takeaway
Light Grey,Scale Armor Shell,Green,Naughty,Flower Casual Shirt,N95 Mask,Pirate Hat,Thermos Cup
Light Green,Digital Shell,Green,Relaxed,Striped Square Tee,Medical Mask,Pirate Hat,Keep Cup
Wheat,Parallel Bars Shell,Green,Relaxed,Football Jersey,Respirator Beta,Police Cap,Blue Label Takeaway
Light Sea,Winged Shell,Green,Calm,Skull Brand Tee A,Pirate Blindfold,Police Cap,Blue Mug
Light Green,Fossil Vivet Shell,Green,Calm,Striped Outer Shirt,Unravel Mask,Cowboy Hat,Horn Cup
Burly Wood,Thunder Shell,Green,Wink,Down Jacket,Brown Sunglasses,Pirate Hat,Blue Mug
Light Sea,Basic Shell Yellow,Green,Naughty,Turtleneck Hoodie,Heart Shaped Glasses,Police Cap,Green Label Takeaway
Light Green,Polygon Armor Shell,Green,Obsessed,Apron,Single-eye Gauze,Police Cap,Blue Mug
Steel Blue,Scale Armor Shell,Green,Calm,Cactus Tee,Unravel Mask,Cowboy Hat,Green Label Takeaway
Lavender,Explorer Shell,Green,Charming,Crema Sweater Landscape,Medical Mask,Police Cap,Blue Mug
Light Green,Wok Shell,Green,Charming,Striped Block Tee,Tobacco Pipe,Police Cap,Thermos Cup
Light Green,Fire Shell,Green,Obsessed,Turtleneck Hoodie,N95 Mask,Police Cap,Takeaway Cup
Light Blue,Parallel Bars Shell,Green,Calm,Flower Casual Shirt,Masking Cloth,Police Cap,Green Label Takeaway
Light Blue,Watermelon Shell,Green,Relaxed,Peace Tee,Black Sunglasses,Police Cap,Horn Cup
Light Green,Watermelon Shell,Green,Obsessed,Khaki Outer Shirt,Unravel Mask,Pirate Hat,Iced Coffee Takeaway
Steel Blue,Factory Shell,Green,Kawaii,Burning Logo Black Tee,Smiley Mask,Pirate Hat,Thermos Cup
Purple Grey,Thunder Shell,Green,Calm,Spiderman Costume,Brown Sunglasses,Pirate Hat,High Glass
Burly Wood,Basic Shell Green,Green,Charming,Comet Brand Tee,Tobacco Pipe,Pirate Hat,High Glass
Purple Grey,Cyberpunk Shell,Green,Obsessed,Striped Block Tee,Smiley Mask,Pirate Hat,Crema Latte Cup
Light Green,Scale Armor Shell,Green,Charming,Burning Logo Black Tee,Smiley Mask,Cowboy Hat,Transparent Latte Cup
Burly Wood,Honey Jar Shell,Green,Charming,Sailor Suit,Heart Shaped Glasses,Cowboy Hat,Green Label Takeaway
Steel Blue,Scale Armor Shell,Green,Relaxed,Grey Tee,N95 Mask,Police Cap,Thermos Cup
Steel Blue,Basic Shell Green,Green,Kawaii,Red Hoodie,Medical Mask,Pirate Hat,Odd Shape Cup
Light Sea,Diamond Shell,Green,Relaxed,Wasteland Clothing,Brown Sunglasses,Pirate Hat,Takeaway Cup
Steel Blue,Honey Jar Shell,Green,Kawaii,B&W Contrast Sweater,Heart Shaped Glasses,Police Cap,Horn Cup
Light Grey,Mushroom Shell,Green,Calm,Rivet Jacket,Smiley Mask,Police Cap,Iced Coffee Takeaway
Wheat,Factory Shell,Green,Wink,Cactus Tee,Black Sunglasses,Police Cap,Green Label Takeaway
Light Blue,Winged Shell,Green,Relaxed,Zodiac Tee,N95 Mask,Police Cap,Espresso Cup
Light Grey,Basic Shell Green,Green,Charming,Baseball Jacket,Unravel Mask,Pirate Hat,Iced Coffee Takeaway
Purple Grey,Globe Shell,Green,Kawaii,Turtleneck Sweater,Heart Shaped Glasses,Cowboy Hat,Takeaway Cup
Purple Grey,Thunder Shell,Green,Naughty,Basketball Jersey,none,Cowboy Hat,Cyberpunk Cup
Light Blue,Explorer Shell,Green,Naughty,Black Banquet Suit,Pirate Blindfold,Cowboy Hat,Snow Top Coffee
Purple Grey,Scale Armor Shell,Green,Naughty,Khaki Tee with Pocket,Heart Shaped Glasses,Cowboy Hat,Green Mug
Steel Blue,Honey Jar Shell,Green,Charming,Skull Brand Tee A,Gauze,Stylish Cap,Blue Label Takeaway
Light Blue,Factory Shell,Green,Charming,Green Suit,N95 Mask,Pirate Hat,Transparent Latte Cup
Light Sea,Steel Vivet Shell,Green,Kawaii,Cactus Tee,Unravel Mask,Baseball Cap,Horn Cup
Steel Blue,Steel Vivet Shell,Green,Charming,Priest Outfit,none,Police Cap,Striped Latte Cup
Light Sea,Mushroom Shell,Green,Wink,Chequered Shirt,Black Sunglasses,Police Cap,Cookie Cup
Lavender,Parallel Bars Shell,Green,Calm,Green Suit,none,Police Cap,Thermos Cup
Purple Grey,Watermelon Shell,Green,Relaxed,Prom Dress Black&Red,Tobacco Pipe,Police Cap,Round Glass
Lavender,Thunder Shell,Green,Obsessed,Cactus Tee,Masking Cloth,Police Cap,Blue Mug
Light Blue,Cyberpunk Shell,Green,Charming,Skull Brand Tee A,Single-eye Gauze,Police Cap,Green Label Takeaway
Light Green,Fossil Vivet Shell,Green,Naughty,Overalls,Gold Round Frame Glasses,Police Cap,Horn Cup
Purple Grey,Globe Shell,Green,Charming,Ripped Tee,Single-eye Gauze,Pirate Hat,High Glass
Wheat,Basic Shell Grey,Green,Calm,Khaki Tee with Pocket,Heart Shaped Glasses,Pirate Hat,Crema Latte Cup
Light Blue,Fossil Vivet Shell,Green,Charming,Priest Outfit,Heart Shaped Glasses,Cowboy Hat,High Glass
Light Green,Lego Shell,Green,Obsessed,Black Banquet Suit,Tobacco Pipe,Police Cap,Green Label Takeaway
Steel Blue,Cyberpunk Shell,Green,Relaxed,Camouflage Coat,Black Sunglasses,Police Cap,Striped Latte Cup
Light Grey,Iced Shell,Green,Charming,Flower Casual Shirt,Band Aid,Police Cap,Round Glass
Light Grey,Sawtooth Armor Shell,Green,Naughty,Down Jacket,Band Aid,Police Cap,Striped Latte Cup
Light Green,Fossil Vivet Shell,Green,Relaxed,Burning Logo White Tee,Heart Shaped Glasses,Police Cap,Striped Latte Cup
Steel Blue,Fossil Vivet Shell,Green,Kawaii,Turtleneck Sweater,Unravel Mask,Police Cap,High Glass
Purple Grey,Globe Shell,Green,Calm,Zodiac Tee,Brown Sunglasses,Stylish Cap,Crema Latte Cup
Burly Wood,Parallel Bars Shell,Green,Relaxed,Stripped Tee,Gauze,Police Cap,Takeaway Cup
Lavender,Factory Shell,Green,Wink,LOL Tee,Respirator Beta,Police Cap,Crema Latte Cup
Light Green,Basic Shell Pink,Green,Calm,Tee with Smiley,Band Aid,Pirate Hat,Cyberpunk Cup
Light Grey,Explorer Shell,Green,Calm,Vintage Suit,N95 Mask,Pirate Hat,Blue Label Takeaway
Steel Blue,Explorer Shell,Green,Relaxed,Red Hoodie,Pirate Blindfold,Cowboy Hat,Cookie Cup
Wheat,Thunder Shell,Green,Obsessed,Mist Square Tee,Pirate Blindfold,Pirate Hat,Snow Top Coffee
Steel Blue,Explorer Shell,Green,Calm,Jacket,Medical Mask,Cowboy Hat,Green Label Takeaway
Light Grey,Iced Shell,Green,Obsessed,Skull Brand Tee B,none,Cowboy Hat,Blue Label Takeaway
Light Blue,Diamond Shell,Green,Naughty,LOL Tee,Heart Shaped Glasses,Police Cap,Cyberpunk Cup
Burly Wood,Basic Shell Grey,Green,Wink,Skull Brand Tee B,Unravel Mask,Police Cap,Keep Cup
Wheat,Basic Shell Blue,Green,Wink,Tee with Bear,Lipstick Print,Cowboy Hat,Transparent Latte Cup
Wheat,Fire Shell,Green,Charming,Comet Brand Tee,Gauze,Cowboy Hat,Green Mug
Purple Grey,Magma Shell,Green,Wink,Green Suit,Gauze,Pirate Hat,Blue Mug
Light Blue,Cyberpunk Shell,Green,Kawaii,Spiderman Costume,Single-eye Gauze,Police Cap,Blue Label Takeaway
Light Green,Honey Jar Shell,Green,Wink,Striped Square Tee,Pirate Blindfold,Pirate Hat,High Glass
Light Grey,Digital Shell,Green,Calm,Turtleneck Sweater,Respirator Beta,Police Cap,High Glass
Light Blue,Parallel Bars Shell,Green,Relaxed,Striped Square Tee,Medical Mask,Pirate Hat,Cookie Cup
Steel Blue,Basic Shell Pink,Green,Wink,Astronaut Tee,Unravel Mask,Police Cap,Cyberpunk Cup
Burly Wood,Explorer Shell,Green,Naughty,Green Sweater,N95 Mask,Cowboy Hat,Odd Shape Cup
Light Grey,Globe Shell,Green,Wink,Burning Logo Black Tee,Smiley Mask,Cowboy Hat,Green Label Takeaway
Light Sea,Diamond Shell,Green,Relaxed,Green Casual Vest,Gauze,Police Cap,Keep Cup
Light Sea,Magma Shell,Green,Obsessed,Turtleneck Sweater,Heart Shaped Glasses,Police Cap,Purple Mug
Light Sea,Basic Shell Green,Green,Charming,Tree Casual Shirt,N95 Mask,Cowboy Hat,Transparent Latte Cup
Light Sea,Sawtooth Armor Shell,Green,Naughty,Grey Blue Suit,Unravel Mask,Police Cap,Thermos Cup
Burly Wood,Thunder Shell,Green,Wink,Burning Logo Hoodie,Watchmaker Loupe,Pirate Hat,Green Mug
Steel Blue,Basic Shell Yellow,Green,Wink,Flame Tee,Respirator Beta,Police Cap,Green Label Takeaway
Light Blue,Wok Shell,Green,Charming,Grey Palette Sweater,Brown Sunglasses,Police Cap,Thermos Cup
Light Sea,Iced Shell,Green,Relaxed,Striped Square Tee,Smiley Mask,Pirate Hat,Wooden Cup
Purple Grey,Factory Shell,Green,Wink,Prom Dress Black&Red,Unravel Mask,Police Cap,Blue Mug
Light Green,Basic Shell Green,Green,Calm,Green Sweater,Single-eye Gauze,Pirate Hat,Crema Latte Cup
Purple Grey,Diamond Shell,Green,Kawaii,Fur Coat,Masking Cloth,Pirate Hat,Odd Shape Cup
Light Green,Iced Shell,Green,Relaxed,Baseball Jacket,Smiley Mask,Pirate Hat,Iced Coffee Takeaway
Light Green,Mushroom Shell,Green,Wink,Tee with Bull,Gauze,Cowboy Hat,Blue Label Takeaway
Purple Grey,Polygon Armor Shell,Green,Kawaii,Camouflage Coat,Brown Sunglasses,Cowboy Hat,Striped Latte Cup
Purple Grey,Basic Shell Green,Green,Obsessed,Burning Logo Hoodie,Lipstick Print,Cowboy Hat,Green Label Takeaway
Wheat,Parallel Bars Shell,Green,Obsessed,Striped Block Tee,N95 Mask,Pirate Hat,Thermos Cup
Light Grey,Magma Shell,Green,Obsessed,Sailor Suit,Masking Cloth,Pirate Hat,Blue Label Takeaway
Light Sea,Scale Armor Shell,Green,Obsessed,Prom Dress Black&Red,Single-eye Gauze,Pirate Hat,Takeaway Cup
Light Blue,Polygon Armor Shell,Green,Charming,Turtleneck Hoodie,Pirate Blindfold,Pirate Hat,Blue Mug
Purple Grey,Digital Shell,Green,Relaxed,Burning Logo Black Tee,Brown Sunglasses,Pirate Hat,Transparent Latte Cup
Burly Wood,Lego Shell,Green,Kawaii,Chess Board Tee,Band Aid,Cowboy Hat,Green Mug
Purple Grey,Basic Shell Green,Green,Calm,Mist Square Tee,Single-eye Gauze,Police Cap,Espresso Cup
Light Grey,Basic Shell Blue,Green,Wink,Pigeon Tee,Smiley Mask,Police Cap,Cookie Cup
Light Green,Factory Shell,Green,Relaxed,Film Photo Tee,N95 Mask,Police Cap,Crema Latte Cup
Steel Blue,Basic Shell Blue,Green,Relaxed,Grey Blue Suit,Pirate Blindfold,Police Cap,Blue Label Takeaway
Light Grey,Basic Shell Pink,Green,Naughty,Camouflage Tee,Smiley Mask,Police Cap,Iced Coffee Takeaway
Burly Wood,Digital Shell,Green,Calm,Burning Logo White Tee,Pirate Blindfold,Pirate Hat,Transparent Latte Cup
Steel Blue,Watermelon Shell,Green,Relaxed,Skull Brand Tee B,N95 Mask,Cowboy Hat,Crema Latte Cup
Light Green,Parallel Bars Shell,Green,Charming,Fur Coat,Unravel Mask,Cowboy Hat,Keep Cup
Light Green,Magma Shell,Green,Wink,Tree Casual Shirt,Pirate Blindfold,Pirate Hat,Odd Shape Cup
Light Blue,Fossil Vivet Shell,Green,Kawaii,Football Jersey,Heart Shaped Glasses,Pirate Hat,Transparent Latte Cup
Steel Blue,Basic Shell Grey,Green,Calm,White Outer Shirt,Black Sunglasses,Pirate Hat,Round Glass
Wheat,Cyberpunk Shell,Green,Naughty,Mist Square Tee,Gold Round Frame Glasses,Pirate Hat,Cyberpunk Cup
Purple Grey,Basic Shell Green,Green,Kawaii,Ripped Tee,Smiley Mask,Police Cap,Snow Top Coffee
Burly Wood,Triangle Armor Shell,Green,Naughty,Wasteland Clothing,N95 Mask,Pirate Hat,Round Glass
Wheat,Basic Shell Pink,Green,Naughty,Tree Casual Shirt,Smiley Mask,Pirate Hat,Blue Mug
Wheat,Parallel Bars Shell,Green,Obsessed,Burning Logo Black Tee,Respirator Beta,Police Cap,Purple Mug
Steel Blue,Parallel Bars Shell,Green,Naughty,Chess Board Tee,Watchmaker Loupe,Police Cap,Cyberpunk Cup
Steel Blue,Basic Shell Pink,Green,Calm,Grey Tee,Pirate Blindfold,Police Cap,Round Glass
Steel Blue,Mushroom Shell,Green,Relaxed,Grey Blue Suit,Heart Shaped Glasses,Police Cap,Espresso Cup
Light Grey,Explorer Shell,Green,Charming,Fur Coat,Brown Sunglasses,Pirate Hat,Odd Shape Cup
Steel Blue,Diamond Shell,Green,Wink,Camouflage Tee,Heart Shaped Glasses,Cowboy Hat,Striped Latte Cup
Light Green,Magma Shell,Green,Calm,Green Sweater,none,Cowboy Hat,Round Glass
Light Green,Iced Shell,Green,Kawaii,Stripped Tee,Gold Round Frame Glasses,Police Cap,Green Mug
Light Blue,Triangle Armor Shell,Green,Kawaii,Skull Brand Tee B,Pirate Blindfold,Stylish Cap,Takeaway Cup
Light Grey,Honey Jar Shell,Green,Calm,Tee with Smiley,Single-eye Gauze,Police Cap,Espresso Cup
Light Blue,Globe Shell,Green,Kawaii,Burning Logo Black Tee,Brown Sunglasses,Cowboy Hat,Purple Mug
Purple Grey,Parallel Bars Shell,Green,Calm,Comet Brand Tee,Pirate Blindfold,Pirate Hat,Thermos Cup
Wheat,Winged Shell,Green,Obsessed,Wasteland Clothing,N95 Mask,Pirate Hat,Crema Latte Cup
Steel Blue,Watermelon Shell,Green,Naughty,Wasteland Clothing,N95 Mask,Cowboy Hat,Round Glass
Light Blue,Basic Shell Grey,Green,Charming,Red Hoodie,Smiley Mask,Pirate Hat,Striped Latte Cup
Purple Grey,Winged Shell,Green,Wink,Spiderman Costume,Tobacco Pipe,Pirate Hat,High Glass
Light Green,Fire Shell,Green,Naughty,Crema Sweater Landscape,none,Pirate Hat,Crema Latte Cup
Light Green,Watermelon Shell,Green,Naughty,Chess Board Tee,Single-eye Gauze,Pirate Hat,Horn Cup
Burly Wood,Mushroom Shell,Green,Calm,Crema Sweater Landscape,Masking Cloth,Cowboy Hat,Cyberpunk Cup
Purple Grey,Winged Shell,Green,Obsessed,Prom Dress Black&Red,Unravel Mask,Police Cap,Cookie Cup
Steel Blue,Winged Shell,Green,Calm,Striped Block Tee,Pirate Blindfold,Pirate Hat,High Glass
Light Grey,Explorer Shell,Green,Obsessed,Grey Palette Sweater,Single-eye Gauze,Police Cap,Snow Top Coffee
Wheat,Wok Shell,Green,Naughty,Sailor Suit,Gauze,Cowboy Hat,Cookie Cup
Lavender,Basic Shell Blue,Green,Charming,Jacket,Medical Mask,Pirate Hat,Crema Latte Cup
Lavender,Steel Vivet Shell,Green,Charming,White Outer Shirt,Band Aid,Pirate Hat,Purple Mug
Light Grey,Steel Vivet Shell,Green,Wink,Skull Brand Tee A,Unravel Mask,Baseball Cap,Wooden Cup
Light Blue,Wok Shell,Green,Obsessed,Red Hoodie,none,Police Cap,Cookie Cup
Lavender,Lego Shell,Green,Relaxed,Khaki Outer Shirt,Pirate Blindfold,Cowboy Hat,Green Label Takeaway
Light Grey,Sawtooth Armor Shell,Green,Naughty,Fur Coat,none,Pirate Hat,Wooden Cup
Steel Blue,Honey Jar Shell,Green,Naughty,Tee with Bull,Pirate Blindfold,Pirate Hat,Snow Top Coffee
Wheat,Digital Shell,Green,Calm,Skull Brand Tee B,Masking Cloth,Police Cap,Blue Mug
Light Sea,Basic Shell Grey,Green,Charming,Tee with Bull,Single-eye Gauze,Pirate Hat,Snow Top Coffee
Light Green,Explorer Shell,Green,Calm,Tee with Smiley,Brown Sunglasses,Pirate Hat,Espresso Cup
Lavender,Steel Vivet Shell,Green,Naughty,Green Sweater,Lipstick Print,Cowboy Hat,Cookie Cup
Light Sea,Explorer Shell,Green,Calm,Tee with Bull,Heart Shaped Glasses,Police Cap,Blue Mug
Steel Blue,Digital Shell,Green,Wink,Tee with Bear,Single-eye Gauze,Pirate Hat,Cyberpunk Cup
Light Green,Lego Shell,Green,Kawaii,Apron,Heart Shaped Glasses,Police Cap,Iced Coffee Takeaway
Wheat,Scale Armor Shell,Green,Naughty,Skull Brand Tee A,N95 Mask,Cowboy Hat,Green Mug
Wheat,Parallel Bars Shell,Green,Obsessed,Racing Suit,Gauze,Cowboy Hat,Transparent Latte Cup
Purple Grey,Fire Shell,Green,Obsessed,Down Jacket,Single-eye Gauze,Cowboy Hat,Espresso Cup
Wheat,Lego Shell,Green,Calm,Prom Dress Black&Red,Brown Sunglasses,Pirate Hat,Thermos Cup
Purple Grey,Fossil Vivet Shell,Green,Wink,Green Sweater,Smiley Mask,Pirate Hat,Blue Label Takeaway
Burly Wood,Fossil Vivet Shell,Green,Kawaii,Turtleneck Hoodie,Heart Shaped Glasses,Police Cap,Wooden Cup
Light Sea,Diamond Shell,Green,Naughty,White Outer Shirt,Smiley Mask,Police Cap,Cyberpunk Cup
Burly Wood,Honey Jar Shell,Green,Wink,Flame Tee,Unravel Mask,Pirate Hat,High Glass
Light Grey,Digital Shell,Green,Calm,Film Photo Tee,Heart Shaped Glasses,Pirate Hat,Keep Cup
Burly Wood,Digital Shell,Green,Wink,Cactus Tee,Single-eye Gauze,Cowboy Hat,Keep Cup
Wheat,Basic Shell Blue,Green,Kawaii,Stripped Tee,Gold Round Frame Glasses,Police Cap,Horn Cup
Light Sea,Basic Shell Yellow,Green,Kawaii,Zodiac Tee,Pirate Blindfold,Pirate Hat,Blue Label Takeaway
Wheat,Polygon Armor Shell,Green,Relaxed,Jacket,Pirate Blindfold,Pirate Hat,Keep Cup
Light Blue,Parallel Bars Shell,Green,Obsessed,Astronaut Tee,Medical Mask,Pirate Hat,Blue Label Takeaway
Light Grey,Cyberpunk Shell,Green,Kawaii,Leaf Casual Shirt,Unravel Mask,Pirate Hat,Odd Shape Cup
Purple Grey,Polygon Armor Shell,Green,Naughty,Vintage Suit,none,Pirate Hat,Cyberpunk Cup
Purple Grey,Triangle Armor Shell,Green,Naughty,Tee with Bull,Single-eye Gauze,Pirate Hat,Snow Top Coffee
Light Sea,Fossil Vivet Shell,Green,Calm,Flower Casual Shirt,Smiley Mask,Cowboy Hat,Transparent Latte Cup
Light Grey,Triangle Armor Shell,Green,Charming,Striped Block Tee,Black Sunglasses,Baseball Cap,Round Glass
Light Blue,Magma Shell,Green,Relaxed,Flame Tee,Respirator Beta,Police Cap,Green Mug
Light Sea,Lego Shell,Green,Naughty,Film Photo Tee,Pirate Blindfold,Pirate Hat,Snow Top Coffee
Light Blue,Fossil Vivet Shell,Green,Charming,Film Photo Tee,Masking Cloth,Police Cap,Espresso Cup
Light Blue,Factory Shell,Green,Wink,Pigeon Tee,Gauze,Pirate Hat,Iced Coffee Takeaway
Purple Grey,Wok Shell,Green,Obsessed,Grey Palette Sweater,none,Pirate Hat,Odd Shape Cup
Purple Grey,Digital Shell,Green,Wink,Striped Square Tee,Gold Round Frame Glasses,Cowboy Hat,Green Label Takeaway
Light Green,Lego Shell,Green,Charming,Tee with Bear,Masking Cloth,Police Cap,Iced Coffee Takeaway
Lavender,Factory Shell,Green,Obsessed,Flower Casual Shirt,Black Sunglasses,Cowboy Hat,Crema Latte Cup
Lavender,Wok Shell,Green,Kawaii,Red Hoodie,Masking Cloth,Police Cap,Snow Top Coffee
Purple Grey,Watermelon Shell,Green,Charming,Grey Palette Sweater,Heart Shaped Glasses,Pirate Hat,Purple Mug
Steel Blue,Wok Shell,Green,Kawaii,Priest Outfit,Smiley Mask,Cowboy Hat,Blue Label Takeaway
Purple Grey,Lego Shell,Green,Kawaii,Green Sweater,N95 Mask,Pirate Hat,Thermos Cup
Lavender,Parallel Bars Shell,Green,Charming,Ripped Tee,Black Sunglasses,Police Cap,Odd Shape Cup
Purple Grey,Fire Shell,Green,Wink,Football Jersey,Gauze,Pirate Hat,Takeaway Cup
Steel Blue,Iced Shell,Green,Charming,Flower Casual Shirt,N95 Mask,Pirate Hat,High Glass
Purple Grey,Basic Shell Green,Green,Naughty,B&W Contrast Sweater,Gauze,Cowboy Hat,Blue Mug
Purple Grey,Scale Armor Shell,Green,Obsessed,Green Casual Vest,Unravel Mask,Stylish Cap,Iced Coffee Takeaway
Purple Grey,Winged Shell,Green,Obsessed,Mist Square Tee,Unravel Mask,Pirate Hat,Blue Label Takeaway
Lavender,Basic Shell Blue,Green,Kawaii,Football Jersey,Heart Shaped Glasses,Pirate Hat,Transparent Latte Cup
Light Blue,Wok Shell,Green,Charming,LOL Tee,Heart Shaped Glasses,Stylish Cap,Blue Label Takeaway
Burly Wood,Sawtooth Armor Shell,Green,Naughty,Green Sweater,Brown Sunglasses,Pirate Hat,Blue Mug
Burly Wood,Iced Shell,Green,Relaxed,Camouflage Tee,Smiley Mask,Police Cap,Iced Coffee Takeaway
Burly Wood,Globe Shell,Green,Kawaii,Film Photo Tee,Band Aid,Pirate Hat,Round Glass
Light Grey,Fossil Vivet Shell,Green,Obsessed,Grey Blue Suit,Medical Mask,Pirate Hat,Keep Cup
Light Green,Diamond Shell,Green,Naughty,Grey Blue Suit,Brown Sunglasses,Police Cap,Purple Mug
Light Blue,Lego Shell,Green,Wink,Racing Suit,Heart Shaped Glasses,Police Cap,Thermos Cup
Lavender,Parallel Bars Shell,Green,Charming,Black Banquet Suit,Gold Round Frame Glasses,Pirate Hat,Cookie Cup
Light Blue,Iced Shell,Green,Charming,Striped Square Tee,Gold Round Frame Glasses,Pirate Hat,Transparent Latte Cup
Steel Blue,Fire Shell,Green,Calm,Overalls,Black Sunglasses,Cowboy Hat,Iced Coffee Takeaway
Burly Wood,Basic Shell Grey,Green,Wink,Rivet Jacket,Unravel Mask,Pirate Hat,Snow Top Coffee
