Burly Wood,Steel Vivet Shell,Green,Relaxed,LOL Tee,Bracelet,Motorcyle Helmet,Takeaway Cup
Wheat,Basic Shell Blue,Green,Obsessed,Tee with Smiley,Chain Collar,Motorcyle Helmet,Snow Top Coffee
Burly Wood,Basic Shell Blue,Green,Kawaii,Skull Brand Tee B,Staff Badge,Motorcyle Helmet,Keep Cup
Wheat,Basic Shell Grey,Green,Calm,Grey Tee,Rivet Collar,Motorcyle Helmet,Blue Mug
Wheat,Fire Shell,Green,Naughty,Astronaut Tee,Gold Watch,Motorcyle Helmet,Snow Top Coffee
Burly Wood,Honey Jar Shell,Green,Naughty,Tee with Bear,Silver Smiley Necklace,Motorcyle Helmet,High Glass
Light Sea,Explorer Shell,Green,Wink,Burning Logo White Tee,Smart Watch,Motorcyle Helmet,Snow Top Coffee
Light Sea,Basic Shell Yellow,Green,Obsessed,Crema Sweater B&O,Rivet Collar,Motorcyle Helmet,Odd Shape Cup
Burly Wood,Diamond Shell,Green,Kawaii,Tree Casual Shirt,Bracelet,Motorcyle Helmet,Blue Mug
Light Green,Basic Shell Green,Green,Obsessed,Striped Square Tee,Smart Watch,Motorcyle Helmet,Thermos Cup
Wheat,Basic Shell Blue,Green,Obsessed,Animal Emoji Sweater,Silver Smiley Necklace,Motorcyle Helmet,Keep Cup
Light Grey,Basic Shell Pink,Green,Relaxed,Pigeon Tee,none,Motorcyle Helmet,Crema Latte Cup
Light Grey,Magma Shell,Green,Obsessed,Crema Sweater Landscape,Silver Smiley Necklace,Motorcyle Helmet,Crema Latte Cup
Lavender,Factory Shell,Green,Calm,Animal Emoji Sweater,Staff Badge,Motorcyle Helmet,Blue Label Takeaway
Steel Blue,Globe Shell,Green,Relaxed,Burning Logo White Tee,Staff Badge,Motorcyle Helmet,Purple Mug
Wheat,Globe Shell,Green,Obsessed,Skull Brand Tee A,Cross Necklace,Motorcyle Helmet,Thermos Cup
Light Grey,Watermelon Shell,Green,Wink,Pigeon Tee,Rivet Collar,Motorcyle Helmet,Blue Label Takeaway
Light Green,Explorer Shell,Green,Obsessed,Chess Board Tee,Smart Watch,Motorcyle Helmet,Green Mug
Light Sea,Mushroom Shell,Green,Kawaii,Grey Tee,Silver Smiley Necklace,Motorcyle Helmet,Purple Mug
Light Sea,Wok Shell,Green,Relaxed,Tree Casual Shirt,Silver Smiley Necklace,Motorcyle Helmet,Round Glass
Wheat,Lego Shell,Green,Wink,Cactus Tee,Silver Smiley Necklace,Motorcyle Helmet,Blue Mug
Wheat,Factory Shell,Green,Kawaii,Green Sweater,Bracelet,Motorcyle Helmet,Transparent Latte Cup
Wheat,Basic Shell Yellow,Green,Wink,Red Patterned Sweater,none,Motorcyle Helmet,Horn Cup
Light Green,Factory Shell,Green,Wink,Triangle Yellow Sweater,Chain Collar,Motorcyle Helmet,Espresso Cup
Light Grey,Digital Shell,Green,Obsessed,Animal Emoji Sweater,none,Motorcyle Helmet,Round Glass
Light Blue,Lego Shell,Green,Obsessed,Flame Tee,Gold Watch,Motorcyle Helmet,Keep Cup
Lavender,Diamond Shell,Green,Naughty,Tee with Bear,Staff Badge,Motorcyle Helmet,Snow Top Coffee
Light Sea,Globe Shell,Green,Naughty,Animal Emoji Sweater,Staff Badge,Motorcyle Helmet,Espresso Cup
Light Grey,Mushroom Shell,Green,Wink,Zodiac Tee,Bracelet,Motorcyle Helmet,Round Glass
Purple Grey,Fossil Vivet Shell,Green,Relaxed,Animal Emoji Sweater,Chain Collar,Motorcyle Helmet,Odd Shape Cup
Light Blue,Mushroom Shell,Green,Kawaii,Skull Brand Tee B,Bracelet,Motorcyle Helmet,Crema Latte Cup
Light Grey,Explorer Shell,Green,Relaxed,Green Sweater,Bracelet,Motorcyle Helmet,Thermos Cup
Steel Blue,Lego Shell,Green,Calm,B&W Contrast Sweater,Rivet Collar,Motorcyle Helmet,Wooden Cup
Light Blue,Honey Jar Shell,Green,Kawaii,Tee with Bear,Chain Collar,Motorcyle Helmet,Blue Mug
Light Sea,Basic Shell Yellow,Green,Naughty,Film Photo Tee,Smart Watch,Motorcyle Helmet,Iced Coffee Takeaway
Light Green,Digital Shell,Green,Kawaii,Flame Tee,Bracelet,Motorcyle Helmet,Purple Mug
Light Grey,Basic Shell Grey,Green,Wink,Ripped Tee,Cross Necklace,Motorcyle Helmet,Blue Label Takeaway
Light Blue,Winged Shell,Green,Calm,Skull Brand Tee B,Cross Necklace,Motorcyle Helmet,Cyberpunk Cup
Wheat,Basic Shell Grey,Green,Obsessed,Film Photo Tee,none,Motorcyle Helmet,Keep Cup
Purple Grey,Thunder Shell,Green,Naughty,Crema Sweater B&O,none,Motorcyle Helmet,Snow Top Coffee
Light Blue,Watermelon Shell,Green,Obsessed,Crema Sweater B&O,none,Motorcyle Helmet,Cyberpunk Cup
Light Sea,Basic Shell Pink,Green,Calm,Tee with Bear,none,Motorcyle Helmet,Blue Label Takeaway
Steel Blue,Iced Shell,Green,Calm,Triangle Yellow Sweater,Silver Smiley Necklace,Motorcyle Helmet,Transparent Latte Cup
Light Grey,Mushroom Shell,Green,Wink,Ripped Tee,Staff Badge,Motorcyle Helmet,Cyberpunk Cup
Lavender,Fire Shell,Green,Relaxed,Tee with Bull,Smart Watch,Motorcyle Helmet,Round Glass
Light Sea,Scale Armor Shell,Green,Calm,Crema Sweater Landscape,Staff Badge,Motorcyle Helmet,Crema Latte Cup
Wheat,Scale Armor Shell,Green,Calm,Crema Sweater B&O,Bracelet,Motorcyle Helmet,Purple Mug
Light Sea,Wok Shell,Green,Obsessed,Animal Emoji Sweater,Rivet Collar,Motorcyle Helmet,Horn Cup
Light Sea,Scale Armor Shell,Green,Naughty,Comet Brand Tee,Staff Badge,Motorcyle Helmet,Striped Latte Cup
Lavender,Globe Shell,Green,Calm,Tree Casual Shirt,Smart Watch,Motorcyle Helmet,Espresso Cup
Lavender,Iced Shell,Green,Wink,Flame Tee,Silver Smiley Necklace,Motorcyle Helmet,Thermos Cup
Light Blue,Diamond Shell,Green,Kawaii,Triangle Yellow Sweater,Silver Smiley Necklace,Motorcyle Helmet,Striped Latte Cup
Light Blue,Wok Shell,Green,Naughty,Flame Tee,Silver Smiley Necklace,Motorcyle Helmet,Green Label Takeaway
Purple Grey,Basic Shell Green,Green,Relaxed,Chess Board Tee,none,Motorcyle Helmet,Purple Mug
Purple Grey,Diamond Shell,Green,Wink,Peace Tee,none,Motorcyle Helmet,Round Glass
Purple Grey,Winged Shell,Green,Wink,Zodiac Tee,Gold Watch,Motorcyle Helmet,Odd Shape Cup
Light Green,Watermelon Shell,Green,Obsessed,Zodiac Tee,Smart Watch,Motorcyle Helmet,Striped Latte Cup
Light Sea,Steel Vivet Shell,Green,Obsessed,Crema Sweater B&O,Gold Watch,Motorcyle Helmet,Green Label Takeaway
Steel Blue,Basic Shell Green,Green,Wink,Khaki Tee with Pocket,Chain Collar,Motorcyle Helmet,Takeaway Cup
Purple Grey,Wok Shell,Green,Naughty,Skull Brand Tee A,Silver Smiley Necklace,Motorcyle Helmet,Cookie Cup
Light Green,Basic Shell Blue,Green,Kawaii,Astronaut Tee,Staff Badge,Motorcyle Helmet,Wooden Cup
Light Sea,Basic Shell Yellow,Green,Wink,Tee with Bull,Silver Smiley Necklace,Motorcyle Helmet,Keep Cup
Light Grey,Digital Shell,Green,Relaxed,Astronaut Tee,Chain Collar,Motorcyle Helmet,Round Glass
Wheat,Globe Shell,Green,Obsessed,Tee with Bear,Smart Watch,Motorcyle Helmet,Cyberpunk Cup
Light Grey,Steel Vivet Shell,Green,Wink,LOL Tee,Smart Watch,Motorcyle Helmet,Cyberpunk Cup
Light Sea,Watermelon Shell,Green,Kawaii,Comet Brand Tee,Rivet Collar,Motorcyle Helmet,Iced Coffee Takeaway
Light Grey,Steel Vivet Shell,Green,Relaxed,Astronaut Tee,Chain Collar,Motorcyle Helmet,Green Label Takeaway
Lavender,Fire Shell,Green,Naughty,B&W Contrast Sweater,Smart Watch,Motorcyle Helmet,Green Label Takeaway
Wheat,Factory Shell,Green,Naughty,Basketball Jersey,Bracelet,Motorcyle Helmet,Transparent Latte Cup
Light Blue,Scale Armor Shell,Green,Calm,Red Patterned Sweater,none,Motorcyle Helmet,Cookie Cup
Light Green,Globe Shell,Green,Relaxed,Film Photo Tee,Smart Watch,Motorcyle Helmet,Green Label Takeaway
Steel Blue,Winged Shell,Green,Relaxed,LOL Tee,Rivet Collar,Motorcyle Helmet,Thermos Cup
Light Green,Winged Shell,Green,Relaxed,Tee with Bear,Gold Watch,Motorcyle Helmet,Wooden Cup
Light Grey,Steel Vivet Shell,Green,Obsessed,B&W Contrast Sweater,Rivet Collar,Motorcyle Helmet,Thermos Cup
Light Green,Diamond Shell,Green,Kawaii,Tee with Bull,Smart Watch,Motorcyle Helmet,Blue Mug
Lavender,Explorer Shell,Green,Kawaii,Stripped Tee,Chain Collar,Motorcyle Helmet,Cyberpunk Cup
Purple Grey,Wok Shell,Green,Calm,Mist Square Tee,Chain Collar,Motorcyle Helmet,Espresso Cup
Light Grey,Lego Shell,Green,Naughty,Grey Tee,none,Motorcyle Helmet,Thermos Cup
Light Sea,Explorer Shell,Green,Kawaii,Grey Tee,Rivet Collar,Motorcyle Helmet,Green Label Takeaway
Lavender,Winged Shell,Green,Obsessed,Basketball Jersey,Rivet Collar,Motorcyle Helmet,Thermos Cup
Lavender,Watermelon Shell,Green,Obsessed,Tee with Smiley,Staff Badge,Motorcyle Helmet,Cookie Cup
Burly Wood,Mushroom Shell,Green,Calm,Crema Sweater Landscape,Bracelet,Motorcyle Helmet,Takeaway Cup
Steel Blue,Basic Shell Pink,Green,Relaxed,Khaki Tee with Pocket,Bracelet,Motorcyle Helmet,Wooden Cup
Light Sea,Basic Shell Pink,Green,Wink,Crema Sweater Landscape,Smart Watch,Motorcyle Helmet,Iced Coffee Takeaway
Lavender,Parallel Bars Shell,Green,Naughty,Burning Logo White Tee,Cross Necklace,Motorcyle Helmet,Espresso Cup
Lavender,Digital Shell,Green,Naughty,Grey Tee,none,Motorcyle Helmet,High Glass
Steel Blue,Wok Shell,Green,Relaxed,Khaki Tee with Pocket,Chain Collar,Motorcyle Helmet,Thermos Cup
Wheat,Mushroom Shell,Green,Wink,Skull Brand Tee B,Staff Badge,Motorcyle Helmet,Wooden Cup
Light Blue,Globe Shell,Green,Obsessed,Green Sweater,Silver Smiley Necklace,Motorcyle Helmet,Striped Latte Cup
Purple Grey,Parallel Bars Shell,Green,Relaxed,Red Patterned Sweater,Silver Smiley Necklace,Motorcyle Helmet,Cyberpunk Cup
Light Blue,Thunder Shell,Green,Relaxed,Crema Sweater Landscape,Staff Badge,Motorcyle Helmet,Espresso Cup
Light Green,Mushroom Shell,Green,Relaxed,Mist Square Tee,Chain Collar,Motorcyle Helmet,Espresso Cup
Burly Wood,Iced Shell,Green,Naughty,Tee with Bear,Silver Smiley Necklace,Motorcyle Helmet,Thermos Cup
Purple Grey,Diamond Shell,Green,Calm,Crema Sweater B&O,Silver Smiley Necklace,Motorcyle Helmet,Purple Mug
Light Grey,Factory Shell,Green,Relaxed,Khaki Tee with Pocket,Bracelet,Motorcyle Helmet,Crema Latte Cup
Lavender,Factory Shell,Green,Relaxed,Tee with Bear,Rivet Collar,Motorcyle Helmet,Purple Mug
Burly Wood,Cyberpunk Shell,Green,Wink,Pigeon Tee,Rivet Collar,Motorcyle Helmet,Odd Shape Cup
Wheat,Explorer Shell,Green,Calm,Chess Board Tee,Smart Watch,Motorcyle Helmet,Thermos Cup
Light Green,Fossil Vivet Shell,Green,Obsessed,Cactus Tee,Bracelet,Motorcyle Helmet,Thermos Cup
Steel Blue,Honey Jar Shell,Green,Relaxed,Skull Brand Tee A,Staff Badge,Motorcyle Helmet,Cyberpunk Cup
