Light Sea,Watermelon Shell,Green,Obsessed,Black Suit,Smiley Mask,One Eyed Look,Green Mug
Lavender,Scale Armor Shell,Green,Naughty,Grey Tee,Medical Mask,One Eyed Look,Keep Cup
Light Green,Cyberpunk Shell,Green,Naughty,Comet Brand Tee,Smiley Mask,One Eyed Look,Takeaway Cup
Steel Blue,Diamond Shell,Green,Wink,Wasteland Clothing,Lipstick Print,Curly Slicked Back,Purple Mug
Burly Wood,Honey Jar Shell,Green,Wink,Racing Suit,Band Aid,Short Spiky Red,Takeaway Cup
Light Grey,Magma Shell,Green,Obsessed,Triangle Yellow Sweater,none,Just Trimmed,Thermos Cup
Light Green,Digital Shell,Green,Calm,Jacket,Single-eye Gauze,Curly Slicked Back,Blue Label Takeaway
Steel Blue,Basic Shell Green,Green,Naughty,Football Jersey,Watchmaker Loupe,Medium Length,Green Label Takeaway
Lavender,Globe Shell,Green,Charming,Khaki Outer Shirt,Lipstick Print,Short Spiky Red,Snow Top Coffee
Light Blue,Sawtooth Armor Shell,Green,Kawaii,Spiderman Costume,N95 Mask,Short Spiky Red,Cookie Cup
Light Grey,Magma Shell,Green,Naughty,Burning Logo White Tee,Band Aid,Curly Slicked Back,Keep Cup
Burly Wood,Lego Shell,Green,Kawaii,Tee with Bull,Watchmaker Loupe,One Eyed Look,Wooden Cup
Lavender,Wok Shell,Green,Naughty,Apron,Band Aid,Just Trimmed,High Glass
Lavender,Sawtooth Armor Shell,Green,Kawaii,Pigeon Tee,Watchmaker Loupe,Medium Length,High Glass
Lavender,Triangle Armor Shell,Green,Obsessed,Green Sweater,Single-eye Gauze,Curly Slicked Back,Odd Shape Cup
Lavender,Factory Shell,Green,Naughty,Wasteland Clothing,Smiley Mask,One Eyed Look,Horn Cup
Burly Wood,Wok Shell,Green,Wink,Cactus Tee,Band Aid,Medium Length,Odd Shape Cup
Light Green,Diamond Shell,Green,Naughty,Jacket,Watchmaker Loupe,Medium Length,Purple Mug
Light Grey,Wok Shell,Green,Kawaii,Tree Casual Shirt,Watchmaker Loupe,Short Spiky Red,Takeaway Cup
Light Green,Magma Shell,Green,Kawaii,Green Casual Vest,Smiley Mask,One Eyed Look,Blue Label Takeaway
Steel Blue,Basic Shell Pink,Green,Obsessed,Grey Tee,Medical Mask,Just Trimmed,Thermos Cup
Burly Wood,Scale Armor Shell,Green,Wink,Striped Block Tee,Smiley Mask,One Eyed Look,Espresso Cup
Steel Blue,Basic Shell Yellow,Green,Charming,Racing Suit,Watchmaker Loupe,Curly Slicked Back,High Glass
Light Blue,Basic Shell Green,Green,Charming,Triangle Yellow Sweater,Smiley Mask,Curly Slicked Back,Odd Shape Cup
Burly Wood,Factory Shell,Green,Kawaii,Ripped Tee,Smiley Mask,Curly Slicked Back,Horn Cup
Light Grey,Diamond Shell,Green,Relaxed,Skull Brand Tee A,Band Aid,One Eyed Look,Blue Mug
Light Blue,Basic Shell Grey,Green,Relaxed,Turtleneck Hoodie,Medical Mask,Curly Slicked Back,Thermos Cup
Steel Blue,Winged Shell,Green,Charming,Ripped Tee,Medical Mask,One Eyed Look,Snow Top Coffee
Light Green,Basic Shell Yellow,Green,Obsessed,Striped Outer Shirt,Band Aid,Just Trimmed,Wooden Cup
Steel Blue,Winged Shell,Green,Kawaii,Jacket,Medical Mask,Curly Slicked Back,Green Mug
Light Sea,Factory Shell,Green,Obsessed,Chess Board Tee,N95 Mask,Short Spiky Red,Snow Top Coffee
Steel Blue,Cyberpunk Shell,Green,Wink,Striped Outer Shirt,Single-eye Gauze,Short Spiky Red,Crema Latte Cup
Wheat,Fire Shell,Green,Calm,Film Photo Tee,Watchmaker Loupe,Medium Length,Keep Cup
Burly Wood,Iced Shell,Green,Kawaii,Sailor Suit,Band Aid,Medium Length,Green Label Takeaway
Light Grey,Cyberpunk Shell,Green,Calm,Grey Short Sleeve Shirt,Lipstick Print,Medium Length,Blue Mug
Steel Blue,Diamond Shell,Green,Wink,Burning Logo Black Tee,Medical Mask,Curly Slicked Back,Crema Latte Cup
Light Green,Diamond Shell,Green,Relaxed,Tee with Smiley,Watchmaker Loupe,One Eyed Look,Blue Mug
Light Grey,Basic Shell Pink,Green,Obsessed,B&W Contrast Sweater,Single-eye Gauze,Medium Length,Wooden Cup
Light Sea,Basic Shell Yellow,Green,Relaxed,Striped Outer Shirt,Medical Mask,One Eyed Look,Cyberpunk Cup
Purple Grey,Cyberpunk Shell,Green,Kawaii,Stripped Tee,Lipstick Print,Just Trimmed,Cookie Cup
Light Sea,Winged Shell,Green,Charming,Sailor Suit,Smiley Mask,Curly Slicked Back,Cookie Cup
Light Green,Lego Shell,Green,Naughty,Grey Palette Sweater,Watchmaker Loupe,Curly Slicked Back,Purple Mug
Steel Blue,Triangle Armor Shell,Green,Wink,Flame Tee,N95 Mask,Curly Slicked Back,Horn Cup
Purple Grey,Honey Jar Shell,Green,Kawaii,Flame Tee,Medical Mask,Just Trimmed,Takeaway Cup
Lavender,Diamond Shell,Green,Charming,Grey Palette Sweater,N95 Mask,Just Trimmed,Green Label Takeaway
Light Blue,Cyberpunk Shell,Green,Calm,Priest Outfit,Smiley Mask,Just Trimmed,Green Mug
Steel Blue,Basic Shell Yellow,Green,Obsessed,Basketball Jersey,Band Aid,Curly Slicked Back,Wooden Cup
Burly Wood,Honey Jar Shell,Green,Wink,Jacket,Watchmaker Loupe,Curly Slicked Back,Purple Mug
Light Sea,Watermelon Shell,Green,Kawaii,Fur Coat,Medical Mask,Short Spiky Red,Odd Shape Cup
Light Green,Wok Shell,Green,Naughty,Vintage Suit,Watchmaker Loupe,One Eyed Look,Wooden Cup
Burly Wood,Basic Shell Green,Green,Kawaii,Racing Suit,Watchmaker Loupe,Short Spiky Red,Blue Mug
Wheat,Basic Shell Yellow,Green,Calm,Spiderman Costume,Watchmaker Loupe,Medium Length,Horn Cup
Light Green,Factory Shell,Green,Naughty,Mist Square Tee,Smiley Mask,One Eyed Look,Cookie Cup
Burly Wood,Scale Armor Shell,Green,Naughty,Striped Square Tee,Smiley Mask,Medium Length,Cyberpunk Cup
Lavender,Basic Shell Blue,Green,Kawaii,Turtleneck Hoodie,Watchmaker Loupe,Medium Length,Green Mug
Lavender,Basic Shell Green,Green,Calm,Basketball Jersey,Watchmaker Loupe,One Eyed Look,Cyberpunk Cup
Lavender,Basic Shell Green,Green,Calm,Burning Logo White Tee,Single-eye Gauze,Curly Slicked Back,Purple Mug
Steel Blue,Steel Vivet Shell,Green,Wink,Down Jacket,Lipstick Print,One Eyed Look,Purple Mug
Light Grey,Steel Vivet Shell,Green,Kawaii,Pigeon Tee,Band Aid,Curly Slicked Back,Horn Cup
Light Green,Cyberpunk Shell,Green,Calm,Ripped Tee,Medical Mask,One Eyed Look,Iced Coffee Takeaway
Light Blue,Factory Shell,Green,Wink,LOL Tee,Smiley Mask,One Eyed Look,Keep Cup
Steel Blue,Magma Shell,Green,Obsessed,Prom Dress Black&Red,Smiley Mask,Short Spiky Red,Green Mug
Purple Grey,Honey Jar Shell,Green,Calm,Green Suit,Smiley Mask,Medium Length,Odd Shape Cup
Burly Wood,Wok Shell,Green,Wink,Grey Blue Suit,Single-eye Gauze,Short Spiky Red,Cookie Cup
Steel Blue,Lego Shell,Green,Wink,Mist Square Tee,Band Aid,Medium Length,Blue Mug
Burly Wood,Basic Shell Green,Green,Obsessed,Jacket,Medical Mask,One Eyed Look,Round Glass
Light Sea,Basic Shell Grey,Green,Naughty,Pink Shirt with Pockets,N95 Mask,Curly Slicked Back,High Glass
Purple Grey,Diamond Shell,Green,Naughty,Pink Shirt with Pockets,Single-eye Gauze,Medium Length,Round Glass
Light Sea,Magma Shell,Green,Obsessed,Basketball Jersey,Smiley Mask,Medium Length,Green Label Takeaway
Purple Grey,Fossil Vivet Shell,Green,Relaxed,Flame Tee,N95 Mask,One Eyed Look,Cyberpunk Cup
Burly Wood,Basic Shell Grey,Green,Kawaii,Red Patterned Sweater,Smiley Mask,Medium Length,Crema Latte Cup
Steel Blue,Cyberpunk Shell,Green,Charming,Cactus Tee,Smiley Mask,Curly Slicked Back,Takeaway Cup
Light Sea,Sawtooth Armor Shell,Green,Relaxed,Comet Brand Tee,Watchmaker Loupe,Medium Length,Snow Top Coffee
Wheat,Fire Shell,Green,Naughty,Striped Square Tee,Watchmaker Loupe,One Eyed Look,Blue Mug
Light Grey,Digital Shell,Green,Naughty,Chequered Shirt,Smiley Mask,Short Spiky Red,Cookie Cup
Light Blue,Magma Shell,Green,Calm,Camouflage Tee,Band Aid,Medium Length,Transparent Latte Cup
Steel Blue,Diamond Shell,Green,Calm,Triangle Yellow Sweater,Single-eye Gauze,Just Trimmed,Espresso Cup
Steel Blue,Iced Shell,Green,Kawaii,Skull Brand Tee A,N95 Mask,Short Spiky Red,Blue Label Takeaway
Steel Blue,Mushroom Shell,Green,Calm,Spiderman Costume,Smiley Mask,Just Trimmed,Purple Mug
Light Sea,Cyberpunk Shell,Green,Charming,Ripped Tee,Smiley Mask,Curly Slicked Back,Wooden Cup
Light Grey,Basic Shell Pink,Green,Relaxed,Chequered Shirt,Watchmaker Loupe,Just Trimmed,Cookie Cup
Purple Grey,Diamond Shell,Green,Wink,Racing Suit,Smiley Mask,Medium Length,Cyberpunk Cup
Light Blue,Basic Shell Yellow,Green,Obsessed,Ripped Tee,N95 Mask,One Eyed Look,Striped Latte Cup
Wheat,Basic Shell Grey,Green,Wink,Flame Tee,Smiley Mask,Medium Length,Round Glass
Steel Blue,Globe Shell,Green,Kawaii,Apron,Smiley Mask,One Eyed Look,Crema Latte Cup
Light Grey,Watermelon Shell,Green,Obsessed,Baseball Jacket,Watchmaker Loupe,Short Spiky Red,Cyberpunk Cup
Purple Grey,Digital Shell,Green,Kawaii,Grey Tee,Smiley Mask,Curly Slicked Back,Horn Cup
Light Sea,Cyberpunk Shell,Green,Relaxed,LOL Tee,Watchmaker Loupe,Just Trimmed,Striped Latte Cup
Steel Blue,Mushroom Shell,Green,Calm,Basketball Jersey,Band Aid,Short Spiky Red,Striped Latte Cup
Light Sea,Steel Vivet Shell,Green,Charming,Ripped Tee,Medical Mask,Curly Slicked Back,High Glass
Wheat,Basic Shell Green,Green,Obsessed,Burning Logo White Tee,Smiley Mask,Medium Length,Iced Coffee Takeaway
Wheat,Basic Shell Blue,Green,Obsessed,Striped Block Tee,Band Aid,Medium Length,Blue Mug
Steel Blue,Winged Shell,Green,Kawaii,Khaki Tee with Pocket,Smiley Mask,Medium Length,Green Label Takeaway
Light Blue,Magma Shell,Green,Wink,Camouflage Tee,N95 Mask,Medium Length,Blue Label Takeaway
Lavender,Magma Shell,Green,Charming,Stripped Tee,Smiley Mask,Curly Slicked Back,High Glass
Lavender,Factory Shell,Green,Relaxed,Camouflage Tee,Band Aid,One Eyed Look,Cyberpunk Cup
Steel Blue,Globe Shell,Green,Calm,Rivet Jacket,Band Aid,Short Spiky Red,Transparent Latte Cup
Burly Wood,Factory Shell,Green,Naughty,Down Jacket,Band Aid,Just Trimmed,Wooden Cup
Purple Grey,Basic Shell Grey,Green,Relaxed,Turtleneck Sweater,Smiley Mask,Curly Slicked Back,Blue Label Takeaway
Wheat,Basic Shell Pink,Green,Wink,Wasteland Clothing,Single-eye Gauze,Just Trimmed,Purple Mug
