Wheat,Watermelon Shell,Green,Relaxed,Flame Tee,none,Hypnotic Glasses,Wooden Cup
Light Blue,Mushroom Shell,Green,Obsessed,Pigeon Tee,none,Masquerade Mask,Iced Coffee Takeaway
Steel Blue,Basic Shell Blue,Green,Obsessed,Black Suit,Angel Halo,Hypnotic Glasses,Odd Shape Cup
Steel Blue,Winged Shell,Green,Calm,Tee with Bear,Angel Halo,Masquerade Mask,Blue Mug
Light Sea,Thunder Shell,Green,Calm,Animal Emoji Sweater,Angel Halo,Lipstick Print,Keep Cup
Steel Blue,Parallel Bars Shell,Green,Relaxed,Tee with Smiley,Angel Halo,Respirator Gamma,Blue Mug
Light Sea,Globe Shell,Green,Naughty,Red Hoodie,none,Ski Goggles,Transparent Latte Cup
Light Sea,Basic Shell Yellow,Green,Naughty,Comet Brand Tee,none,Masquerade Mask,Striped Latte Cup
Purple Grey,Cyberpunk Shell,Green,Obsessed,Sailor Suit,Angel Halo,Single-eye Gauze,Odd Shape Cup
Lavender,Fossil Vivet Shell,Green,Relaxed,Spiderman Costume,Angel Halo,Battle Force Detector,Cyberpunk Cup
Light Blue,Honey Jar Shell,Green,Relaxed,Prom Dress Black&Red,Angel Halo,Respirator Gamma,Cookie Cup
Light Grey,Basic Shell Blue,Green,Calm,Pigeon Tee,Angel Halo,Single-eye Gauze,Cookie Cup
Burly Wood,Factory Shell,Green,Obsessed,Football Jersey,none,Brown Sunglasses,Cyberpunk Cup
Steel Blue,Wok Shell,Green,Kawaii,Green Casual Vest,none,Lightning Glasses,Blue Label Takeaway
Steel Blue,Polygon Armor Shell,Green,Calm,Skull Brand Tee B,Angel Halo,Metal Binoculars,Blue Mug
Light Blue,Steel Vivet Shell,Green,Kawaii,Stripped Tee,Angel Halo,Lightning Glasses,Blue Mug
Lavender,Iced Shell,Green,Naughty,Sailor Suit,Angel Halo,Battle Force Detector,Crema Latte Cup
Steel Blue,Steel Vivet Shell,Green,Kawaii,Camouflage Coat,Angel Halo,Gold Round Frame Glasses,Blue Label Takeaway
Purple Grey,Globe Shell,Green,Relaxed,Animal Emoji Sweater,Buzzcut,Watchmaker Loupe,Transparent Latte Cup
Wheat,Basic Shell Yellow,Green,Relaxed,Wasteland Clothing,none,Gauze,Wooden Cup
Light Grey,Basic Shell Blue,Green,Naughty,Basketball Jersey,Mohawk,Lipstick Print,Thermos Cup
Purple Grey,Honey Jar Shell,Green,Calm,Black Suit,none,Brown Sunglasses,Purple Mug
Light Sea,Digital Shell,Green,Calm,Stripped Tee,none,Respirator Alpha,Blue Label Takeaway
Light Grey,Cyberpunk Shell,Green,Calm,Peace Tee,Buzzcut,Masquerade Mask,Crema Latte Cup
Burly Wood,Diamond Shell,Green,Relaxed,Tee with Bull,none,Battle Force Detector,High Glass
Purple Grey,Steel Vivet Shell,Green,Naughty,Sailor Suit,Angel Halo,Gauze,Snow Top Coffee
Light Blue,Globe Shell,Green,Relaxed,Striped Square Tee,Angel Halo,N95 Mask,Green Mug
Steel Blue,Basic Shell Pink,Green,Relaxed,Striped Block Tee,Angel Halo,N95 Mask,Green Label Takeaway
Light Green,Digital Shell,Green,Naughty,Grey Tee,none,Tobacco Pipe,Keep Cup
Light Sea,Parallel Bars Shell,Green,Wink,Turtleneck Hoodie,none,Gold Round Frame Glasses,Cookie Cup
Lavender,Polygon Armor Shell,Green,Naughty,Triangle Yellow Sweater,none,Respirator Beta,Blue Label Takeaway
Light Green,Mushroom Shell,Green,Relaxed,Grey Palette Sweater,none,Hypnotic Glasses,Striped Latte Cup
Wheat,Diamond Shell,Green,Calm,Zodiac Tee,none,Gold Round Frame Glasses,Snow Top Coffee
Light Sea,Explorer Shell,Green,Relaxed,Comet Brand Tee,none,Masquerade Mask,Round Glass
Purple Grey,Sawtooth Armor Shell,Green,Obsessed,Green Casual Vest,none,Battle Force Detector,Striped Latte Cup
Light Green,Triangle Armor Shell,Green,Obsessed,Down Jacket,Angel Halo,Gold Round Frame Glasses,Green Mug
Purple Grey,Digital Shell,Green,Calm,Grey Short Sleeve Shirt,Angel Halo,Brown Sunglasses,Iced Coffee Takeaway
Wheat,Lego Shell,Green,Kawaii,Turtleneck Sweater,Angel Halo,Smiley Mask,Green Mug
Steel Blue,Cyberpunk Shell,Green,Wink,Camouflage Tee,Angel Halo,Hypnotic Glasses,Thermos Cup
Light Sea,Magma Shell,Green,Relaxed,Chequered Shirt,Angel Halo,Medical Mask,Crema Latte Cup
Steel Blue,Basic Shell Blue,Green,Obsessed,Grey Blue Suit,Mohawk,Single-eye Gauze,Crema Latte Cup
Wheat,Iced Shell,Green,Naughty,Film Photo Tee,none,Black Sunglasses,Cyberpunk Cup
Wheat,Basic Shell Blue,Green,Wink,Wasteland Clothing,Angel Halo,Hypnotic Glasses,Transparent Latte Cup
Light Grey,Basic Shell Pink,Green,Wink,Pink Shirt with Pockets,Angel Halo,Watchmaker Loupe,Crema Latte Cup
Light Grey,Mushroom Shell,Green,Relaxed,LOL Tee,Mohawk,N95 Mask,Round Glass
Light Blue,Scale Armor Shell,Green,Kawaii,Mist Square Tee,Buzzcut,Flying Goggles,Green Label Takeaway
Light Blue,Diamond Shell,Green,Kawaii,Sailor Suit,Angel Halo,Medical Mask,Cookie Cup
Light Sea,Triangle Armor Shell,Green,Naughty,Leaf Casual Shirt,none,Respirator Gamma,Odd Shape Cup
Wheat,Digital Shell,Green,Calm,Skull Brand Tee A,Angel Halo,Respirator Alpha,Round Glass
Light Grey,Watermelon Shell,Green,Obsessed,Rivet Jacket,Angel Halo,Masquerade Mask,Keep Cup
Steel Blue,Iced Shell,Green,Kawaii,Triangle Yellow Sweater,none,Flying Goggles,Cookie Cup
Light Sea,Mushroom Shell,Green,Relaxed,Black Banquet Suit,none,Lightning Glasses,Purple Mug
Burly Wood,Winged Shell,Green,Calm,Striped Block Tee,Mohawk,Lightning Glasses,Wooden Cup
Wheat,Mushroom Shell,Green,Calm,Green Sweater,none,Flying Goggles,Espresso Cup
Light Blue,Iced Shell,Green,Obsessed,Sailor Suit,Angel Halo,Heart Shaped Glasses,Espresso Cup
Wheat,Scale Armor Shell,Green,Naughty,Camouflage Tee,none,Tobacco Pipe,Cyberpunk Cup
Purple Grey,Basic Shell Grey,Green,Naughty,Skull Brand Tee B,Angel Halo,Respirator Beta,Green Mug
Burly Wood,Parallel Bars Shell,Green,Kawaii,Tee with Bull,Mohawk,Tobacco Pipe,Blue Label Takeaway
Burly Wood,Scale Armor Shell,Green,Kawaii,Burning Logo White Tee,none,Black Sunglasses,Green Mug
Light Green,Diamond Shell,Green,Obsessed,Burning Logo Black Tee,Mohawk,Black Sunglasses,Takeaway Cup
Lavender,Diamond Shell,Green,Calm,Turtleneck Sweater,Angel Halo,Gold Round Frame Glasses,High Glass
Light Sea,Thunder Shell,Green,Kawaii,Racing Suit,Angel Halo,Lipstick Print,Green Label Takeaway
Burly Wood,Parallel Bars Shell,Green,Kawaii,Burning Logo Hoodie,Buzzcut,Masking Cloth,Odd Shape Cup
Purple Grey,Explorer Shell,Green,Kawaii,Grey Blue Suit,Mohawk,Star Shaped Glasses,Crema Latte Cup
Wheat,Digital Shell,Green,Obsessed,Tee with Bull,Mohawk,Band Aid,Purple Mug
Light Grey,Honey Jar Shell,Green,Obsessed,Crema Sweater Landscape,Mohawk,Gold Round Frame Glasses,Wooden Cup
Steel Blue,Iced Shell,Green,Relaxed,Crema Sweater B&O,Angel Halo,Gold Round Frame Glasses,Round Glass
Burly Wood,Scale Armor Shell,Green,Kawaii,Crema Sweater B&O,none,Electronic Eye,Iced Coffee Takeaway
Light Grey,Scale Armor Shell,Green,Calm,Priest Outfit,Angel Halo,Brown Sunglasses,Takeaway Cup
Light Blue,Digital Shell,Green,Relaxed,Basketball Jersey,Angel Halo,Gold Round Frame Glasses,Blue Mug
Light Green,Watermelon Shell,Green,Calm,Skull Brand Tee B,Mohawk,Masquerade Mask,Striped Latte Cup
Light Green,Honey Jar Shell,Green,Relaxed,Comet Brand Tee,none,Respirator Gamma,Green Mug
Light Grey,Iced Shell,Green,Wink,Football Jersey,Angel Halo,Masquerade Mask,Wooden Cup
Purple Grey,Fire Shell,Green,Calm,Prom Dress Black&Red,none,Masquerade Mask,Keep Cup
Wheat,Diamond Shell,Green,Kawaii,Prom Dress Black&Red,Angel Halo,Electronic Eye,Horn Cup
Lavender,Explorer Shell,Green,Wink,Vintage Suit,none,Medical Mask,High Glass
Purple Grey,Basic Shell Pink,Green,Calm,Triangle Yellow Sweater,none,Electronic Eye,Blue Mug
Light Sea,Digital Shell,Green,Relaxed,Peace Tee,none,High Tech Glasses,Iced Coffee Takeaway
Burly Wood,Iced Shell,Green,Wink,Black Suit,none,Lightning Glasses,Striped Latte Cup
Lavender,Triangle Armor Shell,Green,Naughty,Burning Logo Black Tee,none,Gold Round Frame Glasses,Horn Cup
Burly Wood,Polygon Armor Shell,Green,Calm,Basketball Jersey,Angel Halo,N95 Mask,Iced Coffee Takeaway
Light Sea,Basic Shell Yellow,Green,Obsessed,Cactus Tee,none,Respirator Beta,Espresso Cup
Burly Wood,Sawtooth Armor Shell,Green,Relaxed,Comet Brand Tee,Angel Halo,Respirator Alpha,Cookie Cup
Light Blue,Factory Shell,Green,Relaxed,Tee with Bull,none,Heart Shaped Glasses,Thermos Cup
Light Green,Sawtooth Armor Shell,Green,Obsessed,Mist Square Tee,Angel Halo,Ski Goggles,Green Mug
Light Grey,Basic Shell Blue,Green,Relaxed,Vintage Suit,none,Watchmaker Loupe,Purple Mug
Burly Wood,Basic Shell Blue,Green,Kawaii,Skull Brand Tee B,none,Ski Goggles,Snow Top Coffee
Lavender,Steel Vivet Shell,Green,Relaxed,Wasteland Clothing,Angel Halo,High Tech Glasses,Transparent Latte Cup
Light Blue,Mushroom Shell,Green,Relaxed,Pink Shirt with Pockets,Angel Halo,Gauze,Cyberpunk Cup
Light Green,Factory Shell,Green,Kawaii,Black Banquet Suit,Angel Halo,Respirator Gamma,Wooden Cup
Light Green,Steel Vivet Shell,Green,Kawaii,Tree Casual Shirt,none,Star Shaped Glasses,Blue Label Takeaway
Wheat,Explorer Shell,Green,Wink,Animal Emoji Sweater,none,N95 Mask,Cyberpunk Cup
Light Sea,Triangle Armor Shell,Green,Kawaii,Zodiac Tee,Angel Halo,Respirator Alpha,Horn Cup
Light Blue,Honey Jar Shell,Green,Wink,Grey Palette Sweater,none,Band Aid,Transparent Latte Cup
Burly Wood,Basic Shell Green,Green,Kawaii,Flower Casual Shirt,none,Brown Sunglasses,Thermos Cup
Burly Wood,Polygon Armor Shell,Green,Obsessed,Cactus Tee,Mohawk,Lipstick Print,Keep Cup
Light Green,Magma Shell,Green,Obsessed,Comet Brand Tee,none,Respirator Gamma,Blue Mug
Light Blue,Basic Shell Grey,Green,Kawaii,Prom Dress Black&Red,Angel Halo,Respirator Alpha,Cookie Cup
Light Sea,Lego Shell,Green,Naughty,Tee with Bull,Angel Halo,Hypnotic Glasses,Espresso Cup
Light Grey,Watermelon Shell,Green,Kawaii,Priest Outfit,none,Electronic Eye,Takeaway Cup
Wheat,Basic Shell Yellow,Green,Kawaii,Pigeon Tee,Mohawk,Metal Binoculars,Green Label Takeaway
Light Sea,Parallel Bars Shell,Green,Wink,Wasteland Clothing,none,Unravel Mask,Purple Mug
Lavender,Globe Shell,Green,Wink,Stripped Tee,none,Single-eye Gauze,Odd Shape Cup
Wheat,Wok Shell,Green,Calm,Skull Brand Tee B,none,Brown Sunglasses,Purple Mug
Wheat,Polygon Armor Shell,Green,Obsessed,Burning Logo Black Tee,Angel Halo,Brown Sunglasses,Iced Coffee Takeaway
Steel Blue,Sawtooth Armor Shell,Green,Kawaii,Grey Blue Suit,none,Lipstick Print,Takeaway Cup
Wheat,Globe Shell,Green,Kawaii,Leaf Casual Shirt,none,Medical Mask,Takeaway Cup
Burly Wood,Magma Shell,Green,Calm,Tee with Bear,Angel Halo,Flying Goggles,Green Mug
Light Green,Polygon Armor Shell,Green,Naughty,Spiderman Costume,none,Ski Goggles,Blue Label Takeaway
Light Grey,Basic Shell Grey,Green,Wink,Overalls,Angel Halo,Masquerade Mask,Keep Cup
Light Grey,Lego Shell,Green,Obsessed,Striped Outer Shirt,none,Metal Binoculars,Espresso Cup
Purple Grey,Fossil Vivet Shell,Green,Calm,Chess Board Tee,Angel Halo,Hypnotic Glasses,Green Label Takeaway
Light Green,Digital Shell,Green,Obsessed,Spiderman Costume,Angel Halo,Gauze,Snow Top Coffee
Steel Blue,Thunder Shell,Green,Obsessed,Striped Block Tee,Angel Halo,Gold Round Frame Glasses,Keep Cup
Steel Blue,Thunder Shell,Green,Obsessed,Grey Tee,none,Smiley Mask,Blue Mug
Steel Blue,Parallel Bars Shell,Green,Relaxed,Priest Outfit,none,Masquerade Mask,Transparent Latte Cup
Light Grey,Watermelon Shell,Green,Naughty,Spiderman Costume,Angel Halo,Hypnotic Glasses,Green Mug
Light Blue,Explorer Shell,Green,Calm,Burning Logo Black Tee,none,Brown Sunglasses,Espresso Cup
Purple Grey,Globe Shell,Green,Naughty,Tee with Bull,Mohawk,Gauze,Wooden Cup
Light Green,Basic Shell Blue,Green,Relaxed,Chess Board Tee,none,Flying Goggles,Crema Latte Cup
Burly Wood,Magma Shell,Green,Kawaii,B&W Contrast Sweater,none,Ski Goggles,Cyberpunk Cup
Light Blue,Basic Shell Green,Green,Relaxed,Turtleneck Sweater,none,Electronic Eye,Blue Label Takeaway
Light Green,Globe Shell,Green,Wink,Vintage Suit,Angel Halo,High Tech Glasses,Striped Latte Cup
Steel Blue,Basic Shell Green,Green,Obsessed,Overalls,none,Metal Binoculars,High Glass
Light Blue,Fossil Vivet Shell,Green,Obsessed,Skull Brand Tee B,none,Medical Mask,Striped Latte Cup
Steel Blue,Iced Shell,Green,Obsessed,Tee with Bull,none,Star Shaped Glasses,Horn Cup
Light Blue,Basic Shell Pink,Green,Wink,Ripped Tee,Mohawk,Black Sunglasses,Purple Mug
Steel Blue,Mushroom Shell,Green,Naughty,Zodiac Tee,Angel Halo,Flying Goggles,Wooden Cup
Light Grey,Digital Shell,Green,Calm,Skull Brand Tee B,Mohawk,Smiley Mask,Espresso Cup
Light Grey,Basic Shell Grey,Green,Calm,Basketball Jersey,none,Masquerade Mask,Espresso Cup
Wheat,Scale Armor Shell,Green,Kawaii,Khaki Outer Shirt,Angel Halo,Respirator Beta,Espresso Cup
Purple Grey,Thunder Shell,Green,Relaxed,Skull Brand Tee A,Buzzcut,Respirator Alpha,Cookie Cup
Light Blue,Watermelon Shell,Green,Kawaii,Turtleneck Sweater,none,Unravel Mask,Round Glass
Purple Grey,Basic Shell Green,Green,Wink,Zodiac Tee,Buzzcut,Electronic Eye,Espresso Cup
Light Sea,Parallel Bars Shell,Green,Obsessed,Striped Square Tee,none,Brown Sunglasses,Thermos Cup
Burly Wood,Basic Shell Pink,Green,Wink,Astronaut Tee,none,Masquerade Mask,Keep Cup
Light Blue,Factory Shell,Green,Obsessed,Cactus Tee,Angel Halo,Black Sunglasses,Thermos Cup
Steel Blue,Basic Shell Yellow,Green,Relaxed,Grey Blue Suit,Angel Halo,Masking Cloth,High Glass
Purple Grey,Diamond Shell,Green,Naughty,Astronaut Tee,none,Brown Sunglasses,Blue Mug
Steel Blue,Triangle Armor Shell,Green,Kawaii,Green Casual Vest,none,Masking Cloth,Cookie Cup
Purple Grey,Basic Shell Green,Green,Wink,Turtleneck Hoodie,Mohawk,Watchmaker Loupe,Cyberpunk Cup
Purple Grey,Steel Vivet Shell,Green,Obsessed,Peace Tee,none,Hypnotic Glasses,Green Label Takeaway
Light Sea,Steel Vivet Shell,Green,Calm,Rivet Jacket,none,High Tech Glasses,Cookie Cup
Lavender,Factory Shell,Green,Wink,Red Hoodie,none,Black Sunglasses,Iced Coffee Takeaway
Light Grey,Honey Jar Shell,Green,Wink,Pink Shirt with Pockets,none,Watchmaker Loupe,Odd Shape Cup
Burly Wood,Basic Shell Pink,Green,Wink,Mist Square Tee,none,Battle Force Detector,Espresso Cup
Wheat,Watermelon Shell,Green,Naughty,Grey Blue Suit,Angel Halo,Single-eye Gauze,Purple Mug
Light Grey,Lego Shell,Green,Calm,Tee with Bear,Angel Halo,Respirator Beta,Snow Top Coffee
Steel Blue,Sawtooth Armor Shell,Green,Obsessed,Grey Blue Suit,Angel Halo,Ski Goggles,Odd Shape Cup
Wheat,Wok Shell,Green,Obsessed,Green Sweater,Angel Halo,Gauze,Striped Latte Cup
Burly Wood,Basic Shell Grey,Green,Obsessed,Football Jersey,Angel Halo,Single-eye Gauze,Striped Latte Cup
Light Sea,Fire Shell,Green,Wink,Grey Short Sleeve Shirt,Angel Halo,N95 Mask,Blue Mug
Light Green,Thunder Shell,Green,Calm,Chess Board Tee,none,Lightning Glasses,Takeaway Cup
Light Green,Factory Shell,Green,Wink,Burning Logo White Tee,none,Hypnotic Glasses,Snow Top Coffee
Light Blue,Honey Jar Shell,Green,Calm,Khaki Tee with Pocket,Angel Halo,Electronic Eye,Round Glass
Purple Grey,Iced Shell,Green,Calm,Green Sweater,none,Respirator Gamma,Snow Top Coffee
Light Sea,Basic Shell Pink,Green,Obsessed,Mist Square Tee,Mohawk,Single-eye Gauze,Snow Top Coffee
Light Blue,Iced Shell,Green,Kawaii,Overalls,none,Lipstick Print,Green Label Takeaway
Light Sea,Fossil Vivet Shell,Green,Kawaii,LOL Tee,none,High Tech Glasses,Iced Coffee Takeaway
Burly Wood,Thunder Shell,Green,Relaxed,Tee with Smiley,none,Unravel Mask,Espresso Cup
Light Blue,Sawtooth Armor Shell,Green,Naughty,Wasteland Clothing,Angel Halo,Electronic Eye,Wooden Cup
Steel Blue,Lego Shell,Green,Relaxed,Green Casual Vest,Angel Halo,Metal Binoculars,Keep Cup
Light Sea,Factory Shell,Green,Relaxed,Khaki Outer Shirt,none,Masquerade Mask,Cyberpunk Cup
Wheat,Watermelon Shell,Green,Wink,Animal Emoji Sweater,none,Band Aid,Crema Latte Cup
Light Sea,Fossil Vivet Shell,Green,Wink,Overalls,none,Single-eye Gauze,Transparent Latte Cup
Wheat,Scale Armor Shell,Green,Obsessed,Basketball Jersey,Angel Halo,Flying Goggles,Purple Mug
Lavender,Wok Shell,Green,Obsessed,Tee with Bull,Angel Halo,Lipstick Print,Purple Mug
Light Blue,Basic Shell Grey,Green,Naughty,Vintage Suit,none,Respirator Gamma,Purple Mug
Burly Wood,Lego Shell,Green,Kawaii,Wasteland Clothing,none,Smiley Mask,Striped Latte Cup
Purple Grey,Lego Shell,Green,Calm,Ripped Tee,Angel Halo,High Tech Glasses,Crema Latte Cup
Burly Wood,Triangle Armor Shell,Green,Naughty,Triangle Yellow Sweater,none,Black Sunglasses,Transparent Latte Cup
Light Blue,Globe Shell,Green,Obsessed,Triangle Yellow Sweater,Angel Halo,Metal Binoculars,Green Mug
Burly Wood,Winged Shell,Green,Wink,Apron,Angel Halo,Electronic Eye,Wooden Cup
Light Sea,Parallel Bars Shell,Green,Calm,Astronaut Tee,none,N95 Mask,Odd Shape Cup
Lavender,Diamond Shell,Green,Calm,Sailor Suit,Mohawk,N95 Mask,Striped Latte Cup
Wheat,Basic Shell Yellow,Green,Relaxed,Grey Blue Suit,none,Smiley Mask,Green Label Takeaway
Light Green,Fossil Vivet Shell,Green,Naughty,Green Sweater,none,Smiley Mask,Blue Label Takeaway
Light Blue,Iced Shell,Green,Obsessed,Turtleneck Sweater,none,Respirator Alpha,Purple Mug
Light Blue,Globe Shell,Green,Calm,Khaki Outer Shirt,none,Watchmaker Loupe,Crema Latte Cup
Light Grey,Magma Shell,Green,Obsessed,White Outer Shirt,none,Masquerade Mask,Keep Cup
Purple Grey,Cyberpunk Shell,Green,Naughty,Tee with Bull,Buzzcut,N95 Mask,Cookie Cup
Light Blue,Basic Shell Grey,Green,Obsessed,White Outer Shirt,Angel Halo,High Tech Glasses,Espresso Cup
Light Sea,Iced Shell,Green,Wink,Red Hoodie,Mohawk,Ski Goggles,Cookie Cup
Burly Wood,Iced Shell,Green,Calm,Baseball Jacket,Angel Halo,Black Sunglasses,Crema Latte Cup
Steel Blue,Polygon Armor Shell,Green,Obsessed,Tee with Smiley,none,Brown Sunglasses,Cyberpunk Cup
Wheat,Polygon Armor Shell,Green,Relaxed,Mist Square Tee,Angel Halo,Black Sunglasses,Green Mug
Purple Grey,Basic Shell Yellow,Green,Naughty,Priest Outfit,Angel Halo,Watchmaker Loupe,Espresso Cup
Light Sea,Diamond Shell,Green,Kawaii,Khaki Outer Shirt,Angel Halo,Gold Round Frame Glasses,Crema Latte Cup
Light Green,Parallel Bars Shell,Green,Wink,Basketball Jersey,none,Unravel Mask,Blue Label Takeaway
Light Blue,Watermelon Shell,Green,Calm,Cactus Tee,Mohawk,Lightning Glasses,Green Mug
Light Blue,Diamond Shell,Green,Naughty,Spiderman Costume,Angel Halo,Battle Force Detector,Cookie Cup
Wheat,Polygon Armor Shell,Green,Wink,Green Sweater,Mohawk,Electronic Eye,Wooden Cup
Wheat,Fire Shell,Green,Calm,Priest Outfit,none,N95 Mask,Striped Latte Cup
Light Blue,Explorer Shell,Green,Relaxed,Animal Emoji Sweater,Angel Halo,Band Aid,Green Mug
Light Blue,Sawtooth Armor Shell,Green,Wink,Apron,Angel Halo,Respirator Gamma,Iced Coffee Takeaway
Light Grey,Polygon Armor Shell,Green,Calm,Basketball Jersey,Mohawk,Ski Goggles,Iced Coffee Takeaway
Light Green,Digital Shell,Green,Relaxed,Crema Sweater B&O,Angel Halo,N95 Mask,Espresso Cup
Steel Blue,Sawtooth Armor Shell,Green,Naughty,Burning Logo Hoodie,Buzzcut,Masking Cloth,Blue Label Takeaway
Wheat,Basic Shell Grey,Green,Obsessed,Peace Tee,Angel Halo,Battle Force Detector,Wooden Cup
Light Green,Triangle Armor Shell,Green,Relaxed,Ripped Tee,none,Lipstick Print,High Glass
