Lavender,Sawtooth Armor Shell,Green,Charming,Burning Logo Black Tee,Metal Binoculars,Bunny Ears,Takeaway Cup
Burly Wood,Cyberpunk Shell,Green,Naughty,Pigeon Tee,Metal Binoculars,Headphone,Keep Cup
Lavender,Basic Shell Blue,Green,Wink,Striped Square Tee,Gold Round Frame Glasses,Winged Headphone,Round Glass
Lavender,Scale Armor Shell,Green,Relaxed,Tee with Bear,Band Aid,Winged Headphone,Striped Latte Cup
Light Green,Basic Shell Blue,Green,Calm,Jacket,Metal Binoculars,Winged Headphone,Wooden Cup
Light Grey,Basic Shell Yellow,Green,Wink,Burning Logo White Tee,Gold Round Frame Glasses,Winged Headphone,Purple Mug
Purple Grey,Basic Shell Pink,Green,Obsessed,Camouflage Coat,Band Aid,Headphone,Thermos Cup
Purple Grey,Wok Shell,Green,Naughty,Comet Brand Tee,Black Sunglasses,Winged Headphone,Odd Shape Cup
Lavender,Basic Shell Pink,Green,Relaxed,Flower Casual Shirt,Black Sunglasses,Headphone,Round Glass
Light Blue,Triangle Armor Shell,Green,Naughty,Tee with Bear,Band Aid,Bunny Ears,Thermos Cup
Light Grey,Watermelon Shell,Green,Wink,Overalls,Band Aid,Winged Headphone,Wooden Cup
Light Blue,Watermelon Shell,Green,Calm,Striped Square Tee,Brown Sunglasses,Headphone,Snow Top Coffee
Light Green,Basic Shell Pink,Green,Wink,Basketball Jersey,none,Headphone,Snow Top Coffee
Light Green,Winged Shell,Green,Obsessed,Tee with Bear,Band Aid,Winged Headphone,High Glass
Burly Wood,Mushroom Shell,Green,Calm,Red Hoodie,none,Bunny Ears,Thermos Cup
Burly Wood,Magma Shell,Green,Relaxed,Peace Tee,Gold Round Frame Glasses,Headphone,Cookie Cup
Steel Blue,Watermelon Shell,Green,Wink,Skull Brand Tee B,Black Sunglasses,Headphone,Thermos Cup
Lavender,Watermelon Shell,Green,Obsessed,Tee with Smiley,Brown Sunglasses,Bunny Ears,Transparent Latte Cup
Steel Blue,Basic Shell Pink,Green,Wink,Rivet Jacket,none,Winged Headphone,Transparent Latte Cup
Light Sea,Factory Shell,Green,Obsessed,Camouflage Coat,Tobacco Pipe,Bunny Ears,Takeaway Cup
Light Sea,Sawtooth Armor Shell,Green,Naughty,Tee with Bull,Gold Round Frame Glasses,Winged Headphone,Takeaway Cup
Wheat,Watermelon Shell,Green,Charming,Striped Block Tee,Black Sunglasses,Bunny Ears,Keep Cup
Light Blue,Factory Shell,Green,Obsessed,Burning Logo White Tee,Black Sunglasses,Bunny Ears,Green Mug
Light Sea,Diamond Shell,Green,Wink,Prom Dress Black&Red,Black Sunglasses,Winged Headphone,Cyberpunk Cup
Light Grey,Steel Vivet Shell,Green,Charming,Overalls,Brown Sunglasses,Bunny Ears,Snow Top Coffee
Light Blue,Factory Shell,Green,Relaxed,Crema Sweater B&O,Band Aid,Winged Headphone,Snow Top Coffee
Burly Wood,Honey Jar Shell,Green,Obsessed,Burning Logo White Tee,Black Sunglasses,Winged Headphone,Iced Coffee Takeaway
Steel Blue,Basic Shell Green,Green,Naughty,Ripped Tee,Gold Round Frame Glasses,Headphone,Striped Latte Cup
Wheat,Basic Shell Pink,Green,Charming,Striped Outer Shirt,none,Winged Headphone,Iced Coffee Takeaway
Light Green,Watermelon Shell,Green,Calm,Ripped Tee,Black Sunglasses,Headphone,Blue Label Takeaway
Light Sea,Globe Shell,Green,Relaxed,Film Photo Tee,Brown Sunglasses,Bunny Ears,Keep Cup
Lavender,Sawtooth Armor Shell,Green,Naughty,Crema Sweater Landscape,Brown Sunglasses,Winged Headphone,Purple Mug
Light Green,Fire Shell,Green,Calm,Rivet Jacket,Gold Round Frame Glasses,Bunny Ears,Transparent Latte Cup
Burly Wood,Basic Shell Blue,Green,Naughty,Flower Casual Shirt,Black Sunglasses,Winged Headphone,Keep Cup
Light Sea,Magma Shell,Green,Obsessed,Mist Square Tee,Black Sunglasses,Winged Headphone,Keep Cup
Light Blue,Watermelon Shell,Green,Relaxed,Striped Square Tee,Band Aid,Headphone,Crema Latte Cup
Lavender,Digital Shell,Green,Charming,Peace Tee,Black Sunglasses,Winged Headphone,Keep Cup
Lavender,Fire Shell,Green,Relaxed,Khaki Outer Shirt,none,Headphone,Snow Top Coffee
Burly Wood,Magma Shell,Green,Naughty,Black Banquet Suit,Gold Round Frame Glasses,Winged Headphone,Striped Latte Cup
Light Grey,Diamond Shell,Green,Obsessed,Striped Block Tee,Gold Round Frame Glasses,Winged Headphone,Cyberpunk Cup
Purple Grey,Digital Shell,Green,Naughty,Jacket,Black Sunglasses,Winged Headphone,Round Glass
Light Green,Basic Shell Grey,Green,Relaxed,Khaki Tee with Pocket,Band Aid,Bunny Ears,Espresso Cup
Burly Wood,Globe Shell,Green,Calm,Tee with Bear,Band Aid,Winged Headphone,Cyberpunk Cup
Purple Grey,Basic Shell Green,Green,Wink,Stripped Tee,Band Aid,Winged Headphone,Keep Cup
Purple Grey,Honey Jar Shell,Green,Obsessed,Skull Brand Tee A,Black Sunglasses,Bunny Ears,Blue Mug
Burly Wood,Mushroom Shell,Green,Wink,Skull Brand Tee A,Black Sunglasses,Bunny Ears,Wooden Cup
Burly Wood,Polygon Armor Shell,Green,Naughty,Vintage Suit,none,Bunny Ears,Espresso Cup
Light Sea,Fire Shell,Green,Wink,Skull Brand Tee A,Metal Binoculars,Winged Headphone,Horn Cup
Light Blue,Watermelon Shell,Green,Calm,Green Sweater,none,Bunny Ears,Striped Latte Cup
Wheat,Basic Shell Pink,Green,Charming,LOL Tee,none,Winged Headphone,Keep Cup
Purple Grey,Fossil Vivet Shell,Green,Wink,Khaki Tee with Pocket,Brown Sunglasses,Winged Headphone,High Glass
Light Grey,Iced Shell,Green,Relaxed,Astronaut Tee,none,Headphone,Wooden Cup
Light Blue,Basic Shell Grey,Green,Wink,Tee with Bull,Brown Sunglasses,Headphone,Horn Cup
Light Green,Scale Armor Shell,Green,Charming,Basketball Jersey,Metal Binoculars,Winged Headphone,Blue Mug
Light Grey,Steel Vivet Shell,Green,Charming,Burning Logo Hoodie,Brown Sunglasses,Headphone,Iced Coffee Takeaway
Light Sea,Basic Shell Grey,Green,Calm,Flame Tee,Band Aid,Winged Headphone,Keep Cup
Purple Grey,Basic Shell Pink,Green,Calm,Astronaut Tee,Brown Sunglasses,Winged Headphone,Blue Mug
Steel Blue,Digital Shell,Green,Relaxed,Overalls,Metal Binoculars,Headphone,Horn Cup
Light Blue,Polygon Armor Shell,Green,Obsessed,Rivet Jacket,none,Winged Headphone,Odd Shape Cup
Purple Grey,Cyberpunk Shell,Green,Relaxed,Basketball Jersey,none,Winged Headphone,Transparent Latte Cup
Light Sea,Triangle Armor Shell,Green,Relaxed,Crema Sweater Landscape,Tobacco Pipe,Headphone,Odd Shape Cup
Light Green,Magma Shell,Green,Calm,Khaki Tee with Pocket,Metal Binoculars,Winged Headphone,Iced Coffee Takeaway
Light Sea,Factory Shell,Green,Naughty,Overalls,Black Sunglasses,Bunny Ears,Cookie Cup
Light Sea,Cyberpunk Shell,Green,Wink,Football Jersey,Tobacco Pipe,Winged Headphone,Green Label Takeaway
Light Green,Scale Armor Shell,Green,Obsessed,Ripped Tee,Band Aid,Bunny Ears,Thermos Cup
Light Grey,Honey Jar Shell,Green,Charming,Flame Tee,Metal Binoculars,Bunny Ears,Wooden Cup
Light Blue,Basic Shell Grey,Green,Relaxed,Comet Brand Tee,Band Aid,Bunny Ears,Purple Mug
Light Grey,Diamond Shell,Green,Wink,Pigeon Tee,none,Winged Headphone,Snow Top Coffee
Light Grey,Basic Shell Pink,Green,Charming,Green Sweater,Tobacco Pipe,Bunny Ears,Crema Latte Cup
Lavender,Steel Vivet Shell,Green,Charming,LOL Tee,Gold Round Frame Glasses,Bunny Ears,Cookie Cup
Light Blue,Mushroom Shell,Green,Wink,Racing Suit,Tobacco Pipe,Bunny Ears,Takeaway Cup
Wheat,Triangle Armor Shell,Green,Charming,Striped Square Tee,Black Sunglasses,Bunny Ears,Blue Mug
Burly Wood,Wok Shell,Green,Obsessed,Basketball Jersey,Black Sunglasses,Bunny Ears,High Glass
Burly Wood,Fossil Vivet Shell,Green,Relaxed,Turtleneck Sweater,Tobacco Pipe,Headphone,Purple Mug
Steel Blue,Fire Shell,Green,Wink,Red Hoodie,Gold Round Frame Glasses,Bunny Ears,Green Mug
Light Sea,Scale Armor Shell,Green,Calm,Crema Sweater Landscape,Band Aid,Headphone,Transparent Latte Cup
Burly Wood,Fossil Vivet Shell,Green,Obsessed,Racing Suit,Gold Round Frame Glasses,Bunny Ears,Round Glass
Purple Grey,Polygon Armor Shell,Green,Charming,Tee with Smiley,Band Aid,Headphone,Crema Latte Cup
Light Sea,Basic Shell Pink,Green,Obsessed,Turtleneck Sweater,Brown Sunglasses,Bunny Ears,Round Glass
Light Green,Iced Shell,Green,Obsessed,Ripped Tee,Brown Sunglasses,Headphone,Blue Mug
Burly Wood,Basic Shell Grey,Green,Charming,Red Hoodie,Band Aid,Headphone,Round Glass
Burly Wood,Iced Shell,Green,Calm,Grey Palette Sweater,Band Aid,Winged Headphone,Cyberpunk Cup
Lavender,Honey Jar Shell,Green,Charming,Tee with Bull,Tobacco Pipe,Winged Headphone,Keep Cup
Wheat,Watermelon Shell,Green,Calm,Rivet Jacket,Black Sunglasses,Winged Headphone,Striped Latte Cup
Burly Wood,Lego Shell,Green,Wink,Flower Casual Shirt,Black Sunglasses,Headphone,Green Label Takeaway
Purple Grey,Wok Shell,Green,Relaxed,Red Patterned Sweater,Tobacco Pipe,Winged Headphone,Thermos Cup
Burly Wood,Triangle Armor Shell,Green,Wink,Skull Brand Tee B,Tobacco Pipe,Bunny Ears,Green Mug
Light Sea,Honey Jar Shell,Green,Charming,Flower Casual Shirt,Gold Round Frame Glasses,Winged Headphone,Snow Top Coffee
Lavender,Basic Shell Grey,Green,Charming,LOL Tee,none,Bunny Ears,Snow Top Coffee
Steel Blue,Globe Shell,Green,Naughty,Khaki Tee with Pocket,Tobacco Pipe,Bunny Ears,Blue Label Takeaway
Light Grey,Basic Shell Yellow,Green,Naughty,Red Patterned Sweater,Gold Round Frame Glasses,Headphone,Thermos Cup
Steel Blue,Sawtooth Armor Shell,Green,Obsessed,Flame Tee,Black Sunglasses,Winged Headphone,Striped Latte Cup
Wheat,Polygon Armor Shell,Green,Charming,Stripped Tee,Band Aid,Bunny Ears,Green Label Takeaway
Purple Grey,Fire Shell,Green,Wink,Tee with Bull,Black Sunglasses,Bunny Ears,Espresso Cup
Light Sea,Sawtooth Armor Shell,Green,Naughty,Football Jersey,none,Winged Headphone,Odd Shape Cup
Light Sea,Triangle Armor Shell,Green,Wink,Flower Casual Shirt,Brown Sunglasses,Headphone,Thermos Cup
Light Sea,Diamond Shell,Green,Charming,Vintage Suit,Brown Sunglasses,Bunny Ears,Transparent Latte Cup
Purple Grey,Cyberpunk Shell,Green,Charming,Flower Casual Shirt,Tobacco Pipe,Winged Headphone,Thermos Cup
Steel Blue,Digital Shell,Green,Obsessed,Burning Logo White Tee,Metal Binoculars,Winged Headphone,Takeaway Cup
Wheat,Triangle Armor Shell,Green,Charming,Burning Logo Black Tee,Black Sunglasses,Headphone,Wooden Cup
