Light Sea,Factory Shell,Green,Calm,Peace Tee,Gauze,Skull Eye Patch,Snow Top Coffee
Lavender,Scale Armor Shell,Green,Obsessed,Red Hoodie,Unravel Mask,Skull Eye Patch,Green Mug
Light Green,Magma Shell,Green,Kawaii,Tee with Bull,N95 Mask,Skull Eye Patch,Green Label Takeaway
Light Sea,Scale Armor Shell,Green,Obsessed,Pigeon Tee,N95 Mask,Cap on Backwards,Green Mug
Light Blue,Diamond Shell,Green,Kawaii,Pigeon Tee,Gauze,Skull Eye Patch,High Glass
Light Sea,Basic Shell Blue,Green,Naughty,Burning Logo White Tee,N95 Mask,none,Green Label Takeaway
Burly Wood,Factory Shell,Green,Wink,Chequered Shirt,N95 Mask,Skull Eye Patch,Odd Shape Cup
Light Blue,Explorer Shell,Green,Wink,Striped Square Tee,Single-eye Gauze,Skull Eye Patch,Striped Latte Cup
Light Sea,Fossil Vivet Shell,Green,Obsessed,Chess Board Tee,N95 Mask,Skull Eye Patch,Green Mug
Purple Grey,Polygon Armor Shell,Green,Relaxed,Red Hoodie,Single-eye Gauze,Skull Eye Patch,Keep Cup
Purple Grey,Fossil Vivet Shell,Green,Wink,Comet Brand Tee,Single-eye Gauze,Skull Eye Patch,High Glass
Lavender,Steel Vivet Shell,Green,Calm,Skull Brand Tee A,Respirator Gamma,none,Crema Latte Cup
Purple Grey,Basic Shell Green,Green,Obsessed,Rivet Jacket,N95 Mask,Skull Eye Patch,Crema Latte Cup
Light Sea,Basic Shell Grey,Green,Calm,Tee with Bull,Single-eye Gauze,Skull Eye Patch,Cyberpunk Cup
Light Green,Thunder Shell,Green,Naughty,B&W Contrast Sweater,N95 Mask,Skull Eye Patch,Espresso Cup
Light Blue,Basic Shell Grey,Green,Calm,Red Hoodie,N95 Mask,Skull Eye Patch,Crema Latte Cup
Lavender,Explorer Shell,Green,Charming,Skull Brand Tee A,N95 Mask,none,Crema Latte Cup
Light Blue,Mushroom Shell,Green,Charming,Pink Shirt with Pockets,Single-eye Gauze,Skull Eye Patch,Wooden Cup
Light Green,Cyberpunk Shell,Green,Wink,Flower Casual Shirt,Single-eye Gauze,Skull Eye Patch,Keep Cup
Light Grey,Cyberpunk Shell,Green,Wink,Flower Casual Shirt,N95 Mask,none,Iced Coffee Takeaway
Light Sea,Basic Shell Grey,Green,Obsessed,Jacket,Respirator Beta,Skull Eye Patch,Cookie Cup
Light Sea,Polygon Armor Shell,Green,Naughty,Green Suit,N95 Mask,none,Odd Shape Cup
Purple Grey,Winged Shell,Green,Obsessed,Skull Brand Tee A,Gauze,Skull Eye Patch,Odd Shape Cup
Light Green,Magma Shell,Green,Wink,Flower Casual Shirt,Gauze,Skull Eye Patch,Odd Shape Cup
Light Green,Triangle Armor Shell,Green,Naughty,Sailor Suit,Single-eye Gauze,Skull Eye Patch,Green Label Takeaway
Light Green,Basic Shell Grey,Green,Kawaii,Tree Casual Shirt,Respirator Gamma,Skull Eye Patch,Espresso Cup
Wheat,Basic Shell Green,Green,Charming,Crema Sweater B&O,N95 Mask,Skull Eye Patch,Snow Top Coffee
Light Green,Mushroom Shell,Green,Relaxed,Football Jersey,Band Aid,Skull Eye Patch,High Glass
Purple Grey,Diamond Shell,Green,Calm,Chequered Shirt,Unravel Mask,Skull Eye Patch,Snow Top Coffee
Purple Grey,Parallel Bars Shell,Green,Charming,Prom Dress Black&Red,Respirator Gamma,none,Cyberpunk Cup
Wheat,Winged Shell,Green,Wink,Racing Suit,N95 Mask,Cap on Backwards,Horn Cup
Lavender,Lego Shell,Green,Relaxed,Crema Sweater Landscape,N95 Mask,Skull Eye Patch,Cyberpunk Cup
Light Grey,Triangle Armor Shell,Green,Charming,Grey Short Sleeve Shirt,Single-eye Gauze,Skull Eye Patch,Transparent Latte Cup
Light Grey,Factory Shell,Green,Calm,Down Jacket,Respirator Gamma,none,Blue Label Takeaway
Light Sea,Polygon Armor Shell,Green,Kawaii,Down Jacket,Gauze,none,Odd Shape Cup
Light Green,Cyberpunk Shell,Green,Relaxed,Down Jacket,Single-eye Gauze,none,Purple Mug
Light Sea,Factory Shell,Green,Calm,Cactus Tee,Single-eye Gauze,Skull Eye Patch,Cookie Cup
Light Green,Fossil Vivet Shell,Green,Calm,Grey Palette Sweater,N95 Mask,Skull Eye Patch,Cyberpunk Cup
Light Sea,Wok Shell,Green,Kawaii,Pigeon Tee,Medical Mask,none,Snow Top Coffee
Light Grey,Wok Shell,Green,Relaxed,Triangle Yellow Sweater,Respirator Gamma,none,Blue Label Takeaway
Light Green,Mushroom Shell,Green,Wink,Football Jersey,Single-eye Gauze,Skull Eye Patch,Striped Latte Cup
Wheat,Steel Vivet Shell,Green,Kawaii,LOL Tee,N95 Mask,Skull Eye Patch,Snow Top Coffee
Wheat,Basic Shell Yellow,Green,Naughty,Animal Emoji Sweater,N95 Mask,Cap on Backwards,Purple Mug
Light Sea,Basic Shell Pink,Green,Relaxed,Fur Coat,Gold Round Frame Glasses,Skull Eye Patch,High Glass
Purple Grey,Parallel Bars Shell,Green,Naughty,Mist Square Tee,Respirator Beta,Skull Eye Patch,Horn Cup
Purple Grey,Basic Shell Yellow,Green,Kawaii,Tee with Bull,Gauze,Skull Eye Patch,Takeaway Cup
Lavender,Explorer Shell,Green,Naughty,Fur Coat,none,Skull Eye Patch,Horn Cup
Wheat,Sawtooth Armor Shell,Green,Charming,Green Casual Vest,N95 Mask,Skull Eye Patch,Green Mug
Steel Blue,Watermelon Shell,Green,Wink,Football Jersey,Gauze,Cap on Backwards,High Glass
Light Green,Scale Armor Shell,Green,Obsessed,Stripped Tee,N95 Mask,Skull Eye Patch,Purple Mug
Lavender,Fire Shell,Green,Relaxed,Striped Outer Shirt,Respirator Beta,Skull Eye Patch,Horn Cup
Wheat,Lego Shell,Green,Relaxed,Khaki Tee with Pocket,Unravel Mask,none,Transparent Latte Cup
Lavender,Fossil Vivet Shell,Green,Relaxed,Tee with Smiley,Single-eye Gauze,Skull Eye Patch,Snow Top Coffee
Light Grey,Mushroom Shell,Green,Relaxed,Pink Shirt with Pockets,N95 Mask,Skull Eye Patch,Horn Cup
Light Blue,Mushroom Shell,Green,Charming,B&W Contrast Sweater,Respirator Gamma,Skull Eye Patch,High Glass
Lavender,Globe Shell,Green,Obsessed,Film Photo Tee,Tobacco Pipe,Skull Eye Patch,Snow Top Coffee
Purple Grey,Globe Shell,Green,Naughty,Baseball Jacket,Respirator Beta,Skull Eye Patch,Keep Cup
Steel Blue,Triangle Armor Shell,Green,Charming,Racing Suit,Tobacco Pipe,Skull Eye Patch,Iced Coffee Takeaway
Steel Blue,Basic Shell Blue,Green,Naughty,Green Casual Vest,Gauze,none,Espresso Cup
Lavender,Fire Shell,Green,Relaxed,Prom Dress Black&Red,N95 Mask,Cap on Backwards,Green Label Takeaway
Burly Wood,Iced Shell,Green,Charming,Chess Board Tee,Smiley Mask,none,Espresso Cup
Burly Wood,Polygon Armor Shell,Green,Calm,Green Casual Vest,Smiley Mask,Skull Eye Patch,Cookie Cup
Purple Grey,Globe Shell,Green,Obsessed,Skull Brand Tee A,Smiley Mask,Cap on Backwards,Round Glass
Burly Wood,Thunder Shell,Green,Wink,B&W Contrast Sweater,Respirator Gamma,Skull Eye Patch,Horn Cup
Wheat,Sawtooth Armor Shell,Green,Obsessed,Baseball Jacket,Respirator Gamma,Skull Eye Patch,Snow Top Coffee
Light Grey,Lego Shell,Green,Naughty,Apron,none,Skull Eye Patch,Snow Top Coffee
Light Sea,Winged Shell,Green,Calm,Burning Logo White Tee,N95 Mask,none,Striped Latte Cup
Burly Wood,Explorer Shell,Green,Charming,Basketball Jersey,N95 Mask,Cap on Backwards,Keep Cup
Lavender,Diamond Shell,Green,Relaxed,Apron,Band Aid,none,Green Label Takeaway
Light Sea,Winged Shell,Green,Wink,Flame Tee,N95 Mask,Skull Eye Patch,Horn Cup
Light Green,Scale Armor Shell,Green,Naughty,White Outer Shirt,Respirator Gamma,Skull Eye Patch,High Glass
Wheat,Lego Shell,Green,Kawaii,Jacket,Single-eye Gauze,none,Thermos Cup
Lavender,Basic Shell Pink,Green,Wink,Triangle Yellow Sweater,Respirator Beta,Skull Eye Patch,Purple Mug
Light Green,Parallel Bars Shell,Green,Kawaii,Triangle Yellow Sweater,Gauze,Skull Eye Patch,Round Glass
Light Grey,Explorer Shell,Green,Charming,Burning Logo Hoodie,Tobacco Pipe,Skull Eye Patch,Green Mug
Light Green,Basic Shell Yellow,Green,Wink,Crema Sweater B&O,Single-eye Gauze,Skull Eye Patch,Striped Latte Cup
Steel Blue,Factory Shell,Green,Naughty,Grey Palette Sweater,Single-eye Gauze,Skull Eye Patch,Snow Top Coffee
Purple Grey,Basic Shell Yellow,Green,Relaxed,Spiderman Costume,Single-eye Gauze,Cap on Backwards,High Glass
Burly Wood,Lego Shell,Green,Wink,Green Casual Vest,Unravel Mask,Skull Eye Patch,High Glass
Wheat,Triangle Armor Shell,Green,Naughty,Baseball Jacket,Respirator Beta,Skull Eye Patch,Cyberpunk Cup
Wheat,Basic Shell Blue,Green,Wink,Tree Casual Shirt,none,Skull Eye Patch,Purple Mug
Light Green,Thunder Shell,Green,Relaxed,Chequered Shirt,Unravel Mask,Skull Eye Patch,Cookie Cup
Lavender,Basic Shell Grey,Green,Calm,Tee with Bull,Single-eye Gauze,Skull Eye Patch,Thermos Cup
Light Sea,Basic Shell Green,Green,Charming,Turtleneck Hoodie,Unravel Mask,Skull Eye Patch,Odd Shape Cup
Wheat,Iced Shell,Green,Charming,Camouflage Coat,Gauze,Skull Eye Patch,Espresso Cup
Wheat,Explorer Shell,Green,Kawaii,Skull Brand Tee B,Respirator Gamma,none,Purple Mug
Light Grey,Fire Shell,Green,Kawaii,Vintage Suit,none,none,Blue Mug
Light Green,Digital Shell,Green,Naughty,Burning Logo Black Tee,Respirator Gamma,Skull Eye Patch,Espresso Cup
Lavender,Thunder Shell,Green,Naughty,Tee with Smiley,N95 Mask,Skull Eye Patch,Green Mug
Lavender,Parallel Bars Shell,Green,Calm,White Outer Shirt,none,none,Blue Mug
Wheat,Honey Jar Shell,Green,Kawaii,Comet Brand Tee,Unravel Mask,Cap on Backwards,Cyberpunk Cup
Burly Wood,Explorer Shell,Green,Calm,Chequered Shirt,N95 Mask,Skull Eye Patch,Round Glass
Wheat,Scale Armor Shell,Green,Calm,Red Patterned Sweater,Gauze,Skull Eye Patch,Transparent Latte Cup
Light Green,Sawtooth Armor Shell,Green,Relaxed,Prom Dress Black&Red,Tobacco Pipe,none,Blue Mug
Light Blue,Polygon Armor Shell,Green,Calm,Turtleneck Hoodie,Respirator Gamma,Cap on Backwards,Round Glass
Lavender,Basic Shell Green,Green,Wink,Priest Outfit,N95 Mask,Skull Eye Patch,Espresso Cup
Light Grey,Globe Shell,Green,Relaxed,Baseball Jacket,Single-eye Gauze,none,Takeaway Cup
Burly Wood,Iced Shell,Green,Naughty,Green Casual Vest,Respirator Gamma,none,Striped Latte Cup
Light Blue,Scale Armor Shell,Green,Charming,White Outer Shirt,Respirator Gamma,Cap on Backwards,Striped Latte Cup
Light Grey,Cyberpunk Shell,Green,Kawaii,Camouflage Coat,Respirator Gamma,none,Transparent Latte Cup
