Light Blue,Digital Shell,Green,Naughty,Tee with Smiley,Woollen Hat,Electronic Eye,Green Label Takeaway
Light Grey,Diamond Shell,Green,Calm,Peace Tee,Woollen Hat,Bubble Gum,Keep Cup
Burly Wood,Fossil Vivet Shell,Green,Naughty,Skull Brand Tee B,Christmas Hat,Metal Binoculars,Crema Latte Cup
Wheat,Basic Shell Grey,Green,Charming,Pigeon Tee,Knitted Hat,Lightning Glasses,Cookie Cup
Wheat,Magma Shell,Green,Relaxed,Priest Outfit,Christmas Hat,Bubble Gum,Iced Coffee Takeaway
Light Sea,Basic Shell Yellow,Green,Calm,Green Casual Vest,Woollen Hat,Hypnotic Glasses,Blue Mug
Steel Blue,Basic Shell Green,Green,Relaxed,Tee with Bear,Knitted Hat,Respirator Alpha,Wooden Cup
Light Green,Basic Shell Grey,Green,Wink,Crema Sweater B&O,Knitted Hat,High Tech Glasses,Espresso Cup
Light Blue,Winged Shell,Green,Relaxed,Priest Outfit,Christmas Hat,Electronic Eye,Blue Label Takeaway
Light Green,Fossil Vivet Shell,Green,Charming,Striped Block Tee,Christmas Hat,High Tech Glasses,Crema Latte Cup
Burly Wood,Basic Shell Grey,Green,Calm,Animal Emoji Sweater,Knitted Hat,Ski Goggles,Iced Coffee Takeaway
Light Blue,Basic Shell Yellow,Green,Naughty,Green Sweater,Knitted Hat,Flying Goggles,Cyberpunk Cup
Burly Wood,Basic Shell Green,Green,Naughty,Red Hoodie,Christmas Hat,Battle Force Detector,Espresso Cup
Purple Grey,Sawtooth Armor Shell,Green,Charming,Jacket,Knitted Hat,Battle Force Detector,Keep Cup
Burly Wood,Scale Armor Shell,Green,Charming,Turtleneck Hoodie,none,Star Shaped Glasses,Blue Mug
Light Green,Mushroom Shell,Green,Obsessed,Tee with Smiley,Knitted Hat,Metal Binoculars,Striped Latte Cup
Light Grey,Winged Shell,Green,Naughty,Ripped Tee,Knitted Hat,Metal Binoculars,Transparent Latte Cup
Lavender,Sawtooth Armor Shell,Green,Naughty,Fur Coat,Christmas Hat,Flying Goggles,Iced Coffee Takeaway
Lavender,Fossil Vivet Shell,Green,Wink,Khaki Outer Shirt,Christmas Hat,Hypnotic Glasses,Iced Coffee Takeaway
Light Grey,Scale Armor Shell,Green,Relaxed,Animal Emoji Sweater,Christmas Hat,Respirator Alpha,Green Label Takeaway
Light Sea,Scale Armor Shell,Green,Naughty,Flame Tee,Woollen Hat,Electronic Eye,Keep Cup
Light Sea,Wok Shell,Green,Calm,Grey Palette Sweater,Christmas Hat,Bubble Gum,Keep Cup
Light Green,Winged Shell,Green,Relaxed,Burning Logo Black Tee,Woollen Hat,Bubble Gum,Round Glass
Light Sea,Cyberpunk Shell,Green,Wink,Red Patterned Sweater,Knitted Hat,Hypnotic Glasses,Green Mug
Burly Wood,Triangle Armor Shell,Green,Relaxed,Peace Tee,Woollen Hat,Ski Goggles,Green Mug
Purple Grey,Honey Jar Shell,Green,Obsessed,Skull Brand Tee A,Knitted Hat,High Tech Glasses,Cyberpunk Cup
Purple Grey,Iced Shell,Green,Wink,Flower Casual Shirt,Christmas Hat,Electronic Eye,Crema Latte Cup
Light Blue,Fossil Vivet Shell,Green,Wink,B&W Contrast Sweater,Knitted Hat,Flying Goggles,Cookie Cup
Light Grey,Digital Shell,Green,Kawaii,Pigeon Tee,Christmas Hat,Star Shaped Glasses,Green Label Takeaway
Lavender,Fossil Vivet Shell,Green,Naughty,Red Hoodie,Knitted Hat,Ski Goggles,Blue Label Takeaway
Wheat,Sawtooth Armor Shell,Green,Calm,Astronaut Tee,Knitted Hat,Hypnotic Glasses,Blue Label Takeaway
Steel Blue,Honey Jar Shell,Green,Wink,Peace Tee,Christmas Hat,Electronic Eye,Purple Mug
Burly Wood,Basic Shell Yellow,Green,Wink,Prom Dress Black&Red,Knitted Hat,High Tech Glasses,Snow Top Coffee
Wheat,Honey Jar Shell,Green,Charming,Triangle Yellow Sweater,Knitted Hat,Battle Force Detector,Keep Cup
Lavender,Sawtooth Armor Shell,Green,Calm,Skull Brand Tee B,none,Masquerade Mask,Thermos Cup
Light Blue,Sawtooth Armor Shell,Green,Charming,Chequered Shirt,Woollen Hat,High Tech Glasses,Horn Cup
Steel Blue,Magma Shell,Green,Calm,Stripped Tee,Christmas Hat,Bubble Gum,Purple Mug
Lavender,Diamond Shell,Green,Kawaii,Turtleneck Sweater,none,Masquerade Mask,Cookie Cup
Light Grey,Globe Shell,Green,Calm,Burning Logo Hoodie,Christmas Hat,Bubble Gum,Horn Cup
Light Sea,Diamond Shell,Green,Calm,Football Jersey,Woollen Hat,High Tech Glasses,Keep Cup
Steel Blue,Fire Shell,Green,Relaxed,Green Casual Vest,Knitted Hat,High Tech Glasses,Espresso Cup
Light Grey,Fossil Vivet Shell,Green,Naughty,Crema Sweater Landscape,Knitted Hat,Masquerade Mask,Thermos Cup
Light Blue,Cyberpunk Shell,Green,Wink,Tee with Bull,Knitted Hat,Bubble Gum,Espresso Cup
Purple Grey,Factory Shell,Green,Relaxed,White Outer Shirt,Woollen Hat,Masquerade Mask,Green Mug
Wheat,Fire Shell,Green,Wink,Striped Outer Shirt,Christmas Hat,Respirator Alpha,Wooden Cup
Light Grey,Globe Shell,Green,Naughty,Crema Sweater Landscape,Christmas Hat,Masquerade Mask,Blue Label Takeaway
Wheat,Honey Jar Shell,Green,Obsessed,LOL Tee,Woollen Hat,Masquerade Mask,Snow Top Coffee
Burly Wood,Basic Shell Blue,Green,Calm,Tree Casual Shirt,Woollen Hat,Battle Force Detector,Crema Latte Cup
Burly Wood,Wok Shell,Green,Obsessed,Grey Tee,none,High Tech Glasses,Odd Shape Cup
Lavender,Magma Shell,Green,Calm,Zodiac Tee,Christmas Hat,Hypnotic Glasses,Blue Label Takeaway
Lavender,Steel Vivet Shell,Green,Calm,Burning Logo Hoodie,Woollen Hat,Lightning Glasses,Transparent Latte Cup
Light Sea,Fire Shell,Green,Naughty,Peace Tee,none,Metal Binoculars,Cyberpunk Cup
Light Grey,Lego Shell,Green,Calm,Spiderman Costume,none,Flying Goggles,Iced Coffee Takeaway
Lavender,Basic Shell Yellow,Green,Kawaii,Turtleneck Hoodie,none,Bubble Gum,Striped Latte Cup
Light Sea,Cyberpunk Shell,Green,Relaxed,Burning Logo Black Tee,none,Star Shaped Glasses,Transparent Latte Cup
Light Green,Fossil Vivet Shell,Green,Relaxed,Rivet Jacket,Woollen Hat,Masquerade Mask,Green Mug
Burly Wood,Factory Shell,Green,Relaxed,Grey Tee,Christmas Hat,Masquerade Mask,Iced Coffee Takeaway
Wheat,Basic Shell Pink,Green,Kawaii,Comet Brand Tee,Knitted Hat,Metal Binoculars,Cookie Cup
Light Grey,Basic Shell Green,Green,Wink,Baseball Jacket,none,Ski Goggles,Takeaway Cup
Wheat,Globe Shell,Green,Naughty,Stripped Tee,none,Battle Force Detector,Blue Mug
Light Sea,Lego Shell,Green,Naughty,Cactus Tee,Knitted Hat,Ski Goggles,High Glass
Light Blue,Fire Shell,Green,Calm,Chequered Shirt,none,Respirator Alpha,Iced Coffee Takeaway
Light Sea,Scale Armor Shell,Green,Relaxed,Prom Dress Black&Red,Woollen Hat,Star Shaped Glasses,Blue Label Takeaway
Light Green,Digital Shell,Green,Naughty,Red Patterned Sweater,Christmas Hat,Hypnotic Glasses,Green Mug
Wheat,Globe Shell,Green,Naughty,Camouflage Tee,Woollen Hat,Electronic Eye,Crema Latte Cup
Light Green,Triangle Armor Shell,Green,Kawaii,Tee with Smiley,Christmas Hat,Masquerade Mask,Thermos Cup
Light Blue,Scale Armor Shell,Green,Naughty,Crema Sweater Landscape,Woollen Hat,Respirator Alpha,Snow Top Coffee
Light Blue,Fire Shell,Green,Obsessed,Khaki Outer Shirt,Knitted Hat,Ski Goggles,High Glass
Steel Blue,Fire Shell,Green,Wink,Down Jacket,Knitted Hat,Flying Goggles,Horn Cup
Light Blue,Basic Shell Blue,Green,Relaxed,Fur Coat,Knitted Hat,Star Shaped Glasses,Green Label Takeaway
Light Sea,Basic Shell Yellow,Green,Kawaii,Striped Square Tee,Knitted Hat,Electronic Eye,Crema Latte Cup
Light Grey,Lego Shell,Green,Relaxed,Mist Square Tee,Knitted Hat,Ski Goggles,High Glass
Light Green,Scale Armor Shell,Green,Charming,Down Jacket,Woollen Hat,Ski Goggles,Purple Mug
Wheat,Digital Shell,Green,Kawaii,White Outer Shirt,Christmas Hat,Ski Goggles,Cyberpunk Cup
Purple Grey,Sawtooth Armor Shell,Green,Relaxed,Turtleneck Hoodie,Christmas Hat,Flying Goggles,Round Glass
Steel Blue,Sawtooth Armor Shell,Green,Relaxed,Animal Emoji Sweater,Christmas Hat,Respirator Alpha,Takeaway Cup
Light Grey,Lego Shell,Green,Obsessed,Chess Board Tee,Christmas Hat,Flying Goggles,Thermos Cup
Light Blue,Diamond Shell,Green,Obsessed,Basketball Jersey,Woollen Hat,Electronic Eye,Snow Top Coffee
Purple Grey,Polygon Armor Shell,Green,Relaxed,Spiderman Costume,Christmas Hat,Respirator Alpha,Snow Top Coffee
Light Green,Winged Shell,Green,Charming,Apron,none,Flying Goggles,Iced Coffee Takeaway
Purple Grey,Factory Shell,Green,Wink,Racing Suit,Knitted Hat,Metal Binoculars,Crema Latte Cup
Light Blue,Magma Shell,Green,Calm,Turtleneck Hoodie,Christmas Hat,High Tech Glasses,Takeaway Cup
Wheat,Triangle Armor Shell,Green,Calm,Prom Dress Black&Red,Christmas Hat,Metal Binoculars,Takeaway Cup
Light Green,Cyberpunk Shell,Green,Relaxed,Overalls,Woollen Hat,Electronic Eye,Thermos Cup
Wheat,Cyberpunk Shell,Green,Obsessed,Pigeon Tee,Knitted Hat,Hypnotic Glasses,Keep Cup
Light Green,Mushroom Shell,Green,Wink,Tee with Smiley,Knitted Hat,High Tech Glasses,Striped Latte Cup
Burly Wood,Iced Shell,Green,Calm,Khaki Tee with Pocket,Christmas Hat,Hypnotic Glasses,Blue Label Takeaway
Wheat,Polygon Armor Shell,Green,Relaxed,Film Photo Tee,none,Masquerade Mask,Green Label Takeaway
Burly Wood,Basic Shell Green,Green,Kawaii,Sailor Suit,Woollen Hat,Star Shaped Glasses,Horn Cup
Wheat,Basic Shell Yellow,Green,Wink,Red Patterned Sweater,Woollen Hat,High Tech Glasses,High Glass
Steel Blue,Basic Shell Pink,Green,Relaxed,Triangle Yellow Sweater,none,Electronic Eye,Wooden Cup
Steel Blue,Wok Shell,Green,Calm,Khaki Tee with Pocket,none,Ski Goggles,Iced Coffee Takeaway
Burly Wood,Diamond Shell,Green,Calm,Vintage Suit,Woollen Hat,High Tech Glasses,Round Glass
Purple Grey,Polygon Armor Shell,Green,Calm,Prom Dress Black&Red,Knitted Hat,Electronic Eye,Purple Mug
Light Blue,Globe Shell,Green,Charming,Grey Tee,Christmas Hat,Flying Goggles,Snow Top Coffee
Purple Grey,Magma Shell,Green,Kawaii,Camouflage Tee,Knitted Hat,Masquerade Mask,Blue Label Takeaway
Light Green,Polygon Armor Shell,Green,Naughty,Priest Outfit,Knitted Hat,High Tech Glasses,Striped Latte Cup
Purple Grey,Cyberpunk Shell,Green,Wink,Fur Coat,Woollen Hat,Metal Binoculars,Takeaway Cup
Steel Blue,Basic Shell Yellow,Green,Calm,Green Suit,Woollen Hat,High Tech Glasses,Takeaway Cup
Lavender,Globe Shell,Green,Relaxed,White Outer Shirt,Knitted Hat,Ski Goggles,Green Label Takeaway
Light Blue,Mushroom Shell,Green,Obsessed,Jacket,Knitted Hat,Battle Force Detector,Cyberpunk Cup
Purple Grey,Fossil Vivet Shell,Green,Obsessed,Zodiac Tee,Knitted Hat,Lightning Glasses,Blue Mug
Light Sea,Basic Shell Blue,Green,Charming,Flower Casual Shirt,Woollen Hat,Flying Goggles,Round Glass
Light Grey,Digital Shell,Green,Relaxed,Overalls,none,Star Shaped Glasses,Keep Cup
Light Sea,Basic Shell Blue,Green,Naughty,Ripped Tee,none,Flying Goggles,Blue Label Takeaway
Purple Grey,Scale Armor Shell,Green,Naughty,Film Photo Tee,Knitted Hat,Star Shaped Glasses,Purple Mug
Light Grey,Basic Shell Yellow,Green,Relaxed,Green Casual Vest,none,Battle Force Detector,Green Mug
Light Blue,Iced Shell,Green,Wink,Chequered Shirt,Woollen Hat,High Tech Glasses,Odd Shape Cup
Steel Blue,Basic Shell Grey,Green,Naughty,Pigeon Tee,Christmas Hat,Battle Force Detector,Odd Shape Cup
Purple Grey,Basic Shell Grey,Green,Kawaii,Crema Sweater B&O,Knitted Hat,Electronic Eye,Odd Shape Cup
Burly Wood,Globe Shell,Green,Calm,Basketball Jersey,Christmas Hat,Respirator Alpha,Takeaway Cup
Steel Blue,Basic Shell Green,Green,Naughty,Khaki Outer Shirt,Woollen Hat,Respirator Alpha,High Glass
Wheat,Honey Jar Shell,Green,Kawaii,Burning Logo White Tee,Christmas Hat,Masquerade Mask,Odd Shape Cup
Steel Blue,Mushroom Shell,Green,Charming,Jacket,Knitted Hat,Star Shaped Glasses,Green Mug
Wheat,Cyberpunk Shell,Green,Kawaii,Rivet Jacket,Knitted Hat,High Tech Glasses,Crema Latte Cup
Steel Blue,Globe Shell,Green,Naughty,Prom Dress Black&Red,none,Bubble Gum,Striped Latte Cup
Lavender,Watermelon Shell,Green,Kawaii,Tee with Bull,Christmas Hat,Flying Goggles,Round Glass
Lavender,Watermelon Shell,Green,Calm,Priest Outfit,Christmas Hat,Star Shaped Glasses,Odd Shape Cup
Steel Blue,Triangle Armor Shell,Green,Obsessed,Basketball Jersey,Knitted Hat,Lightning Glasses,Round Glass
Light Blue,Basic Shell Yellow,Green,Relaxed,Turtleneck Hoodie,Woollen Hat,High Tech Glasses,Striped Latte Cup
Light Grey,Sawtooth Armor Shell,Green,Wink,Spiderman Costume,Knitted Hat,Star Shaped Glasses,High Glass
Light Blue,Lego Shell,Green,Kawaii,Wasteland Clothing,Woollen Hat,Battle Force Detector,High Glass
Light Blue,Magma Shell,Green,Naughty,Turtleneck Hoodie,Christmas Hat,Battle Force Detector,Striped Latte Cup
Lavender,Fire Shell,Green,Kawaii,LOL Tee,Woollen Hat,Masquerade Mask,Blue Label Takeaway
Light Blue,Honey Jar Shell,Green,Naughty,Camouflage Coat,Christmas Hat,Hypnotic Glasses,Odd Shape Cup
Light Grey,Steel Vivet Shell,Green,Wink,Green Sweater,Christmas Hat,Bubble Gum,Iced Coffee Takeaway
Burly Wood,Triangle Armor Shell,Green,Relaxed,Grey Tee,Christmas Hat,Electronic Eye,Green Mug
Steel Blue,Basic Shell Blue,Green,Relaxed,Pigeon Tee,Christmas Hat,Ski Goggles,Keep Cup
Wheat,Honey Jar Shell,Green,Wink,Stripped Tee,Knitted Hat,Star Shaped Glasses,Cookie Cup
Light Blue,Cyberpunk Shell,Green,Obsessed,Camouflage Tee,none,Metal Binoculars,Wooden Cup
Burly Wood,Factory Shell,Green,Wink,Burning Logo Black Tee,Woollen Hat,Electronic Eye,Iced Coffee Takeaway
Light Sea,Globe Shell,Green,Charming,Vintage Suit,Woollen Hat,Flying Goggles,Striped Latte Cup
Steel Blue,Basic Shell Blue,Green,Obsessed,Skull Brand Tee A,Woollen Hat,Ski Goggles,Purple Mug
Steel Blue,Basic Shell Blue,Green,Kawaii,Green Suit,Knitted Hat,Ski Goggles,Cookie Cup
Light Green,Basic Shell Green,Green,Relaxed,Red Hoodie,Christmas Hat,Lightning Glasses,Crema Latte Cup
Light Green,Basic Shell Yellow,Green,Naughty,White Outer Shirt,Christmas Hat,Bubble Gum,Crema Latte Cup
Burly Wood,Fossil Vivet Shell,Green,Relaxed,Camouflage Tee,none,Flying Goggles,Crema Latte Cup
Lavender,Basic Shell Grey,Green,Wink,Flower Casual Shirt,Knitted Hat,Bubble Gum,Cyberpunk Cup
Purple Grey,Polygon Armor Shell,Green,Kawaii,Baseball Jacket,Christmas Hat,Flying Goggles,Keep Cup
Light Green,Basic Shell Green,Green,Relaxed,Down Jacket,Woollen Hat,Metal Binoculars,Thermos Cup
Light Blue,Digital Shell,Green,Kawaii,Astronaut Tee,none,Metal Binoculars,Green Label Takeaway
Light Sea,Polygon Armor Shell,Green,Obsessed,Vintage Suit,none,Lightning Glasses,Cyberpunk Cup
Burly Wood,Digital Shell,Green,Naughty,Leaf Casual Shirt,Knitted Hat,Hypnotic Glasses,Striped Latte Cup
Lavender,Basic Shell Pink,Green,Calm,Khaki Tee with Pocket,Woollen Hat,Hypnotic Glasses,Snow Top Coffee
Light Blue,Mushroom Shell,Green,Calm,Racing Suit,Woollen Hat,Flying Goggles,Green Mug
Light Grey,Cyberpunk Shell,Green,Obsessed,Sailor Suit,none,Flying Goggles,Iced Coffee Takeaway
Light Blue,Fire Shell,Green,Obsessed,Football Jersey,Christmas Hat,High Tech Glasses,Odd Shape Cup
Burly Wood,Digital Shell,Green,Obsessed,Rivet Jacket,Christmas Hat,Hypnotic Glasses,Wooden Cup
Wheat,Sawtooth Armor Shell,Green,Charming,Cactus Tee,Knitted Hat,Electronic Eye,High Glass
Lavender,Wok Shell,Green,Charming,Basketball Jersey,Knitted Hat,Metal Binoculars,Keep Cup
Steel Blue,Sawtooth Armor Shell,Green,Calm,Overalls,Knitted Hat,Respirator Alpha,Cyberpunk Cup
Purple Grey,Fossil Vivet Shell,Green,Wink,Skull Brand Tee A,Christmas Hat,High Tech Glasses,Snow Top Coffee
Steel Blue,Magma Shell,Green,Charming,LOL Tee,Knitted Hat,Hypnotic Glasses,Wooden Cup
Light Sea,Basic Shell Yellow,Green,Wink,Striped Outer Shirt,none,Masquerade Mask,Espresso Cup
Wheat,Basic Shell Blue,Green,Relaxed,Apron,Woollen Hat,Respirator Alpha,Horn Cup
Wheat,Fossil Vivet Shell,Green,Charming,Red Hoodie,Woollen Hat,Lightning Glasses,Transparent Latte Cup
Light Blue,Magma Shell,Green,Naughty,Tee with Bear,Knitted Hat,Bubble Gum,Keep Cup
Wheat,Scale Armor Shell,Green,Relaxed,Khaki Outer Shirt,Christmas Hat,Ski Goggles,Striped Latte Cup
Burly Wood,Basic Shell Green,Green,Wink,Khaki Outer Shirt,none,Metal Binoculars,Wooden Cup
Purple Grey,Mushroom Shell,Green,Calm,Leaf Casual Shirt,Christmas Hat,Metal Binoculars,Striped Latte Cup
Light Blue,Basic Shell Blue,Green,Calm,Camouflage Coat,Knitted Hat,Battle Force Detector,Horn Cup
Light Sea,Cyberpunk Shell,Green,Obsessed,Tee with Smiley,Woollen Hat,Bubble Gum,Cyberpunk Cup
Light Grey,Diamond Shell,Green,Kawaii,Grey Tee,Woollen Hat,Masquerade Mask,Odd Shape Cup
Steel Blue,Scale Armor Shell,Green,Wink,Camouflage Tee,Knitted Hat,Star Shaped Glasses,Crema Latte Cup
Light Green,Honey Jar Shell,Green,Relaxed,Camouflage Coat,Christmas Hat,Star Shaped Glasses,Crema Latte Cup
Wheat,Magma Shell,Green,Relaxed,Crema Sweater B&O,Knitted Hat,Bubble Gum,Round Glass
Wheat,Globe Shell,Green,Calm,LOL Tee,Christmas Hat,Lightning Glasses,Cookie Cup
Light Green,Basic Shell Yellow,Green,Naughty,Spiderman Costume,Woollen Hat,High Tech Glasses,Striped Latte Cup
Burly Wood,Basic Shell Pink,Green,Charming,Camouflage Coat,Woollen Hat,Bubble Gum,Purple Mug
Burly Wood,Sawtooth Armor Shell,Green,Wink,Red Hoodie,none,Flying Goggles,Blue Label Takeaway
Steel Blue,Digital Shell,Green,Obsessed,Khaki Outer Shirt,Christmas Hat,Masquerade Mask,Wooden Cup
Lavender,Cyberpunk Shell,Green,Obsessed,Down Jacket,Knitted Hat,Lightning Glasses,High Glass
Light Sea,Steel Vivet Shell,Green,Charming,Flower Casual Shirt,none,Battle Force Detector,Odd Shape Cup
Lavender,Basic Shell Grey,Green,Calm,Racing Suit,Knitted Hat,Respirator Alpha,Crema Latte Cup
Light Sea,Iced Shell,Green,Charming,Apron,Woollen Hat,Metal Binoculars,Thermos Cup
Light Blue,Sawtooth Armor Shell,Green,Naughty,Basketball Jersey,Christmas Hat,Star Shaped Glasses,Purple Mug
Wheat,Basic Shell Pink,Green,Calm,Jacket,Knitted Hat,Electronic Eye,High Glass
Light Sea,Wok Shell,Green,Calm,Striped Block Tee,Christmas Hat,Metal Binoculars,Thermos Cup
Burly Wood,Cyberpunk Shell,Green,Kawaii,Burning Logo White Tee,Christmas Hat,Masquerade Mask,Horn Cup
Light Sea,Winged Shell,Green,Wink,Crema Sweater Landscape,Christmas Hat,High Tech Glasses,Striped Latte Cup
Burly Wood,Basic Shell Grey,Green,Calm,Burning Logo Black Tee,Christmas Hat,Ski Goggles,Cyberpunk Cup
Light Blue,Diamond Shell,Green,Charming,Tee with Bear,Christmas Hat,Electronic Eye,Blue Label Takeaway
Wheat,Cyberpunk Shell,Green,Relaxed,Rivet Jacket,Knitted Hat,High Tech Glasses,Transparent Latte Cup
Light Blue,Digital Shell,Green,Kawaii,Crema Sweater B&O,Woollen Hat,Metal Binoculars,Keep Cup
Burly Wood,Basic Shell Yellow,Green,Relaxed,Mist Square Tee,Christmas Hat,Ski Goggles,Snow Top Coffee
Light Grey,Basic Shell Yellow,Green,Calm,Striped Block Tee,Knitted Hat,Star Shaped Glasses,Blue Label Takeaway
Burly Wood,Cyberpunk Shell,Green,Calm,Zodiac Tee,Christmas Hat,Lightning Glasses,Purple Mug
Light Grey,Basic Shell Grey,Green,Naughty,Striped Square Tee,Christmas Hat,Bubble Gum,Snow Top Coffee
Light Green,Triangle Armor Shell,Green,Naughty,Stripped Tee,Christmas Hat,Metal Binoculars,Striped Latte Cup
Wheat,Mushroom Shell,Green,Naughty,Overalls,Woollen Hat,Hypnotic Glasses,Cookie Cup
Light Green,Globe Shell,Green,Charming,Striped Square Tee,Knitted Hat,Battle Force Detector,Takeaway Cup
Steel Blue,Polygon Armor Shell,Green,Relaxed,Spiderman Costume,Christmas Hat,High Tech Glasses,Takeaway Cup
Burly Wood,Basic Shell Grey,Green,Wink,Baseball Jacket,none,Battle Force Detector,Odd Shape Cup
Purple Grey,Polygon Armor Shell,Green,Naughty,Chequered Shirt,Knitted Hat,Star Shaped Glasses,Horn Cup
Light Green,Factory Shell,Green,Kawaii,Crema Sweater Landscape,Knitted Hat,Flying Goggles,Transparent Latte Cup
Lavender,Lego Shell,Green,Relaxed,Striped Square Tee,Knitted Hat,Masquerade Mask,Cookie Cup
Light Green,Basic Shell Green,Green,Wink,Peace Tee,Christmas Hat,Star Shaped Glasses,Purple Mug
Lavender,Factory Shell,Green,Kawaii,Green Sweater,Christmas Hat,Battle Force Detector,Odd Shape Cup
Light Grey,Wok Shell,Green,Naughty,Triangle Yellow Sweater,Woollen Hat,Star Shaped Glasses,Thermos Cup
Light Blue,Basic Shell Pink,Green,Obsessed,Football Jersey,Woollen Hat,Metal Binoculars,Transparent Latte Cup
