Burly Wood,Fire Shell,Green,Naughty,Burning Logo Black Tee,Metal Binoculars,Hopter,Green Mug
Light Green,Firefighting Shell,Green,Wink,Burning Logo Hoodie,Unravel Mask,none,Blue Mug
Light Green,Firefighting Shell,Green,Charming,Burning Logo White Tee,Lipstick Print,Side Parting,Purple Mug
Purple Grey,Firefighting Shell,Green,Obsessed,Firefighter Uniform,Black Sunglasses,Side Parting,Purple Mug
Steel Blue,Firefighting Shell,Green,Charming,Burning Logo White Tee,Band Aid,Hopter,Blue Mug
Light Sea,Fire Shell,Green,Relaxed,Flame Tee,Smiley Mask,Slicked Back,Thermos Cup
Light Green,Firefighting Shell,Green,Calm,Firefighter Uniform,Respirator Beta,Hopter,High Glass
Light Blue,Firefighting Shell,Green,Charming,Burning Logo White Tee,Lipstick Print,Hopter,Keep Cup
Light Blue,Firefighting Shell,Green,Naughty,Flame Tee,Unravel Mask,Buzzcut,Wooden Cup
Wheat,Fire Shell,Green,Obsessed,Burning Logo Black Tee,Lipstick Print,none,Purple Mug
Wheat,Firefighting Shell,Green,Relaxed,Burning Logo White Tee,Lipstick Print,Angel Halo,Horn Cup
Steel Blue,Firefighting Shell,Green,Charming,Burning Logo Black Tee,Black Sunglasses,Slicked Back,High Glass
Wheat,Firefighting Shell,Green,Wink,Firefighter Uniform,Band Aid,Mushroom,Espresso Cup
Lavender,Firefighting Shell,Green,Wink,Burning Logo Hoodie,Respirator Beta,Buzzcut,Blue Label Takeaway
Lavender,Fire Shell,Green,Naughty,Firefighter Uniform,Masquerade Mask,Angel Halo,Snow Top Coffee
Wheat,Fire Shell,Green,Charming,Firefighter Uniform,Respirator Gamma,Dreadlocks,Keep Cup
Purple Grey,Fire Shell,Green,Calm,Flame Tee,Masking Cloth,Slicked Back,Iced Coffee Takeaway
Burly Wood,Fire Shell,Green,Relaxed,Burning Logo Black Tee,Respirator Gamma,Buzzcut,Crema Latte Cup
Light Sea,Firefighting Shell,Green,Obsessed,Burning Logo Hoodie,none,Center Parting,Snow Top Coffee
Lavender,Firefighting Shell,Green,Obsessed,Burning Logo White Tee,Smiley Mask,Three Hairs,Wooden Cup
Light Grey,Fire Shell,Green,Calm,Burning Logo Black Tee,Tobacco Pipe,Mushroom,Wooden Cup
Light Sea,Firefighting Shell,Green,Obsessed,Firefighter Uniform,Smiley Mask,Mushroom,Wooden Cup
Light Sea,Fire Shell,Green,Naughty,Burning Logo White Tee,Smiley Mask,Mushroom,Cookie Cup
Wheat,Fire Shell,Green,Obsessed,Burning Logo Black Tee,High Tech Glasses,Center Parting,High Glass
Light Green,Firefighting Shell,Green,Calm,Burning Logo White Tee,Unravel Mask,Mushroom,Thermos Cup
Lavender,Fire Shell,Green,Relaxed,Flame Tee,Unravel Mask,Angel Halo,Horn Cup
Lavender,Fire Shell,Green,Kawaii,Flame Tee,Masking Cloth,Tinfoil Perm,Odd Shape Cup
Purple Grey,Fire Shell,Green,Charming,Burning Logo White Tee,Smiley Mask,Mohawk,High Glass
Burly Wood,Fire Shell,Green,Kawaii,Burning Logo White Tee,Black Sunglasses,none,Snow Top Coffee
Wheat,Fire Shell,Green,Naughty,Flame Tee,none,Slicked Back,Odd Shape Cup
Light Sea,Fire Shell,Green,Relaxed,Burning Logo Black Tee,Tobacco Pipe,none,Cyberpunk Cup
Burly Wood,Firefighting Shell,Green,Calm,Burning Logo Black Tee,none,Center Parting,Thermos Cup
Wheat,Fire Shell,Green,Obsessed,Burning Logo White Tee,Respirator Beta,Hopter,Purple Mug
Light Sea,Fire Shell,Green,Obsessed,Firefighter Uniform,Smiley Mask,Mushroom,Green Mug
Steel Blue,Fire Shell,Green,Charming,Burning Logo White Tee,Lipstick Print,Tinfoil Perm,Horn Cup
Wheat,Firefighting Shell,Green,Naughty,Burning Logo Black Tee,Respirator Beta,Slicked Back,Crema Latte Cup
Light Grey,Firefighting Shell,Green,Wink,Firefighter Uniform,Black Sunglasses,Three Hairs,Horn Cup
Steel Blue,Firefighting Shell,Green,Obsessed,Burning Logo White Tee,Smiley Mask,Angel Halo,Round Glass
Light Blue,Fire Shell,Green,Kawaii,Flame Tee,none,Slicked Back,Cyberpunk Cup
Burly Wood,Fire Shell,Green,Charming,Flame Tee,Masking Cloth,none,Blue Mug
Steel Blue,Firefighting Shell,Green,Calm,Flame Tee,none,Buzzcut,Striped Latte Cup
Steel Blue,Fire Shell,Green,Naughty,Firefighter Uniform,Black Sunglasses,Side Parting,Takeaway Cup
Purple Grey,Firefighting Shell,Green,Naughty,Burning Logo Black Tee,Lipstick Print,Buzzcut,Espresso Cup
Wheat,Fire Shell,Green,Obsessed,Flame Tee,Respirator Gamma,Center Parting,Takeaway Cup
Wheat,Fire Shell,Green,Wink,Flame Tee,Brown Sunglasses,Three Hairs,Transparent Latte Cup
Light Sea,Firefighting Shell,Green,Wink,Burning Logo Black Tee,Smiley Mask,Hopter,Round Glass
Light Blue,Fire Shell,Green,Naughty,Firefighter Uniform,none,Side Parting,Transparent Latte Cup
Steel Blue,Fire Shell,Green,Charming,Firefighter Uniform,Lipstick Print,Slicked Back,Cookie Cup
Wheat,Firefighting Shell,Green,Kawaii,Firefighter Uniform,Band Aid,Three Hairs,Cyberpunk Cup
Light Sea,Firefighting Shell,Green,Naughty,Burning Logo White Tee,Brown Sunglasses,Mushroom,Green Label Takeaway
Light Grey,Firefighting Shell,Green,Relaxed,Burning Logo Black Tee,Smiley Mask,Hopter,Green Label Takeaway
Steel Blue,Firefighting Shell,Green,Wink,Burning Logo Black Tee,Brown Sunglasses,none,Blue Mug
Light Green,Fire Shell,Green,Obsessed,Burning Logo Hoodie,Black Sunglasses,Buzzcut,Wooden Cup
Light Green,Fire Shell,Green,Charming,Firefighter Uniform,Respirator Beta,Buzzcut,High Glass
Wheat,Firefighting Shell,Green,Charming,Burning Logo White Tee,Respirator Beta,Buzzcut,Round Glass
Light Grey,Fire Shell,Green,Obsessed,Firefighter Uniform,Respirator Gamma,Hopter,Green Label Takeaway
Light Blue,Fire Shell,Green,Naughty,Firefighter Uniform,none,Center Parting,Wooden Cup
Purple Grey,Fire Shell,Green,Charming,Burning Logo White Tee,Tobacco Pipe,Slicked Back,Purple Mug
Purple Grey,Firefighting Shell,Green,Calm,Flame Tee,none,Three Hairs,Thermos Cup
Light Green,Fire Shell,Green,Wink,Burning Logo Hoodie,Black Sunglasses,Hopter,Blue Label Takeaway
Steel Blue,Fire Shell,Green,Wink,Burning Logo Hoodie,Band Aid,Mushroom,Iced Coffee Takeaway
Lavender,Fire Shell,Green,Relaxed,Burning Logo White Tee,Respirator Beta,Angel Halo,Cyberpunk Cup
Burly Wood,Firefighting Shell,Green,Wink,Flame Tee,Masquerade Mask,Slicked Back,Round Glass
Light Sea,Fire Shell,Green,Naughty,Burning Logo Hoodie,Black Sunglasses,Slicked Back,Snow Top Coffee
Light Sea,Firefighting Shell,Green,Calm,Burning Logo Black Tee,Masking Cloth,Angel Halo,Cookie Cup
Lavender,Fire Shell,Green,Calm,Burning Logo Hoodie,Tobacco Pipe,Mushroom,Keep Cup
Light Sea,Fire Shell,Green,Wink,Flame Tee,Band Aid,Mohawk,Cyberpunk Cup
Light Sea,Firefighting Shell,Green,Naughty,Firefighter Uniform,Tobacco Pipe,Dreadlocks,Cookie Cup
Lavender,Firefighting Shell,Green,Obsessed,Burning Logo Black Tee,Tobacco Pipe,Mushroom,Cookie Cup
Wheat,Fire Shell,Green,Relaxed,Flame Tee,Unravel Mask,Angel Halo,Blue Label Takeaway
Light Sea,Fire Shell,Green,Wink,Burning Logo Hoodie,Unravel Mask,Mushroom,Crema Latte Cup
Light Blue,Firefighting Shell,Green,Kawaii,Flame Tee,Black Sunglasses,none,Round Glass
Light Sea,Firefighting Shell,Green,Obsessed,Burning Logo Hoodie,Brown Sunglasses,Slicked Back,Iced Coffee Takeaway
Light Grey,Fire Shell,Green,Obsessed,Firefighter Uniform,none,Three Hairs,Green Label Takeaway
Light Green,Firefighting Shell,Green,Relaxed,Burning Logo White Tee,Bubble Gum,Three Hairs,Blue Label Takeaway
Light Grey,Firefighting Shell,Green,Wink,Flame Tee,none,Dreadlocks,Blue Mug
Lavender,Fire Shell,Green,Kawaii,Burning Logo Hoodie,none,Side Parting,Cookie Cup
Burly Wood,Fire Shell,Green,Obsessed,Burning Logo White Tee,Respirator Beta,Three Hairs,Round Glass
Light Green,Fire Shell,Green,Charming,Burning Logo White Tee,Band Aid,Slicked Back,Wooden Cup
Light Green,Fire Shell,Green,Relaxed,Firefighter Uniform,none,none,Snow Top Coffee
Light Green,Fire Shell,Green,Wink,Firefighter Uniform,Lipstick Print,none,Odd Shape Cup
Light Green,Fire Shell,Green,Obsessed,Burning Logo Black Tee,none,Three Hairs,Blue Label Takeaway
Light Blue,Firefighting Shell,Green,Naughty,Burning Logo Black Tee,Respirator Gamma,Three Hairs,Purple Mug
Burly Wood,Fire Shell,Green,Calm,Burning Logo White Tee,Black Sunglasses,Slicked Back,Crema Latte Cup
Burly Wood,Fire Shell,Green,Wink,Burning Logo Black Tee,none,Slicked Back,Striped Latte Cup
Light Green,Firefighting Shell,Green,Relaxed,Flame Tee,Unravel Mask,Slicked Back,High Glass
Burly Wood,Fire Shell,Green,Wink,Flame Tee,Tobacco Pipe,none,Round Glass
Lavender,Fire Shell,Green,Relaxed,Burning Logo Hoodie,Band Aid,Slicked Back,Odd Shape Cup
Light Blue,Fire Shell,Green,Calm,Flame Tee,Black Sunglasses,Mushroom,Takeaway Cup
Lavender,Fire Shell,Green,Wink,Burning Logo Black Tee,Smiley Mask,Three Hairs,Espresso Cup
Purple Grey,Firefighting Shell,Green,Kawaii,Burning Logo Black Tee,Black Sunglasses,Three Hairs,Snow Top Coffee
Light Sea,Fire Shell,Green,Kawaii,Burning Logo Hoodie,Brown Sunglasses,Buzzcut,Espresso Cup
Light Sea,Firefighting Shell,Green,Wink,Flame Tee,Masking Cloth,Hopter,Iced Coffee Takeaway
Burly Wood,Fire Shell,Green,Charming,Firefighter Uniform,Tobacco Pipe,none,Iced Coffee Takeaway
Wheat,Firefighting Shell,Green,Charming,Firefighter Uniform,Lipstick Print,Mushroom,Takeaway Cup
Light Sea,Firefighting Shell,Green,Wink,Burning Logo Black Tee,Brown Sunglasses,Three Hairs,Snow Top Coffee
Light Grey,Firefighting Shell,Green,Obsessed,Burning Logo Hoodie,Black Sunglasses,none,Blue Mug
Steel Blue,Firefighting Shell,Green,Kawaii,Firefighter Uniform,Masquerade Mask,Slicked Back,Horn Cup
Light Green,Fire Shell,Green,Calm,Burning Logo White Tee,Black Sunglasses,Mushroom,Snow Top Coffee
Purple Grey,Firefighting Shell,Green,Charming,Burning Logo Hoodie,Brown Sunglasses,Three Hairs,Round Glass
