Purple Grey,Iced Shell,Green,Kawaii,Crema Sweater Landscape,Closed Wings Necklace,Single-eye Gauze,Bucket Hat,Green Label Takeaway
Purple Grey,Triangle Armor Shell,Green,Relaxed,Skull Brand Tee A,Single Wing Necklace,Single-eye Gauze,Bucket Hat,Striped Latte Cup
Lavender,Steel Vivet Shell,Green,Wink,Striped Square Tee,Single Wing Necklace,Electronic Eye,none,Crema Latte Cup
Light Green,Wok Shell,Green,Naughty,Ripped Tee,Dolphin Necklace,Gauze,none,Blue Label Takeaway
Light Blue,Lego Shell,Green,Charming,Mist Square Tee,Single Wing Necklace,Watchmaker Loupe,Bucket Hat,Crema Latte Cup
Light Blue,Basic Shell Yellow,Green,Relaxed,Film Photo Tee,Gold Watch,Electronic Eye,Bucket Hat,Thermos Cup
Light Grey,Polygon Armor Shell,Green,Naughty,Grey Tee,Smart Watch,Medical Mask,none,Crema Latte Cup
Steel Blue,Basic Shell Grey,Green,Wink,Apron,Double Wings Necklace,Smiley Mask,Bucket Hat,Striped Latte Cup
Purple Grey,Explorer Shell,Green,Naughty,Overalls,none,Single-eye Gauze,none,High Glass
Burly Wood,Basic Shell Green,Green,Charming,Tee with Smiley,Dolphin Necklace,Gauze,none,Espresso Cup
Light Grey,Polygon Armor Shell,Green,Obsessed,Ripped Tee,Devil Wing Necklace,Single-eye Gauze,Bucket Hat,Wooden Cup
Light Sea,Explorer Shell,Green,Wink,Chess Board Tee,Cross Necklace,Watchmaker Loupe,Bucket Hat,Green Label Takeaway
Light Blue,Factory Shell,Green,Calm,Cactus Tee,Devil Wing Necklace,Electronic Eye,none,High Glass
Lavender,Digital Shell,Green,Relaxed,Khaki Outer Shirt,Staff Badge,N95 Mask,none,Odd Shape Cup
Wheat,Mushroom Shell,Green,Wink,Tee with Bear,Gold Watch,Watchmaker Loupe,none,Espresso Cup
Light Green,Fire Shell,Green,Wink,Cactus Tee,Single Wing Necklace,Medical Mask,Bucket Hat,Snow Top Coffee
Light Green,Basic Shell Grey,Green,Calm,Mist Square Tee,Dolphin Necklace,N95 Mask,none,Takeaway Cup
Light Grey,Basic Shell Pink,Green,Charming,Burning Logo Black Tee,Camera,Band Aid,none,High Glass
Steel Blue,Triangle Armor Shell,Green,Relaxed,Red Patterned Sweater,Single Wing Necklace,Lipstick Print,none,Odd Shape Cup
Purple Grey,Explorer Shell,Green,Obsessed,Tee with Smiley,Cross Necklace,Smiley Mask,Bucket Hat,Thermos Cup
Light Sea,Basic Shell Blue,Green,Wink,Grey Tee,Staff Badge,Gauze,none,Iced Coffee Takeaway
Light Sea,Iced Shell,Green,Obsessed,Crema Sweater Landscape,Silver Smiley Necklace,Gold Round Frame Glasses,none,Crema Latte Cup
Light Green,Lego Shell,Green,Obsessed,Film Photo Tee,Single Wing Necklace,Watchmaker Loupe,none,Striped Latte Cup
Light Sea,Lego Shell,Green,Kawaii,Khaki Outer Shirt,Gold Watch,Gold Round Frame Glasses,Bucket Hat,Espresso Cup
Lavender,Scale Armor Shell,Green,Relaxed,Striped Square Tee,Camera,none,Bucket Hat,Green Label Takeaway
Wheat,Winged Shell,Green,Naughty,Apron,Closed Wings Necklace,Smiley Mask,none,Blue Label Takeaway
Light Grey,Watermelon Shell,Green,Naughty,Red Patterned Sweater,Dolphin Necklace,Medical Mask,none,Green Mug
Light Blue,Iced Shell,Green,Charming,Pigeon Tee,Closed Wings Necklace,Medical Mask,none,Green Mug
Light Blue,Basic Shell Yellow,Green,Kawaii,Tee with Smiley,Silver Smiley Necklace,Medical Mask,Bucket Hat,Odd Shape Cup
Lavender,Fossil Vivet Shell,Green,Naughty,Apron,Devil Wing Necklace,Electronic Eye,none,Round Glass
Burly Wood,Triangle Armor Shell,Green,Relaxed,Tee with Smiley,Closed Wings Necklace,Gold Round Frame Glasses,none,Blue Mug
Burly Wood,Lego Shell,Green,Naughty,Cactus Tee,Staff Badge,Watchmaker Loupe,Bucket Hat,Round Glass
Light Sea,Basic Shell Blue,Green,Obsessed,LOL Tee,Gold Watch,Medical Mask,none,High Glass
Light Sea,Explorer Shell,Green,Kawaii,Film Photo Tee,Dolphin Necklace,Medical Mask,none,Horn Cup
Purple Grey,Triangle Armor Shell,Green,Relaxed,Grey Tee,none,Electronic Eye,none,Striped Latte Cup
Burly Wood,Diamond Shell,Green,Relaxed,Mist Square Tee,Gold Watch,Medical Mask,none,Transparent Latte Cup
Wheat,Basic Shell Blue,Green,Calm,Crema Sweater Landscape,Gold Watch,Single-eye Gauze,none,Espresso Cup
Light Blue,Iced Shell,Green,Relaxed,Triangle Yellow Sweater,Devil Wing Necklace,Medical Mask,Bucket Hat,Horn Cup
Steel Blue,Wok Shell,Green,Obsessed,Red Patterned Sweater,Closed Wings Necklace,Band Aid,none,Crema Latte Cup
Wheat,Cyberpunk Shell,Green,Naughty,Comet Brand Tee,none,Lipstick Print,none,Cookie Cup
Burly Wood,Basic Shell Green,Green,Calm,Striped Square Tee,Smart Watch,Smiley Mask,none,Blue Label Takeaway
Light Sea,Wok Shell,Green,Naughty,Animal Emoji Sweater,Dolphin Necklace,Watchmaker Loupe,none,Odd Shape Cup
Purple Grey,Fire Shell,Green,Relaxed,Chess Board Tee,Staff Badge,Watchmaker Loupe,Bucket Hat,Blue Mug
Light Blue,Steel Vivet Shell,Green,Naughty,Crema Sweater Landscape,Single Wing Necklace,Smiley Mask,none,Wooden Cup
Light Green,Sawtooth Armor Shell,Green,Kawaii,Grey Tee,Cross Necklace,Smiley Mask,none,Blue Label Takeaway
Steel Blue,Wok Shell,Green,Kawaii,Khaki Outer Shirt,Single Wing Necklace,Band Aid,none,Iced Coffee Takeaway
Burly Wood,Fossil Vivet Shell,Green,Kawaii,Skull Brand Tee A,Devil Wing Necklace,Watchmaker Loupe,none,Iced Coffee Takeaway
Purple Grey,Polygon Armor Shell,Green,Calm,Khaki Tee with Pocket,none,Lipstick Print,none,Iced Coffee Takeaway
Steel Blue,Sawtooth Armor Shell,Green,Obsessed,Film Photo Tee,Single Wing Necklace,Electronic Eye,none,Purple Mug
Purple Grey,Wok Shell,Green,Charming,Overalls,Cross Necklace,Medical Mask,none,Crema Latte Cup
Light Green,Scale Armor Shell,Green,Naughty,Khaki Outer Shirt,Closed Wings Necklace,Band Aid,Bucket Hat,Green Label Takeaway
Lavender,Wok Shell,Green,Relaxed,Stripped Tee,Gold Watch,Watchmaker Loupe,none,Snow Top Coffee
Purple Grey,Basic Shell Grey,Green,Kawaii,Animal Emoji Sweater,Silver Smiley Necklace,Gold Round Frame Glasses,none,Thermos Cup
Lavender,Wok Shell,Green,Naughty,Peace Tee,Devil Wing Necklace,none,Bucket Hat,Transparent Latte Cup
Lavender,Parallel Bars Shell,Green,Kawaii,Khaki Outer Shirt,Devil Wing Necklace,Medical Mask,Bucket Hat,Cyberpunk Cup
Light Green,Basic Shell Blue,Green,Relaxed,Crema Sweater B&O,Dolphin Necklace,Gauze,none,Horn Cup
Purple Grey,Honey Jar Shell,Green,Calm,Crema Sweater Landscape,Closed Wings Necklace,N95 Mask,none,Blue Mug
Wheat,Watermelon Shell,Green,Relaxed,LOL Tee,Single Wing Necklace,Single-eye Gauze,Bucket Hat,Cookie Cup
Light Green,Fossil Vivet Shell,Green,Relaxed,Skull Brand Tee A,Cross Necklace,N95 Mask,none,Espresso Cup
Lavender,Globe Shell,Green,Kawaii,Stripped Tee,Devil Wing Necklace,Watchmaker Loupe,Bucket Hat,Cyberpunk Cup
Light Sea,Scale Armor Shell,Green,Naughty,Skull Brand Tee B,Closed Wings Necklace,N95 Mask,none,Iced Coffee Takeaway
Wheat,Fossil Vivet Shell,Green,Naughty,LOL Tee,Dolphin Necklace,Gauze,Bucket Hat,High Glass
Light Green,Cyberpunk Shell,Green,Calm,Tee with Smiley,Dolphin Necklace,Single-eye Gauze,none,Transparent Latte Cup
Light Green,Cyberpunk Shell,Green,Kawaii,B&W Contrast Sweater,Camera,Band Aid,Bucket Hat,Espresso Cup
Wheat,Basic Shell Yellow,Green,Naughty,Astronaut Tee,Ring Necklace,Watchmaker Loupe,Bucket Hat,Purple Mug
Lavender,Parallel Bars Shell,Green,Naughty,Striped Square Tee,Dolphin Necklace,Gauze,none,Transparent Latte Cup
Light Grey,Thunder Shell,Green,Charming,Chess Board Tee,Cross Necklace,Band Aid,Bucket Hat,Round Glass
Light Grey,Wok Shell,Green,Wink,Peace Tee,Smart Watch,Smiley Mask,none,Iced Coffee Takeaway
Light Green,Lego Shell,Green,Naughty,B&W Contrast Sweater,none,Band Aid,none,Green Label Takeaway
Steel Blue,Magma Shell,Green,Naughty,Burning Logo Black Tee,Closed Wings Necklace,Smiley Mask,Bucket Hat,Transparent Latte Cup
Burly Wood,Cyberpunk Shell,Green,Kawaii,Film Photo Tee,Gold Watch,Lipstick Print,Bucket Hat,Green Mug
Burly Wood,Basic Shell Yellow,Green,Charming,Camouflage Tee,Cross Necklace,Lipstick Print,none,Horn Cup
Steel Blue,Iced Shell,Green,Wink,Cactus Tee,none,N95 Mask,Bucket Hat,Wooden Cup
Light Green,Scale Armor Shell,Green,Obsessed,Mist Square Tee,Silver Smiley Necklace,Medical Mask,Bucket Hat,Blue Mug
Lavender,Diamond Shell,Green,Naughty,Green Sweater,Single Wing Necklace,Watchmaker Loupe,none,Thermos Cup
Steel Blue,Fossil Vivet Shell,Green,Obsessed,Comet Brand Tee,Single Wing Necklace,Watchmaker Loupe,none,Transparent Latte Cup
Steel Blue,Winged Shell,Green,Relaxed,Triangle Yellow Sweater,Devil Wing Necklace,Smiley Mask,none,Takeaway Cup
Purple Grey,Mushroom Shell,Green,Charming,Striped Square Tee,Silver Smiley Necklace,none,none,Green Mug
Light Sea,Fire Shell,Green,Obsessed,Chess Board Tee,Smart Watch,Single-eye Gauze,Bucket Hat,Odd Shape Cup
Wheat,Basic Shell Grey,Green,Kawaii,Mist Square Tee,Single Wing Necklace,Single-eye Gauze,Bucket Hat,Thermos Cup
Burly Wood,Fossil Vivet Shell,Green,Obsessed,Basketball Jersey,Gold Watch,Tobacco Pipe,Bucket Hat,Round Glass
Light Blue,Basic Shell Blue,Green,Relaxed,Peace Tee,Closed Wings Necklace,Medical Mask,Bucket Hat,Crema Latte Cup
Steel Blue,Digital Shell,Green,Relaxed,LOL Tee,Camera,Medical Mask,Bucket Hat,Horn Cup
Wheat,Watermelon Shell,Green,Charming,Triangle Yellow Sweater,Smart Watch,Medical Mask,Bucket Hat,Crema Latte Cup
Light Sea,Basic Shell Pink,Green,Kawaii,Ripped Tee,none,Electronic Eye,none,Transparent Latte Cup
Burly Wood,Basic Shell Yellow,Green,Wink,Burning Logo White Tee,Ring Necklace,Lipstick Print,Bucket Hat,Green Label Takeaway
Lavender,Sawtooth Armor Shell,Green,Relaxed,Tee with Bear,Single Wing Necklace,Smiley Mask,none,Cyberpunk Cup
Light Grey,Parallel Bars Shell,Green,Calm,Basketball Jersey,Camera,Watchmaker Loupe,none,Green Mug
Burly Wood,Basic Shell Grey,Green,Kawaii,Animal Emoji Sweater,Double Wings Necklace,Electronic Eye,none,Cookie Cup
Light Green,Steel Vivet Shell,Green,Kawaii,Grey Palette Sweater,Dolphin Necklace,Lipstick Print,Bucket Hat,Odd Shape Cup
Light Grey,Basic Shell Pink,Green,Charming,Crema Sweater Landscape,Devil Wing Necklace,Band Aid,none,Blue Label Takeaway
Lavender,Winged Shell,Green,Relaxed,Grey Tee,Ring Necklace,Gauze,none,Blue Label Takeaway
Light Green,Polygon Armor Shell,Green,Relaxed,Tee with Smiley,none,N95 Mask,none,Purple Mug
Light Grey,Globe Shell,Green,Kawaii,Flame Tee,Cross Necklace,Electronic Eye,Bucket Hat,Striped Latte Cup
Light Blue,Basic Shell Green,Green,Naughty,Cactus Tee,Gold Watch,Watchmaker Loupe,Bucket Hat,Espresso Cup
Light Green,Factory Shell,Green,Naughty,Apron,Closed Wings Necklace,Single-eye Gauze,Bucket Hat,Green Label Takeaway
Light Sea,Honey Jar Shell,Green,Calm,Crema Sweater Landscape,Single Wing Necklace,none,none,Blue Mug
Light Blue,Sawtooth Armor Shell,Green,Kawaii,Grey Tee,Devil Wing Necklace,Medical Mask,none,Wooden Cup
Purple Grey,Magma Shell,Green,Charming,Cactus Tee,Gold Watch,Electronic Eye,none,Blue Mug
Light Green,Polygon Armor Shell,Green,Obsessed,LOL Tee,Closed Wings Necklace,N95 Mask,none,High Glass
