Purple Grey,Iced Shell,Green,Naughty,Striped Block Tee,none,Black Sunglasses,Purple Mug
Light Grey,Basic Shell Yellow,Green,Calm,Spiderman Costume,none,Lipstick Print,Snow Top Coffee
Light Grey,Honey Jar Shell,Green,Relaxed,Pigeon Tee,none,Gold Round Frame Glasses,High Glass
Light Green,Explorer Shell,Green,Charming,Black Banquet Suit,none,Hypnotic Glasses,Thermos Cup
Light Sea,Magma Shell,Green,Charming,B&W Contrast Sweater,none,Brown Sunglasses,Green Label Takeaway
Purple Grey,Magma Shell,Green,Charming,Wizard Robe,Pompadour,Medical Mask,Keep Cup
Light Sea,Digital Shell,Green,Naughty,Fur Coat,none,Lightning Glasses,Thermos Cup
Steel Blue,Lego Shell,Green,Calm,Wizard Robe,Pompadour,Gold Round Frame Glasses,Espresso Cup
Light Blue,Parallel Bars Shell,Green,Calm,Wizard Robe,Pompadour,Lightning Glasses,Takeaway Cup
Light Green,Thunder Shell,Green,Charming,B&W Contrast Sweater,none,Single-eye Gauze,Odd Shape Cup
Light Green,Basic Shell Pink,Green,Calm,B&W Contrast Sweater,none,N95 Mask,Striped Latte Cup
Wheat,Digital Shell,Green,Charming,Flame Tee,Pompadour,Heart Shaped Glasses,Purple Mug
Wheat,Parallel Bars Shell,Green,Calm,Flame Tee,Pompadour,High Tech Glasses,Blue Label Takeaway
Light Green,Polygon Armor Shell,Green,Calm,Vintage Suit,Pompadour,Watchmaker Loupe,Crema Latte Cup
Light Blue,Magma Shell,Green,Charming,Vintage Suit,Pompadour,Watchmaker Loupe,Odd Shape Cup
Steel Blue,Winged Shell,Green,Relaxed,Black Banquet Suit,Pompadour,Lipstick Print,Espresso Cup
Light Sea,Cyberpunk Shell,Green,Naughty,Black Banquet Suit,none,Masquerade Mask,Blue Mug
Burly Wood,Parallel Bars Shell,Green,Charming,Wizard Robe,none,Smiley Mask,High Glass
Steel Blue,Explorer Shell,Green,Naughty,Rivet Jacket,Pompadour,Tobacco Pipe,Blue Mug
Wheat,Sawtooth Armor Shell,Green,Calm,Green Suit,Pompadour,Medical Mask,Blue Mug
Steel Blue,Lego Shell,Green,Charming,Rivet Jacket,Pompadour,Brown Sunglasses,Cookie Cup
Burly Wood,Factory Shell,Green,Calm,Rivet Jacket,none,Star Shaped Glasses,High Glass
Burly Wood,Magma Shell,Green,Relaxed,Fur Coat,none,Smiley Mask,Espresso Cup
Purple Grey,Basic Shell Green,Green,Naughty,Flame Tee,Pompadour,Star Shaped Glasses,Striped Latte Cup
Light Green,Factory Shell,Green,Calm,Vintage Suit,none,Black Sunglasses,Blue Label Takeaway
Light Grey,Polygon Armor Shell,Green,Charming,Prom Dress Black&Red,none,Black Sunglasses,Iced Coffee Takeaway
Light Green,Fossil Vivet Shell,Green,Calm,Spiderman Costume,Pompadour,Star Shaped Glasses,Cookie Cup
Light Grey,Basic Shell Grey,Green,Calm,Flame Tee,none,Flying Goggles,Crema Latte Cup
Light Grey,Basic Shell Grey,Green,Calm,Pigeon Tee,Pompadour,N95 Mask,Blue Label Takeaway
Purple Grey,Lego Shell,Green,Relaxed,LOL Tee,Pompadour,Brown Sunglasses,Espresso Cup
Light Grey,Fire Shell,Green,Charming,Black Banquet Suit,none,Star Shaped Glasses,Odd Shape Cup
Lavender,Diamond Shell,Green,Calm,Racing Suit,Pompadour,Brown Sunglasses,Odd Shape Cup
Light Grey,Winged Shell,Green,Naughty,Prom Dress Black&Red,Pompadour,Star Shaped Glasses,Snow Top Coffee
Light Blue,Basic Shell Grey,Green,Calm,Striped Block Tee,Pompadour,Smiley Mask,Crema Latte Cup
Light Blue,Basic Shell Pink,Green,Calm,Prom Dress Black&Red,none,Single-eye Gauze,Odd Shape Cup
Wheat,Lego Shell,Green,Calm,Vintage Suit,Pompadour,Gold Round Frame Glasses,Blue Label Takeaway
Light Grey,Basic Shell Pink,Green,Relaxed,Flame Tee,none,Hypnotic Glasses,Keep Cup
Light Green,Basic Shell Green,Green,Charming,Spiderman Costume,Pompadour,Electronic Eye,Green Label Takeaway
Purple Grey,Parallel Bars Shell,Green,Calm,Mist Square Tee,Pompadour,Hypnotic Glasses,Blue Mug
Light Blue,Wok Shell,Green,Charming,Green Suit,none,Lightning Glasses,Thermos Cup
Wheat,Honey Jar Shell,Green,Naughty,Vintage Suit,Pompadour,Medical Mask,Crema Latte Cup
Burly Wood,Digital Shell,Green,Calm,Wizard Robe,Pompadour,Lipstick Print,Cyberpunk Cup
Light Blue,Triangle Armor Shell,Green,Charming,Wizard Robe,Pompadour,Flying Goggles,Transparent Latte Cup
Light Grey,Winged Shell,Green,Relaxed,Striped Block Tee,Pompadour,Single-eye Gauze,Round Glass
Light Grey,Basic Shell Green,Green,Naughty,Basketball Jersey,Pompadour,Watchmaker Loupe,Cyberpunk Cup
Light Blue,Basic Shell Yellow,Green,Calm,Mist Square Tee,Pompadour,Flying Goggles,Round Glass
Light Green,Factory Shell,Green,Naughty,Flame Tee,Pompadour,N95 Mask,Espresso Cup
Wheat,Basic Shell Grey,Green,Naughty,Green Suit,none,High Tech Glasses,Crema Latte Cup
Light Sea,Sawtooth Armor Shell,Green,Charming,Rivet Jacket,none,Tobacco Pipe,Crema Latte Cup
Light Grey,Basic Shell Grey,Green,Naughty,Mist Square Tee,none,Masquerade Mask,Keep Cup
Wheat,Lego Shell,Green,Naughty,Flame Tee,none,Star Shaped Glasses,Blue Mug
Light Grey,Scale Armor Shell,Green,Relaxed,Prom Dress Black&Red,Pompadour,Hypnotic Glasses,High Glass
Lavender,Honey Jar Shell,Green,Charming,LOL Tee,Pompadour,Heart Shaped Glasses,Iced Coffee Takeaway
Light Sea,Basic Shell Blue,Green,Naughty,Pigeon Tee,none,Flying Goggles,Espresso Cup
Steel Blue,Cyberpunk Shell,Green,Calm,Green Suit,Pompadour,Medical Mask,Cookie Cup
Light Blue,Basic Shell Yellow,Green,Naughty,Vintage Suit,none,Heart Shaped Glasses,Snow Top Coffee
Light Grey,Cyberpunk Shell,Green,Calm,Wizard Robe,Pompadour,Star Shaped Glasses,Blue Mug
Light Green,Parallel Bars Shell,Green,Calm,Green Suit,none,Flying Goggles,Takeaway Cup
Light Sea,Basic Shell Pink,Green,Calm,Racing Suit,none,Single-eye Gauze,Green Label Takeaway
Burly Wood,Wok Shell,Green,Calm,B&W Contrast Sweater,Pompadour,Electronic Eye,Espresso Cup
Purple Grey,Steel Vivet Shell,Green,Naughty,Mist Square Tee,Pompadour,Brown Sunglasses,Takeaway Cup
Steel Blue,Digital Shell,Green,Charming,Mist Square Tee,none,Masquerade Mask,Wooden Cup
Purple Grey,Basic Shell Yellow,Green,Naughty,Vintage Suit,none,Electronic Eye,Snow Top Coffee
Light Grey,Wok Shell,Green,Relaxed,Green Suit,none,Smiley Mask,Thermos Cup
Light Green,Diamond Shell,Green,Calm,Vintage Suit,none,Hypnotic Glasses,Horn Cup
Purple Grey,Wok Shell,Green,Relaxed,Mist Square Tee,Pompadour,Hypnotic Glasses,Odd Shape Cup
Wheat,Digital Shell,Green,Naughty,Triangle Yellow Sweater,none,Medical Mask,Odd Shape Cup
Lavender,Basic Shell Pink,Green,Calm,Rivet Jacket,none,Electronic Eye,Cookie Cup
Wheat,Basic Shell Green,Green,Naughty,Vintage Suit,Pompadour,Brown Sunglasses,Horn Cup
Light Grey,Factory Shell,Green,Calm,Burning Logo Hoodie,none,Hypnotic Glasses,Cyberpunk Cup
Light Sea,Parallel Bars Shell,Green,Charming,Fur Coat,Pompadour,Flying Goggles,Thermos Cup
Light Blue,Basic Shell Blue,Green,Naughty,Green Suit,Pompadour,Gold Round Frame Glasses,Thermos Cup
Light Sea,Factory Shell,Green,Naughty,LOL Tee,Pompadour,Lightning Glasses,Cookie Cup
Burly Wood,Steel Vivet Shell,Green,Charming,LOL Tee,Pompadour,High Tech Glasses,Wooden Cup
Light Sea,Sawtooth Armor Shell,Green,Relaxed,Rivet Jacket,none,Masking Cloth,Horn Cup
Lavender,Magma Shell,Green,Naughty,Fur Coat,Pompadour,Hypnotic Glasses,Thermos Cup
Light Grey,Steel Vivet Shell,Green,Calm,Basketball Jersey,Pompadour,Flying Goggles,Green Label Takeaway
Lavender,Cyberpunk Shell,Green,Calm,Fur Coat,none,N95 Mask,Blue Mug
Light Sea,Fire Shell,Green,Naughty,Prom Dress Black&Red,Pompadour,Brown Sunglasses,Striped Latte Cup
Lavender,Basic Shell Pink,Green,Naughty,Prom Dress Black&Red,none,Lipstick Print,Round Glass
Steel Blue,Digital Shell,Green,Calm,Prom Dress Black&Red,Pompadour,Lightning Glasses,Transparent Latte Cup
Light Green,Honey Jar Shell,Green,Naughty,Mist Square Tee,Pompadour,Flying Goggles,Snow Top Coffee
Steel Blue,Digital Shell,Green,Charming,Prom Dress Black&Red,Pompadour,Lightning Glasses,Iced Coffee Takeaway
Purple Grey,Explorer Shell,Green,Naughty,Vintage Suit,none,Lipstick Print,Green Label Takeaway
Light Sea,Parallel Bars Shell,Green,Relaxed,Basketball Jersey,Pompadour,Lipstick Print,Green Mug
Burly Wood,Fossil Vivet Shell,Green,Calm,Spiderman Costume,none,Hypnotic Glasses,Iced Coffee Takeaway
Light Grey,Polygon Armor Shell,Green,Naughty,Racing Suit,none,Hypnotic Glasses,Blue Mug
Lavender,Thunder Shell,Green,Relaxed,Green Suit,Pompadour,Lightning Glasses,Blue Label Takeaway
Steel Blue,Winged Shell,Green,Calm,Striped Block Tee,none,Hypnotic Glasses,Iced Coffee Takeaway
Light Sea,Cyberpunk Shell,Green,Charming,Striped Block Tee,Pompadour,High Tech Glasses,Round Glass
Light Blue,Fossil Vivet Shell,Green,Charming,B&W Contrast Sweater,Pompadour,Masking Cloth,Odd Shape Cup
Wheat,Iced Shell,Green,Charming,Striped Block Tee,Pompadour,Gold Round Frame Glasses,Wooden Cup
Light Sea,Basic Shell Pink,Green,Relaxed,Striped Block Tee,none,Lipstick Print,Horn Cup
Light Green,Diamond Shell,Green,Calm,Basketball Jersey,none,Single-eye Gauze,Cookie Cup
Wheat,Fire Shell,Green,Calm,Black Banquet Suit,Pompadour,Brown Sunglasses,Horn Cup
Wheat,Steel Vivet Shell,Green,Naughty,Striped Block Tee,Pompadour,Hypnotic Glasses,Iced Coffee Takeaway
Purple Grey,Magma Shell,Green,Charming,LOL Tee,Pompadour,High Tech Glasses,Cyberpunk Cup
Light Sea,Wok Shell,Green,Calm,Green Suit,Pompadour,Smiley Mask,Keep Cup
Light Green,Cyberpunk Shell,Green,Calm,Green Suit,Pompadour,Single-eye Gauze,Cookie Cup
Light Sea,Factory Shell,Green,Relaxed,Green Suit,Pompadour,Watchmaker Loupe,Horn Cup
