Light Blue,Cyberpunk Shell,Green,Relaxed,Priest Outfit,Cross Necklace,N95 Mask,Angel Halo,Snow Top Coffee
Light Grey,Digital Shell,Green,Kawaii,Priest Outfit,Cross Necklace,none,Angel Halo,Takeaway Cup
Wheat,Steel Vivet Shell,Green,Naughty,Priest Outfit,none,Heart Shaped Glasses,Angel Halo,Takeaway Cup
Light Sea,Diamond Shell,Green,Obsessed,Priest Outfit,Cross Necklace,N95 Mask,Angel Halo,Snow Top Coffee
Purple Grey,Magma Shell,Green,Obsessed,Priest Outfit,none,Band Aid,Angel Halo,Purple Mug
Purple Grey,Digital Shell,Green,Naughty,Priest Outfit,none,Respirator Beta,Angel Halo,Iced Coffee Takeaway
Light Sea,Fire Shell,Green,Wink,Priest Outfit,Cross Necklace,Heart Shaped Glasses,Slicked Back,Takeaway Cup
Wheat,Scale Armor Shell,Green,Obsessed,Priest Outfit,Cross Necklace,N95 Mask,Tinfoil Perm,Crema Latte Cup
Light Grey,Digital Shell,Green,Naughty,Priest Outfit,Cross Necklace,Respirator Beta,Tinfoil Perm,Takeaway Cup
Light Grey,Magma Shell,Green,Naughty,Priest Outfit,Cross Necklace,Respirator Beta,Angel Halo,Thermos Cup
Wheat,Digital Shell,Green,Calm,Priest Outfit,none,Gold Round Frame Glasses,Tinfoil Perm,Odd Shape Cup
Lavender,地球,Green,Wink,Priest Outfit,Cross Necklace,Respirator Beta,Angel Halo,Transparent Latte Cup
Lavender,Fire Shell,Green,Kawaii,Priest Outfit,Cross Necklace,Respirator Beta,Tinfoil Perm,Crema Latte Cup
Light Grey,Digital Shell,Green,Naughty,Priest Outfit,Cross Necklace,Respirator Beta,Tinfoil Perm,Crema Latte Cup
Light Sea,Magma Shell,Green,Calm,Priest Outfit,Cross Necklace,Hypnotic Glasses,Tinfoil Perm,Green Mug
Light Blue,青砖,Green,Kawaii,Priest Outfit,none,Respirator Beta,Angel Halo,Transparent Latte Cup
Light Blue,Parallel Bars Shell,Green,Calm,Priest Outfit,none,Heart Shaped Glasses,Angel Halo,Purple Mug
Light Green,Magma Shell,Green,Wink,Priest Outfit,Cross Necklace,Respirator Beta,Tinfoil Perm,Espresso Cup
Light Green,Cyberpunk Shell,Green,Wink,Priest Outfit,Cross Necklace,Hypnotic Glasses,Angel Halo,Striped Latte Cup
Wheat,Pyramid Shell,Green,Kawaii,Priest Outfit,Cross Necklace,N95 Mask,Tinfoil Perm,Blue Mug
Light Green,Cyberpunk Shell,Green,Calm,Priest Outfit,none,Respirator Beta,Tinfoil Perm,Round Glass
Wheat,Digital Shell,Green,Obsessed,Priest Outfit,Cross Necklace,Gold Round Frame Glasses,Tinfoil Perm,Blue Mug
Light Green,Explorer Shell,Green,Relaxed,Priest Outfit,Cross Necklace,Band Aid,Angel Halo,Cyberpunk Cup
Light Grey,Digital Shell,Green,Relaxed,Priest Outfit,Cross Necklace,Hypnotic Glasses,Angel Halo,High Glass
Wheat,青砖,Green,Naughty,Priest Outfit,none,Heart Shaped Glasses,Angel Halo,Blue Mug
Wheat,Cyberpunk Shell,Green,Wink,Priest Outfit,Cross Necklace,Heart Shaped Glasses,Tinfoil Perm,Green Mug
Light Blue,地球,Green,Calm,Priest Outfit,none,Respirator Beta,Angel Halo,Thermos Cup
Light Blue,Scale Armor Shell,Green,Obsessed,Priest Outfit,Cross Necklace,Band Aid,Tinfoil Perm,Blue Mug
Lavender,Fire Shell,Green,Wink,Priest Outfit,none,Heart Shaped Glasses,Tinfoil Perm,Wooden Cup
Light Grey,Scale Armor Shell,Green,Relaxed,Priest Outfit,Cross Necklace,Gold Round Frame Glasses,Angel Halo,Cyberpunk Cup
Lavender,Parallel Bars Shell,Green,Relaxed,Priest Outfit,Cross Necklace,Hypnotic Glasses,Tinfoil Perm,Thermos Cup
Light Grey,Explorer Shell,Green,Relaxed,Priest Outfit,none,Respirator Beta,Angel Halo,Round Glass
Wheat,Steel Vivet Shell,Green,Obsessed,Priest Outfit,none,Heart Shaped Glasses,Tinfoil Perm,Cyberpunk Cup
Light Sea,Scale Armor Shell,Green,Obsessed,Priest Outfit,Cross Necklace,N95 Mask,Angel Halo,Keep Cup
Light Green,青砖,Green,Wink,Priest Outfit,Cross Necklace,none,Tinfoil Perm,Transparent Latte Cup
Wheat,Steel Vivet Shell,Green,Naughty,Priest Outfit,Cross Necklace,Respirator Beta,Tinfoil Perm,Purple Mug
Purple Grey,Winged Shell,Green,Relaxed,Priest Outfit,Cross Necklace,Band Aid,Angel Halo,Wooden Cup
Light Sea,Parallel Bars Shell,Green,Naughty,Priest Outfit,Cross Necklace,none,Tinfoil Perm,Takeaway Cup
Lavender,Diamond Shell,Green,Obsessed,Priest Outfit,Cross Necklace,Gold Round Frame Glasses,Angel Halo,Green Label Takeaway
Steel Blue,地球,Green,Relaxed,Priest Outfit,Cross Necklace,Respirator Beta,Angel Halo,Green Mug
Light Grey,Diamond Shell,Green,Relaxed,Priest Outfit,none,N95 Mask,Tinfoil Perm,Cookie Cup
Light Grey,Parallel Bars Shell,Green,Naughty,Priest Outfit,none,Respirator Beta,Angel Halo,Round Glass
Light Grey,Winged Shell,Green,Relaxed,Priest Outfit,Cross Necklace,Respirator Beta,Tinfoil Perm,Snow Top Coffee
Light Blue,青砖,Green,Calm,Priest Outfit,Cross Necklace,Hypnotic Glasses,Tinfoil Perm,Thermos Cup
Light Sea,地球,Green,Kawaii,Priest Outfit,Cross Necklace,Band Aid,Tinfoil Perm,Green Mug
Wheat,Scale Armor Shell,Green,Obsessed,Priest Outfit,Cross Necklace,Heart Shaped Glasses,Angel Halo,Striped Latte Cup
Light Sea,Explorer Shell,Green,Kawaii,Priest Outfit,Cross Necklace,N95 Mask,Tinfoil Perm,Iced Coffee Takeaway
Light Sea,Digital Shell,Green,Kawaii,Priest Outfit,none,Hypnotic Glasses,Angel Halo,Odd Shape Cup
Burly Wood,Fire Shell,Green,Calm,Priest Outfit,Cross Necklace,Band Aid,Slicked Back,Cookie Cup
Light Grey,Cyberpunk Shell,Green,Calm,Priest Outfit,Cross Necklace,Respirator Beta,Angel Halo,Green Mug
Steel Blue,Scale Armor Shell,Green,Relaxed,Priest Outfit,Cross Necklace,Respirator Beta,Angel Halo,Striped Latte Cup
Light Sea,Pyramid Shell,Green,Calm,Priest Outfit,none,Hypnotic Glasses,Angel Halo,Odd Shape Cup
Burly Wood,Cyberpunk Shell,Green,Naughty,Priest Outfit,Cross Necklace,Heart Shaped Glasses,Angel Halo,Purple Mug
Burly Wood,Pyramid Shell,Green,Obsessed,Priest Outfit,none,Heart Shaped Glasses,Angel Halo,Cyberpunk Cup
Light Blue,Parallel Bars Shell,Green,Obsessed,Priest Outfit,none,Respirator Beta,Slicked Back,Blue Mug
Steel Blue,青砖,Green,Wink,Priest Outfit,Cross Necklace,Gold Round Frame Glasses,Angel Halo,Espresso Cup
Burly Wood,Lego Shell,Green,Relaxed,Priest Outfit,Cross Necklace,Hypnotic Glasses,Tinfoil Perm,Green Mug
Purple Grey,Diamond Shell,Green,Relaxed,Priest Outfit,none,none,Tinfoil Perm,High Glass
Wheat,Scale Armor Shell,Green,Obsessed,Priest Outfit,Cross Necklace,Respirator Beta,Tinfoil Perm,Odd Shape Cup
Wheat,Steel Vivet Shell,Green,Wink,Priest Outfit,none,Hypnotic Glasses,Tinfoil Perm,Transparent Latte Cup
Burly Wood,Pyramid Shell,Green,Calm,Priest Outfit,none,Single-eye Gauze,Angel Halo,Blue Label Takeaway
Burly Wood,Scale Armor Shell,Green,Calm,Priest Outfit,none,Hypnotic Glasses,Angel Halo,Espresso Cup
Purple Grey,Diamond Shell,Green,Kawaii,Priest Outfit,none,none,Tinfoil Perm,Transparent Latte Cup
Light Blue,Pyramid Shell,Green,Obsessed,Priest Outfit,Cross Necklace,Respirator Beta,Angel Halo,Odd Shape Cup
Burly Wood,Steel Vivet Shell,Green,Obsessed,Priest Outfit,Cross Necklace,Hypnotic Glasses,Angel Halo,Transparent Latte Cup
Purple Grey,青砖,Green,Naughty,Priest Outfit,none,Respirator Beta,Angel Halo,Cyberpunk Cup
Wheat,Winged Shell,Green,Naughty,Priest Outfit,Cross Necklace,Respirator Beta,Tinfoil Perm,Blue Mug
Lavender,Steel Vivet Shell,Green,Obsessed,Priest Outfit,Cross Necklace,Gold Round Frame Glasses,Angel Halo,Wooden Cup
Burly Wood,Iced Shell,Green,Relaxed,Priest Outfit,none,Respirator Beta,Tinfoil Perm,Snow Top Coffee
Wheat,Parallel Bars Shell,Green,Naughty,Priest Outfit,none,Band Aid,Tinfoil Perm,Cyberpunk Cup
Light Grey,Pyramid Shell,Green,Naughty,Priest Outfit,none,none,Angel Halo,Transparent Latte Cup
Light Blue,Fire Shell,Green,Naughty,Priest Outfit,none,Hypnotic Glasses,Tinfoil Perm,Green Mug
Burly Wood,Lego Shell,Green,Naughty,Priest Outfit,none,Gold Round Frame Glasses,Tinfoil Perm,Wooden Cup
Steel Blue,Scale Armor Shell,Green,Obsessed,Priest Outfit,Cross Necklace,Hypnotic Glasses,Tinfoil Perm,Cyberpunk Cup
Light Grey,Winged Shell,Green,Wink,Priest Outfit,Cross Necklace,Heart Shaped Glasses,Tinfoil Perm,Horn Cup
Steel Blue,Parallel Bars Shell,Green,Obsessed,Priest Outfit,none,Hypnotic Glasses,Angel Halo,Horn Cup
Purple Grey,Fire Shell,Green,Calm,Priest Outfit,Cross Necklace,Heart Shaped Glasses,Angel Halo,Wooden Cup
Light Sea,Steel Vivet Shell,Green,Calm,Priest Outfit,Cross Necklace,Heart Shaped Glasses,Tinfoil Perm,Takeaway Cup
Light Sea,Scale Armor Shell,Green,Obsessed,Priest Outfit,none,Gold Round Frame Glasses,Angel Halo,Keep Cup
Light Blue,Parallel Bars Shell,Green,Obsessed,Priest Outfit,Cross Necklace,N95 Mask,Angel Halo,Iced Coffee Takeaway
Lavender,青砖,Green,Naughty,Priest Outfit,none,none,Angel Halo,Blue Mug
Lavender,Scale Armor Shell,Green,Calm,Priest Outfit,Cross Necklace,Heart Shaped Glasses,Angel Halo,Green Mug
Lavender,Lego Shell,Green,Relaxed,Priest Outfit,Cross Necklace,none,Angel Halo,Espresso Cup
Light Grey,Digital Shell,Green,Obsessed,Priest Outfit,Cross Necklace,N95 Mask,Angel Halo,Horn Cup
Light Blue,Steel Vivet Shell,Green,Kawaii,Priest Outfit,Cross Necklace,Heart Shaped Glasses,Tinfoil Perm,Thermos Cup
Purple Grey,Parallel Bars Shell,Green,Naughty,Priest Outfit,Cross Necklace,Hypnotic Glasses,Angel Halo,Transparent Latte Cup
Purple Grey,Cyberpunk Shell,Green,Naughty,Priest Outfit,Cross Necklace,Single-eye Gauze,Angel Halo,Thermos Cup
Steel Blue,Thunder Shell,Green,Relaxed,Priest Outfit,none,Band Aid,Tinfoil Perm,Iced Coffee Takeaway
Wheat,Lego Shell,Green,Naughty,Priest Outfit,none,Heart Shaped Glasses,Tinfoil Perm,Blue Label Takeaway
Light Grey,Thunder Shell,Green,Relaxed,Priest Outfit,none,Hypnotic Glasses,Angel Halo,Takeaway Cup
Burly Wood,Magma Shell,Green,Relaxed,Priest Outfit,none,Heart Shaped Glasses,Tinfoil Perm,Purple Mug
Light Green,Iced Shell,Green,Naughty,Priest Outfit,none,Band Aid,Tinfoil Perm,High Glass
Light Blue,Cyberpunk Shell,Green,Calm,Priest Outfit,Cross Necklace,Band Aid,Tinfoil Perm,Cookie Cup
Lavender,Explorer Shell,Green,Naughty,Priest Outfit,none,Band Aid,Angel Halo,Purple Mug
Burly Wood,Pyramid Shell,Green,Kawaii,Priest Outfit,none,Hypnotic Glasses,Tinfoil Perm,Cyberpunk Cup
Light Green,青砖,Green,Naughty,Priest Outfit,Cross Necklace,Heart Shaped Glasses,Angel Halo,Striped Latte Cup
Purple Grey,地球,Green,Naughty,Priest Outfit,Cross Necklace,Band Aid,Tinfoil Perm,Thermos Cup
Wheat,Parallel Bars Shell,Green,Naughty,Priest Outfit,none,Hypnotic Glasses,Tinfoil Perm,Thermos Cup
Purple Grey,Iced Shell,Green,Relaxed,Priest Outfit,none,none,Tinfoil Perm,Snow Top Coffee
Steel Blue,Scale Armor Shell,Green,Relaxed,Priest Outfit,none,Heart Shaped Glasses,Angel Halo,Transparent Latte Cup
