Light Green,Honey Jar Shell,Green,Obsessed,Apron,Tobacco Pipe,Gentleman Hat,Espresso Cup
Wheat,Scale Armor Shell,Green,Naughty,Grey Tee,Unravel Mask,Gentleman Hat,Round Glass
Wheat,Diamond Shell,Green,Charming,Flame Tee,Single-eye Gauze,Gentleman Hat,Purple Mug
Light Sea,Basic Shell Blue,Green,Calm,Tee with Smiley,Long Beard,Gentleman Hat,Blue Label Takeaway
Light Green,Scale Armor Shell,Green,Naughty,Skull Brand Tee A,Respirator Beta,Gentleman Hat,Snow Top Coffee
Lavender,Fire Shell,Green,Relaxed,Astronaut Tee,Flying Goggles,Gentleman Hat,Iced Coffee Takeaway
Purple Grey,Watermelon Shell,Green,Obsessed,Overalls,Flying Goggles,Gentleman Hat,Blue Mug
Burly Wood,Basic Shell Grey,Green,Obsessed,Red Patterned Sweater,Heart Shaped Glasses,Gentleman Hat,Espresso Cup
Light Grey,Polygon Armor Shell,Green,Charming,Tee with Smiley,Long Beard,Gentleman Hat,Blue Mug
Burly Wood,Steel Vivet Shell,Green,Naughty,Burning Logo White Tee,Respirator Beta,Gentleman Hat,Transparent Latte Cup
Burly Wood,Honey Jar Shell,Green,Wink,Burning Logo Black Tee,Lipstick Print,Gentleman Hat,Takeaway Cup
Light Blue,Basic Shell Blue,Green,Relaxed,Skull Brand Tee B,Smiley Mask,none,Blue Label Takeaway
Wheat,Winged Shell,Green,Charming,Tee with Bull,Masquerade Mask,Gentleman Hat,Keep Cup
Light Blue,Fire Shell,Green,Relaxed,Comet Brand Tee,Hypnotic Glasses,Gentleman Hat,Keep Cup
Steel Blue,Fossil Vivet Shell,Green,Charming,Zodiac Tee,Gold Round Frame Glasses,Gentleman Hat,Takeaway Cup
Wheat,Mushroom Shell,Green,Calm,Astronaut Tee,Masquerade Mask,Gentleman Hat,Purple Mug
Wheat,Mushroom Shell,Green,Kawaii,Chess Board Tee,Watchmaker Loupe,Gentleman Hat,Wooden Cup
Wheat,Iced Shell,Green,Calm,Chess Board Tee,Unravel Mask,Gentleman Hat,Takeaway Cup
Light Blue,Basic Shell Yellow,Green,Wink,Grey Tee,Smiley Mask,Gentleman Hat,Blue Mug
Light Green,Iced Shell,Green,Calm,Film Photo Tee,Respirator Beta,Gentleman Hat,Snow Top Coffee
Light Green,Lego Shell,Green,Kawaii,Astronaut Tee,Respirator Gamma,Gentleman Hat,Blue Label Takeaway
Lavender,Diamond Shell,Green,Kawaii,LOL Tee,Medical Mask,Gentleman Hat,Transparent Latte Cup
Purple Grey,Fossil Vivet Shell,Green,Naughty,B&W Contrast Sweater,Respirator Gamma,Gentleman Hat,Transparent Latte Cup
Wheat,Digital Shell,Green,Relaxed,Ripped Tee,Single-eye Gauze,Gentleman Hat,Green Mug
Lavender,Sawtooth Armor Shell,Green,Relaxed,Cactus Tee,Heart Shaped Glasses,Gentleman Hat,Transparent Latte Cup
Purple Grey,Winged Shell,Green,Obsessed,Apron,Band Aid,Gentleman Hat,Snow Top Coffee
Burly Wood,Mushroom Shell,Green,Kawaii,Burning Logo Black Tee,Respirator Beta,Gentleman Hat,Striped Latte Cup
Steel Blue,Steel Vivet Shell,Green,Naughty,Stripped Tee,Long Beard,Gentleman Hat,High Glass
Light Grey,Polygon Armor Shell,Green,Wink,Skull Brand Tee A,Lipstick Print,Gentleman Hat,Green Label Takeaway
Light Blue,Magma Shell,Green,Relaxed,Ripped Tee,Brown Sunglasses,Gentleman Hat,Crema Latte Cup
Steel Blue,Factory Shell,Green,Charming,Ripped Tee,Respirator Beta,Gentleman Hat,Cookie Cup
Wheat,Winged Shell,Green,Calm,Comet Brand Tee,Heart Shaped Glasses,Gentleman Hat,Green Mug
Light Sea,Basic Shell Grey,Green,Wink,Ripped Tee,Heart Shaped Glasses,Gentleman Hat,Green Label Takeaway
Wheat,Factory Shell,Green,Wink,Cactus Tee,Tobacco Pipe,none,Takeaway Cup
Light Grey,Winged Shell,Green,Relaxed,Zodiac Tee,Watchmaker Loupe,Gentleman Hat,Cookie Cup
Light Green,Honey Jar Shell,Green,Relaxed,Zodiac Tee,Metal Binoculars,Gentleman Hat,Odd Shape Cup
Burly Wood,Digital Shell,Green,Naughty,Zodiac Tee,Band Aid,Gentleman Hat,Transparent Latte Cup
Lavender,Triangle Armor Shell,Green,Relaxed,Skull Brand Tee B,Respirator Beta,Gentleman Hat,Crema Latte Cup
Lavender,Globe Shell,Green,Kawaii,Crema Sweater B&O,Band Aid,Gentleman Hat,Transparent Latte Cup
Light Grey,Mushroom Shell,Green,Wink,Cactus Tee,Long Beard,Gentleman Hat,Transparent Latte Cup
Burly Wood,Watermelon Shell,Green,Calm,Tee with Smiley,Gold Round Frame Glasses,Gentleman Hat,Purple Mug
Light Grey,Magma Shell,Green,Naughty,Apron,Single-eye Gauze,none,Odd Shape Cup
Purple Grey,Lego Shell,Green,Relaxed,Khaki Tee with Pocket,Watchmaker Loupe,Gentleman Hat,Green Label Takeaway
Light Sea,Polygon Armor Shell,Green,Relaxed,Burning Logo Black Tee,Hypnotic Glasses,Gentleman Hat,Blue Label Takeaway
Purple Grey,Magma Shell,Green,Kawaii,Astronaut Tee,Tobacco Pipe,Gentleman Hat,Snow Top Coffee
Light Grey,Polygon Armor Shell,Green,Relaxed,Burning Logo White Tee,Brown Sunglasses,Gentleman Hat,Snow Top Coffee
Lavender,Globe Shell,Green,Calm,Pigeon Tee,Smiley Mask,Gentleman Hat,Transparent Latte Cup
Light Sea,Winged Shell,Green,Naughty,Skull Brand Tee A,Watchmaker Loupe,Gentleman Hat,Espresso Cup
Wheat,Fossil Vivet Shell,Green,Relaxed,Khaki Tee with Pocket,Flying Goggles,Gentleman Hat,Espresso Cup
Burly Wood,Basic Shell Blue,Green,Charming,Pigeon Tee,Medical Mask,Gentleman Hat,Purple Mug
Wheat,Steel Vivet Shell,Green,Obsessed,Zodiac Tee,Unravel Mask,none,Odd Shape Cup
Burly Wood,Globe Shell,Green,Kawaii,Apron,N95 Mask,Gentleman Hat,Blue Label Takeaway
Steel Blue,Basic Shell Yellow,Green,Obsessed,Cactus Tee,Smiley Mask,Gentleman Hat,Purple Mug
Light Sea,Diamond Shell,Green,Relaxed,Stripped Tee,Tobacco Pipe,Gentleman Hat,Wooden Cup
Steel Blue,Honey Jar Shell,Green,Obsessed,Tee with Smiley,Black Sunglasses,Gentleman Hat,Green Label Takeaway
Burly Wood,Cyberpunk Shell,Green,Kawaii,Peace Tee,Hypnotic Glasses,Gentleman Hat,Espresso Cup
Purple Grey,Fossil Vivet Shell,Green,Charming,Burning Logo Black Tee,Band Aid,Gentleman Hat,Iced Coffee Takeaway
Light Green,Fire Shell,Green,Naughty,Chess Board Tee,Flying Goggles,Gentleman Hat,Cyberpunk Cup
Burly Wood,Mushroom Shell,Green,Charming,LOL Tee,Long Beard,Gentleman Hat,Blue Mug
Steel Blue,Magma Shell,Green,Obsessed,Crema Sweater B&O,Flying Goggles,Gentleman Hat,Wooden Cup
Steel Blue,Globe Shell,Green,Relaxed,Apron,Masquerade Mask,Gentleman Hat,Round Glass
Wheat,Honey Jar Shell,Green,Wink,Striped Square Tee,Lipstick Print,none,Cyberpunk Cup
Light Sea,Factory Shell,Green,Charming,Tee with Bear,Tobacco Pipe,Gentleman Hat,Cookie Cup
Purple Grey,Polygon Armor Shell,Green,Calm,Cactus Tee,Respirator Gamma,Gentleman Hat,Iced Coffee Takeaway
Light Sea,Triangle Armor Shell,Green,Calm,Green Sweater,Unravel Mask,Gentleman Hat,Wooden Cup
Burly Wood,Digital Shell,Green,Charming,Crema Sweater Landscape,Lipstick Print,Gentleman Hat,Keep Cup
Light Blue,Winged Shell,Green,Naughty,Khaki Tee with Pocket,Respirator Gamma,Gentleman Hat,Odd Shape Cup
Light Grey,Honey Jar Shell,Green,Obsessed,Cactus Tee,Watchmaker Loupe,Gentleman Hat,Takeaway Cup
Light Grey,Diamond Shell,Green,Wink,Skull Brand Tee A,none,Gentleman Hat,Takeaway Cup
Light Green,Cyberpunk Shell,Green,Naughty,Skull Brand Tee B,Watchmaker Loupe,Gentleman Hat,Snow Top Coffee
Burly Wood,Basic Shell Yellow,Green,Wink,Burning Logo White Tee,Smiley Mask,Gentleman Hat,Keep Cup
Light Green,Scale Armor Shell,Green,Naughty,Comet Brand Tee,Flying Goggles,Gentleman Hat,Blue Label Takeaway
Light Blue,Basic Shell Green,Green,Charming,Skull Brand Tee B,Hypnotic Glasses,Gentleman Hat,Espresso Cup
Lavender,Watermelon Shell,Green,Kawaii,Tee with Bear,Gold Round Frame Glasses,Gentleman Hat,Wooden Cup
Steel Blue,Iced Shell,Green,Kawaii,Overalls,Medical Mask,Gentleman Hat,Odd Shape Cup
Steel Blue,Factory Shell,Green,Kawaii,Astronaut Tee,Gold Round Frame Glasses,Gentleman Hat,Iced Coffee Takeaway
Light Grey,Sawtooth Armor Shell,Green,Charming,Crema Sweater Landscape,Tobacco Pipe,Gentleman Hat,Snow Top Coffee
Light Sea,Factory Shell,Green,Kawaii,Film Photo Tee,Hypnotic Glasses,Gentleman Hat,Espresso Cup
Burly Wood,Magma Shell,Green,Charming,Skull Brand Tee B,Heart Shaped Glasses,Gentleman Hat,Iced Coffee Takeaway
Light Green,Basic Shell Grey,Green,Calm,Green Sweater,Tobacco Pipe,Gentleman Hat,Green Label Takeaway
Steel Blue,Basic Shell Green,Green,Wink,Chess Board Tee,N95 Mask,Gentleman Hat,Striped Latte Cup
Light Grey,Fossil Vivet Shell,Green,Naughty,Ripped Tee,Single-eye Gauze,Gentleman Hat,Iced Coffee Takeaway
Light Green,Diamond Shell,Green,Wink,Astronaut Tee,Flying Goggles,Gentleman Hat,High Glass
Light Green,Cyberpunk Shell,Green,Charming,Tee with Smiley,Flying Goggles,Gentleman Hat,Green Label Takeaway
Light Blue,Watermelon Shell,Green,Kawaii,Film Photo Tee,High Tech Glasses,Gentleman Hat,Cyberpunk Cup
Lavender,Basic Shell Pink,Green,Charming,Overalls,Respirator Gamma,Gentleman Hat,Striped Latte Cup
Wheat,Factory Shell,Green,Kawaii,Stripped Tee,Watchmaker Loupe,Gentleman Hat,Espresso Cup
Wheat,Steel Vivet Shell,Green,Kawaii,Striped Square Tee,Flying Goggles,Gentleman Hat,Blue Label Takeaway
Burly Wood,Fire Shell,Green,Relaxed,Flame Tee,Long Beard,Gentleman Hat,Thermos Cup
Light Grey,Basic Shell Green,Green,Obsessed,Stripped Tee,Long Beard,Gentleman Hat,Purple Mug
Light Blue,Globe Shell,Green,Naughty,Mist Square Tee,N95 Mask,none,Green Label Takeaway
Light Sea,Winged Shell,Green,Wink,Green Sweater,Masquerade Mask,Gentleman Hat,Wooden Cup
Burly Wood,Sawtooth Armor Shell,Green,Calm,Crema Sweater B&O,Flying Goggles,Gentleman Hat,Striped Latte Cup
Light Grey,Honey Jar Shell,Green,Kawaii,Stripped Tee,High Tech Glasses,Gentleman Hat,Round Glass
Light Sea,Basic Shell Yellow,Green,Wink,Film Photo Tee,N95 Mask,Gentleman Hat,High Glass
Light Green,Iced Shell,Green,Wink,Mist Square Tee,Metal Binoculars,Gentleman Hat,Blue Label Takeaway
Light Sea,Watermelon Shell,Green,Naughty,Film Photo Tee,Masquerade Mask,Gentleman Hat,Cyberpunk Cup
Purple Grey,Fossil Vivet Shell,Green,Relaxed,Cactus Tee,Masking Cloth,Gentleman Hat,Wooden Cup
Light Sea,Factory Shell,Green,Wink,Astronaut Tee,Flying Goggles,Gentleman Hat,Round Glass
Light Sea,Basic Shell Yellow,Green,Kawaii,Tee with Bull,High Tech Glasses,Gentleman Hat,Striped Latte Cup
