Light Sea,Triangle Armor Shell,Green,Charming,Wasteland Clothing,Metal Binoculars,Gentleman Hat,Wooden Cup
Lavender,Triangle Armor Shell,Green,Kawaii,Priest Outfit,Lipstick Print,Gentleman Hat,Thermos Cup
Light Sea,Mushroom Shell,Green,Charming,Film Photo Tee,none,Gentleman Hat,Iced Coffee Takeaway
Light Grey,Scale Armor Shell,Green,Calm,Khaki Outer Shirt,Medical Mask,Gentleman Hat,Horn Cup
Purple Grey,Digital Shell,Green,Wink,Turtleneck Hoodie,Respirator Beta,Gentleman Hat,Cyberpunk Cup
Lavender,Fire Shell,Green,Charming,Striped Square Tee,Gold Round Frame Glasses,Gentleman Hat,Wooden Cup
Lavender,Globe Shell,Green,Wink,Zodiac Tee,High Tech Glasses,none,Odd Shape Cup
Lavender,Fire Shell,Green,Naughty,Green Suit,Black Sunglasses,none,Iced Coffee Takeaway
Wheat,Digital Shell,Green,Calm,Black Suit,High Tech Glasses,Gentleman Hat,Green Mug
Purple Grey,Polygon Armor Shell,Green,Charming,Fur Coat,Respirator Beta,Gentleman Hat,Thermos Cup
Wheat,Triangle Armor Shell,Green,Wink,Wasteland Clothing,Black Sunglasses,none,Cyberpunk Cup
Lavender,Fire Shell,Green,Charming,Chess Board Tee,Electronic Eye,Gentleman Hat,Purple Mug
Light Grey,Basic Shell Blue,Green,Naughty,Zodiac Tee,Respirator Gamma,Gentleman Hat,Green Label Takeaway
Burly Wood,Digital Shell,Green,Charming,Green Sweater,Masking Cloth,none,Keep Cup
Light Grey,Watermelon Shell,Green,Charming,Stripped Tee,none,none,Green Mug
Light Green,Mushroom Shell,Green,Kawaii,Ripped Tee,High Tech Glasses,none,Round Glass
Light Green,Sawtooth Armor Shell,Green,Naughty,Khaki Tee with Pocket,Respirator Beta,Gentleman Hat,Espresso Cup
Light Green,Digital Shell,Green,Relaxed,Burning Logo White Tee,Electronic Eye,none,Iced Coffee Takeaway
Lavender,Magma Shell,Green,Relaxed,Flower Casual Shirt,Heart Shaped Glasses,none,Odd Shape Cup
Steel Blue,Fossil Vivet Shell,Green,Wink,Grey Blue Suit,none,Gentleman Hat,Green Label Takeaway
Burly Wood,Polygon Armor Shell,Green,Naughty,Red Patterned Sweater,High Tech Glasses,Gentleman Hat,Keep Cup
Wheat,Basic Shell Yellow,Green,Kawaii,Leaf Casual Shirt,Masking Cloth,Gentleman Hat,Horn Cup
Light Sea,Honey Jar Shell,Green,Relaxed,Green Suit,Band Aid,Gentleman Hat,Transparent Latte Cup
Purple Grey,Mushroom Shell,Green,Wink,Crema Sweater B&O,Respirator Gamma,none,High Glass
Light Sea,Basic Shell Blue,Green,Relaxed,Khaki Outer Shirt,Gauze,Gentleman Hat,Thermos Cup
Light Sea,Winged Shell,Green,Charming,Prom Dress Black&Red,Hypnotic Glasses,Gentleman Hat,Cookie Cup
Steel Blue,Factory Shell,Green,Naughty,Chess Board Tee,Unravel Mask,none,Cookie Cup
Light Sea,Fire Shell,Green,Wink,Flame Tee,Electronic Eye,none,Iced Coffee Takeaway
Burly Wood,Watermelon Shell,Green,Obsessed,White Outer Shirt,none,Gentleman Hat,Green Mug
Light Grey,Basic Shell Blue,Green,Calm,Striped Square Tee,Respirator Beta,none,Green Label Takeaway
Light Blue,Polygon Armor Shell,Green,Calm,Jacket,Electronic Eye,none,Crema Latte Cup
Light Green,Magma Shell,Green,Naughty,Black Banquet Suit,Heart Shaped Glasses,none,Iced Coffee Takeaway
Burly Wood,Sawtooth Armor Shell,Green,Obsessed,Khaki Tee with Pocket,Brown Sunglasses,Gentleman Hat,Snow Top Coffee
Light Grey,Scale Armor Shell,Green,Obsessed,Cactus Tee,Metal Binoculars,none,Odd Shape Cup
Light Green,Lego Shell,Green,Naughty,Peace Tee,Respirator Gamma,Gentleman Hat,Odd Shape Cup
Wheat,Basic Shell Green,Green,Kawaii,Mist Square Tee,Flying Goggles,none,Green Mug
Light Green,Magma Shell,Green,Kawaii,Red Patterned Sweater,Flying Goggles,none,Purple Mug
Lavender,Steel Vivet Shell,Green,Obsessed,Flower Casual Shirt,High Tech Glasses,none,Iced Coffee Takeaway
Wheat,Winged Shell,Green,Wink,White Outer Shirt,Brown Sunglasses,none,Transparent Latte Cup
Light Sea,Steel Vivet Shell,Green,Relaxed,Khaki Outer Shirt,Masking Cloth,Gentleman Hat,Horn Cup
Lavender,Winged Shell,Green,Charming,Stripped Tee,Brown Sunglasses,Gentleman Hat,Espresso Cup
Steel Blue,Digital Shell,Green,Obsessed,Jacket,Metal Binoculars,Gentleman Hat,Takeaway Cup
Light Sea,Globe Shell,Green,Kawaii,Astronaut Tee,Tobacco Pipe,none,Takeaway Cup
Light Grey,Steel Vivet Shell,Green,Kawaii,Khaki Outer Shirt,High Tech Glasses,none,Takeaway Cup
Light Blue,Polygon Armor Shell,Green,Calm,Turtleneck Sweater,Long Beard,none,Odd Shape Cup
Wheat,Basic Shell Green,Green,Charming,Rivet Jacket,Gold Round Frame Glasses,Gentleman Hat,High Glass
Burly Wood,Fire Shell,Green,Naughty,Pink Shirt with Pockets,Hypnotic Glasses,none,Green Mug
Lavender,Basic Shell Yellow,Green,Naughty,Wasteland Clothing,Unravel Mask,Gentleman Hat,Cookie Cup
Light Grey,Iced Shell,Green,Relaxed,Green Suit,Gold Round Frame Glasses,Gentleman Hat,Cyberpunk Cup
Light Blue,Honey Jar Shell,Green,Charming,B&W Contrast Sweater,Tobacco Pipe,Gentleman Hat,Blue Label Takeaway
Light Sea,Scale Armor Shell,Green,Relaxed,Film Photo Tee,Respirator Gamma,Gentleman Hat,Purple Mug
Light Grey,Honey Jar Shell,Green,Obsessed,Mist Square Tee,Heart Shaped Glasses,Gentleman Hat,Wooden Cup
Light Sea,Honey Jar Shell,Green,Obsessed,Wasteland Clothing,Black Sunglasses,none,Green Mug
Light Sea,Factory Shell,Green,Calm,Striped Outer Shirt,Respirator Gamma,Gentleman Hat,Green Mug
Light Green,Basic Shell Blue,Green,Kawaii,Green Sweater,Smiley Mask,none,Cyberpunk Cup
Steel Blue,Fire Shell,Green,Calm,Priest Outfit,Masking Cloth,none,Green Label Takeaway
Light Grey,Iced Shell,Green,Calm,Comet Brand Tee,Respirator Beta,none,Blue Label Takeaway
Light Blue,Fire Shell,Green,Calm,Fur Coat,Respirator Beta,none,Green Label Takeaway
Light Green,Watermelon Shell,Green,Wink,Chequered Shirt,N95 Mask,Gentleman Hat,Striped Latte Cup
Lavender,Sawtooth Armor Shell,Green,Obsessed,Apron,High Tech Glasses,Gentleman Hat,Blue Mug
Burly Wood,Globe Shell,Green,Charming,Grey Palette Sweater,Electronic Eye,Gentleman Hat,Cyberpunk Cup
Light Blue,Basic Shell Pink,Green,Naughty,Khaki Outer Shirt,Gold Round Frame Glasses,none,Cookie Cup
Wheat,Scale Armor Shell,Green,Relaxed,Striped Outer Shirt,Unravel Mask,Gentleman Hat,High Glass
Steel Blue,Triangle Armor Shell,Green,Obsessed,Wasteland Clothing,Hypnotic Glasses,Gentleman Hat,Snow Top Coffee
Light Green,Diamond Shell,Green,Obsessed,Mist Square Tee,Respirator Gamma,Gentleman Hat,Purple Mug
Light Blue,Cyberpunk Shell,Green,Calm,Priest Outfit,Medical Mask,Gentleman Hat,Green Label Takeaway
Light Blue,Digital Shell,Green,Charming,Turtleneck Hoodie,Lipstick Print,none,Iced Coffee Takeaway
Wheat,Basic Shell Pink,Green,Naughty,Turtleneck Hoodie,Masquerade Mask,Gentleman Hat,Transparent Latte Cup
Light Green,Iced Shell,Green,Calm,Tee with Bear,none,none,Snow Top Coffee
Purple Grey,Basic Shell Green,Green,Kawaii,Burning Logo Hoodie,Respirator Gamma,Gentleman Hat,Horn Cup
Wheat,Fossil Vivet Shell,Green,Wink,Chess Board Tee,Watchmaker Loupe,none,Cookie Cup
Light Blue,Mushroom Shell,Green,Kawaii,Green Sweater,Masking Cloth,Gentleman Hat,Keep Cup
Wheat,Globe Shell,Green,Calm,Flower Casual Shirt,Respirator Gamma,Gentleman Hat,Odd Shape Cup
Light Blue,Winged Shell,Green,Wink,Zodiac Tee,Hypnotic Glasses,Gentleman Hat,Takeaway Cup
Light Grey,Sawtooth Armor Shell,Green,Relaxed,Cactus Tee,Brown Sunglasses,none,Wooden Cup
Light Green,Fire Shell,Green,Obsessed,Clown Costume,Masking Cloth,Gentleman Hat,Blue Mug
Light Blue,Basic Shell Blue,Green,Obsessed,Black Banquet Suit,Star Shaped Glasses,Gentleman Hat,Cookie Cup
Light Blue,Polygon Armor Shell,Green,Calm,Fur Coat,Medical Mask,Gentleman Hat,Takeaway Cup
Lavender,Basic Shell Green,Green,Naughty,Peace Tee,Brown Sunglasses,Gentleman Hat,Blue Mug
Steel Blue,Fire Shell,Green,Wink,Burning Logo Black Tee,Masking Cloth,Gentleman Hat,High Glass
Lavender,Sawtooth Armor Shell,Green,Wink,Tree Casual Shirt,Star Shaped Glasses,none,Round Glass
Light Green,Digital Shell,Green,Naughty,Film Photo Tee,Masquerade Mask,Gentleman Hat,Purple Mug
Burly Wood,Cyberpunk Shell,Green,Charming,Film Photo Tee,Masquerade Mask,Gentleman Hat,Transparent Latte Cup
Burly Wood,Steel Vivet Shell,Green,Naughty,Grey Palette Sweater,Black Sunglasses,none,Cookie Cup
Steel Blue,Watermelon Shell,Green,Calm,Peace Tee,Masking Cloth,none,Snow Top Coffee
Light Blue,Fire Shell,Green,Relaxed,Black Banquet Suit,Star Shaped Glasses,Gentleman Hat,Transparent Latte Cup
Burly Wood,Factory Shell,Green,Naughty,Pink Shirt with Pockets,Heart Shaped Glasses,none,High Glass
Light Sea,Winged Shell,Green,Naughty,Flower Casual Shirt,N95 Mask,none,Wooden Cup
Light Sea,Basic Shell Grey,Green,Obsessed,Zodiac Tee,Lipstick Print,Gentleman Hat,Horn Cup
Light Blue,Basic Shell Grey,Green,Charming,Tee with Bear,Respirator Gamma,Gentleman Hat,High Glass
Light Blue,Digital Shell,Green,Charming,Leaf Casual Shirt,Flying Goggles,none,Crema Latte Cup
Lavender,Basic Shell Yellow,Green,Kawaii,Tee with Smiley,Respirator Beta,none,Striped Latte Cup
Light Sea,Winged Shell,Green,Kawaii,Khaki Outer Shirt,Flying Goggles,Gentleman Hat,Cyberpunk Cup
Steel Blue,Winged Shell,Green,Kawaii,Chess Board Tee,none,Gentleman Hat,Odd Shape Cup
Wheat,Honey Jar Shell,Green,Calm,Tee with Smiley,Band Aid,none,Odd Shape Cup
Light Grey,Scale Armor Shell,Green,Naughty,Peace Tee,Flying Goggles,none,Cookie Cup
Light Blue,Fire Shell,Green,Charming,Priest Outfit,Star Shaped Glasses,Gentleman Hat,Thermos Cup
Lavender,Scale Armor Shell,Green,Calm,Clown Costume,High Tech Glasses,Gentleman Hat,Blue Mug
Wheat,Triangle Armor Shell,Green,Wink,Wasteland Clothing,Heart Shaped Glasses,none,Takeaway Cup
Burly Wood,Basic Shell Blue,Green,Naughty,Film Photo Tee,N95 Mask,Gentleman Hat,Striped Latte Cup
