Wheat,Scale Armor Shell,Green,Naughty,Basketball Jersey,Winged Headphone,Hypnotic Glasses,Takeaway Cup
Light Green,Watermelon Shell,Green,Obsessed,Zodiac Tee,Winged Headphone,Star Shaped Glasses,Wooden Cup
Purple Grey,Diamond Shell,Green,Charming,Priest Outfit,Headphone,Lightning Glasses,Thermos Cup
Purple Grey,Wok Shell,Green,Charming,Astronaut Tee,Winged Headphone,Hypnotic Glasses,Purple Mug
Burly Wood,Fire Shell,Green,Obsessed,Grey Palette Sweater,Winged Headphone,Watchmaker Loupe 12.13.24,Blue Label Takeaway
Purple Grey,Watermelon Shell,Green,Calm,Overalls,Winged Headphone,Watchmaker Loupe 12.13.24,Horn Cup
Light Green,Mushroom Shell,Green,Naughty,Grey Short Sleeve Shirt,High Tech Headphone,Hypnotic Glasses,Takeaway Cup
Burly Wood,Mushroom Shell,Green,Obsessed,Apron,High Tech Headphone,Lightning Glasses,Iced Coffee Takeaway
Light Sea,Globe Shell,Green,Wink,Cactus Tee,Winged Headphone,Watchmaker Loupe 12.13.24,Odd Shape Cup
Wheat,Wok Shell,Green,Naughty,Priest Outfit,Winged Headphone,Star Shaped Glasses,Green Mug
Light Sea,Basic Shell Yellow,Green,Naughty,Chequered Shirt,High Tech Headphone,Star Shaped Glasses,Takeaway Cup
Steel Blue,Winged Shell,Green,Calm,Peace Tee,Headphone,Hypnotic Glasses,Snow Top Coffee
Lavender,Honey Jar Shell,Green,Charming,Camouflage Tee,Headphone,Lightning Glasses,Wooden Cup
Light Blue,Polygon Armor Shell,Green,Calm,Jacket,Bunny Ears,Watchmaker Loupe 12.13.24,Odd Shape Cup
Steel Blue,Lego Shell,Green,Kawaii,Racing Suit,Bunny Ears,Lightning Glasses,Striped Latte Cup
Lavender,Globe Shell,Green,Charming,Down Jacket,Headphone,Watchmaker Loupe 12.13.24,Blue Label Takeaway
Lavender,Cyberpunk Shell,Green,Charming,Vintage Suit,High Tech Headphone,Hypnotic Glasses,Cookie Cup
Steel Blue,Triangle Armor Shell,Green,Relaxed,Turtleneck Hoodie,Winged Headphone,Watchmaker Loupe 12.13.24,Thermos Cup
Light Green,Basic Shell Blue,Green,Charming,LOL Tee,Headphone,Star Shaped Glasses,Takeaway Cup
Burly Wood,Magma Shell,Green,Relaxed,Crema Sweater B&O,Headphone,Lightning Glasses,Wooden Cup
Light Green,Lego Shell,Green,Kawaii,Triangle Yellow Sweater,Bunny Ears,Hypnotic Glasses,Cookie Cup
Burly Wood,Cyberpunk Shell,Green,Charming,Racing Suit,Winged Headphone,Hypnotic Glasses,Blue Label Takeaway
Light Grey,Digital Shell,Green,Relaxed,Chess Board Tee,Headphone,Hypnotic Glasses,Crema Latte Cup
Lavender,Steel Vivet Shell,Green,Naughty,Khaki Outer Shirt,Headphone,Hypnotic Glasses,Wooden Cup
Light Blue,Watermelon Shell,Green,Naughty,Grey Palette Sweater,Winged Headphone,Hypnotic Glasses,Blue Mug
Light Blue,Iced Shell,Green,Wink,Animal Emoji Sweater,Winged Headphone,Hypnotic Glasses,Espresso Cup
Light Green,Fossil Vivet Shell,Green,Obsessed,Striped Block Tee,Headphone,Hypnotic Glasses,High Glass
Light Sea,Sawtooth Armor Shell,Green,Charming,Film Photo Tee,Winged Headphone,Hypnotic Glasses,Horn Cup
Wheat,Watermelon Shell,Green,Charming,Striped Square Tee,Bunny Ears,Hypnotic Glasses,Horn Cup
Light Grey,Basic Shell Yellow,Green,Wink,Camouflage Tee,Winged Headphone,Hypnotic Glasses,Takeaway Cup
Light Blue,Globe Shell,Green,Obsessed,Prom Dress Black&Red,Winged Headphone,Hypnotic Glasses,Snow Top Coffee
Light Grey,Triangle Armor Shell,Green,Relaxed,Chequered Shirt,Winged Headphone,Lightning Glasses,Striped Latte Cup
Light Blue,Scale Armor Shell,Green,Kawaii,Tee with Bear,High Tech Headphone,Lightning Glasses,Cookie Cup
Light Sea,Scale Armor Shell,Green,Relaxed,B&W Contrast Sweater,Winged Headphone,Star Shaped Glasses,Thermos Cup
Lavender,Steel Vivet Shell,Green,Charming,Jacket,Headphone,Star Shaped Glasses,Green Label Takeaway
Light Blue,Honey Jar Shell,Green,Calm,LOL Tee,Winged Headphone,Watchmaker Loupe 12.13.24,Snow Top Coffee
Light Grey,Cyberpunk Shell,Green,Calm,Turtleneck Sweater,Winged Headphone,Lightning Glasses,Espresso Cup
Wheat,Watermelon Shell,Green,Charming,Striped Outer Shirt,Winged Headphone,Lightning Glasses,Cyberpunk Cup
Wheat,Watermelon Shell,Green,Kawaii,LOL Tee,Bunny Ears,Lightning Glasses,Thermos Cup
Light Sea,Basic Shell Green,Green,Wink,Flower Casual Shirt,High Tech Headphone,Watchmaker Loupe 12.13.24,Blue Mug
Light Grey,Lego Shell,Green,Calm,Mist Square Tee,Winged Headphone,Hypnotic Glasses,Striped Latte Cup
Light Green,Basic Shell Grey,Green,Naughty,Burning Logo White Tee,Bunny Ears,Lightning Glasses,Cyberpunk Cup
Purple Grey,Basic Shell Blue,Green,Calm,Vintage Suit,Winged Headphone,Star Shaped Glasses,Cookie Cup
Wheat,Sawtooth Armor Shell,Green,Calm,Grey Palette Sweater,Headphone,Hypnotic Glasses,Espresso Cup
Steel Blue,Iced Shell,Green,Obsessed,Peace Tee,Bunny Ears,Watchmaker Loupe 12.13.24,Wooden Cup
Lavender,Basic Shell Blue,Green,Charming,Flame Tee,Headphone,Hypnotic Glasses,Blue Mug
Light Blue,Fossil Vivet Shell,Green,Kawaii,Stripped Tee,Bunny Ears,Hypnotic Glasses,Thermos Cup
Lavender,Factory Shell,Green,Obsessed,Tee with Bear,Bunny Ears,Hypnotic Glasses,Round Glass
Steel Blue,Fire Shell,Green,Kawaii,Flame Tee,Winged Headphone,Watchmaker Loupe 12.13.24,Iced Coffee Takeaway
Steel Blue,Basic Shell Green,Green,Obsessed,Skull Brand Tee B,Winged Headphone,Hypnotic Glasses,Cookie Cup
Light Blue,Watermelon Shell,Green,Wink,Apron,High Tech Headphone,Hypnotic Glasses,Blue Mug
Light Grey,Basic Shell Yellow,Green,Kawaii,White Outer Shirt,High Tech Headphone,Lightning Glasses,Green Label Takeaway
Steel Blue,Digital Shell,Green,Obsessed,Tee with Bear,Headphone,Star Shaped Glasses,Espresso Cup
Purple Grey,Basic Shell Grey,Green,Charming,Peace Tee,Winged Headphone,Watchmaker Loupe 12.13.24,Horn Cup
Light Green,Magma Shell,Green,Charming,Turtleneck Hoodie,Bunny Ears,Hypnotic Glasses,Keep Cup
Light Green,Cyberpunk Shell,Green,Charming,Fur Coat,Winged Headphone,Lightning Glasses,Horn Cup
Wheat,Steel Vivet Shell,Green,Relaxed,Crema Sweater B&O,Winged Headphone,Star Shaped Glasses,Cookie Cup
Light Sea,Watermelon Shell,Green,Kawaii,Burning Logo Black Tee,Winged Headphone,Lightning Glasses,Wooden Cup
Lavender,Factory Shell,Green,Wink,Down Jacket,Winged Headphone,Lightning Glasses,Keep Cup
Burly Wood,Basic Shell Grey,Green,Charming,Burning Logo Black Tee,Headphone,Hypnotic Glasses,Keep Cup
Light Blue,Factory Shell,Green,Naughty,Tee with Smiley,High Tech Headphone,Hypnotic Glasses,Blue Mug
Light Green,Iced Shell,Green,Relaxed,Racing Suit,Headphone,Lightning Glasses,Iced Coffee Takeaway
Light Grey,Steel Vivet Shell,Green,Calm,Triangle Yellow Sweater,Winged Headphone,Star Shaped Glasses,Crema Latte Cup
Steel Blue,Fire Shell,Green,Wink,Jacket,Bunny Ears,Lightning Glasses,Blue Label Takeaway
Light Grey,Basic Shell Blue,Green,Charming,Grey Tee,Bunny Ears,Star Shaped Glasses,Cyberpunk Cup
Burly Wood,Diamond Shell,Green,Wink,Red Hoodie,Headphone,Watchmaker Loupe 12.13.24,Keep Cup
Light Blue,Lego Shell,Green,Calm,Vintage Suit,Winged Headphone,Lightning Glasses,Cyberpunk Cup
Burly Wood,Basic Shell Blue,Green,Charming,Film Photo Tee,Headphone,Watchmaker Loupe 12.13.24,Green Mug
Light Grey,Iced Shell,Green,Naughty,Rivet Jacket,High Tech Headphone,Hypnotic Glasses,Espresso Cup
Light Grey,Lego Shell,Green,Wink,Turtleneck Hoodie,Winged Headphone,Hypnotic Glasses,Keep Cup
Purple Grey,Scale Armor Shell,Green,Relaxed,Camouflage Tee,High Tech Headphone,Lightning Glasses,Iced Coffee Takeaway
Burly Wood,Magma Shell,Green,Charming,Leaf Casual Shirt,Headphone,Star Shaped Glasses,Keep Cup
Steel Blue,Iced Shell,Green,Wink,Striped Square Tee,Headphone,Lightning Glasses,Green Label Takeaway
Light Green,Factory Shell,Green,Relaxed,Camouflage Coat,Bunny Ears,Hypnotic Glasses,Green Label Takeaway
Light Sea,Basic Shell Green,Green,Obsessed,Jacket,Headphone,Watchmaker Loupe 12.13.24,Keep Cup
Lavender,Diamond Shell,Green,Naughty,Striped Square Tee,Winged Headphone,Watchmaker Loupe 12.13.24,Cyberpunk Cup
Wheat,Basic Shell Grey,Green,Obsessed,Racing Suit,Winged Headphone,Hypnotic Glasses,Green Mug
Light Grey,Digital Shell,Green,Wink,Crema Sweater B&O,Winged Headphone,Watchmaker Loupe 12.13.24,Round Glass
Burly Wood,Scale Armor Shell,Green,Naughty,Overalls,Winged Headphone,Star Shaped Glasses,Cyberpunk Cup
Steel Blue,Mushroom Shell,Green,Charming,White Outer Shirt,Bunny Ears,Hypnotic Glasses,Wooden Cup
Light Grey,Cyberpunk Shell,Green,Obsessed,Zodiac Tee,Winged Headphone,Watchmaker Loupe 12.13.24,Blue Mug
Light Grey,Digital Shell,Green,Naughty,Mist Square Tee,Winged Headphone,Star Shaped Glasses,Keep Cup
Lavender,Fire Shell,Green,Kawaii,LOL Tee,Winged Headphone,Hypnotic Glasses,Cookie Cup
Lavender,Lego Shell,Green,Kawaii,Racing Suit,Headphone,Star Shaped Glasses,Espresso Cup
Light Sea,Magma Shell,Green,Charming,Burning Logo Black Tee,High Tech Headphone,Watchmaker Loupe 12.13.24,Blue Mug
Wheat,Cyberpunk Shell,Green,Obsessed,Football Jersey,High Tech Headphone,Hypnotic Glasses,Keep Cup
Wheat,Basic Shell Grey,Green,Naughty,LOL Tee,Winged Headphone,Watchmaker Loupe 12.13.24,Green Label Takeaway
Steel Blue,Basic Shell Pink,Green,Charming,Comet Brand Tee,Bunny Ears,Lightning Glasses,Wooden Cup
Steel Blue,Scale Armor Shell,Green,Wink,Grey Palette Sweater,High Tech Headphone,Lightning Glasses,Blue Mug
Burly Wood,Basic Shell Green,Green,Charming,Tree Casual Shirt,Bunny Ears,Star Shaped Glasses,Odd Shape Cup
Light Blue,Lego Shell,Green,Calm,Turtleneck Hoodie,Winged Headphone,Hypnotic Glasses,High Glass
Light Green,Iced Shell,Green,Relaxed,Turtleneck Hoodie,High Tech Headphone,Lightning Glasses,Cookie Cup
Light Grey,Steel Vivet Shell,Green,Obsessed,Stripped Tee,Winged Headphone,Star Shaped Glasses,Green Mug
Light Sea,Honey Jar Shell,Green,Calm,Grey Palette Sweater,Winged Headphone,Watchmaker Loupe 12.13.24,Snow Top Coffee
Light Sea,Basic Shell Pink,Green,Naughty,Green Suit,High Tech Headphone,Hypnotic Glasses,Iced Coffee Takeaway
Burly Wood,Winged Shell,Green,Wink,Football Jersey,Winged Headphone,Star Shaped Glasses,Snow Top Coffee
Light Sea,Winged Shell,Green,Relaxed,Grey Short Sleeve Shirt,Winged Headphone,Lightning Glasses,Odd Shape Cup
Light Grey,Triangle Armor Shell,Green,Calm,Mist Square Tee,Bunny Ears,Watchmaker Loupe 12.13.24,Thermos Cup
Lavender,Magma Shell,Green,Charming,Burning Logo Hoodie,Winged Headphone,Hypnotic Glasses,Takeaway Cup
Light Sea,Basic Shell Yellow,Green,Naughty,Striped Square Tee,Bunny Ears,Lightning Glasses,Horn Cup
