Burly Wood,Triangle Armor Shell,Green,Obsessed,Ripped Tee,none,Metal Binoculars,Slicked Back,Purple Mug
Light Blue,Basic Shell Yellow,Green,Calm,Astronaut Tee,Camera,Masking Cloth,Slicked Back,Crema Latte Cup
Light Sea,Winged Shell,Green,Kawaii,Grey Tee,none,none,Slicked Back,Crema Latte Cup
Lavender,Wok Shell,Green,Clown,Skull Brand Tee B,none,Lipstick Print,Slicked Back,Takeaway Cup
Purple Grey,Fire Shell,Green,Calm,Spiderman Costume,none,Unravel Mask,Slicked Back,Keep Cup
Light Green,Iced Shell,Green,Wink,Burning Logo White Tee,Camera,Metal Binoculars,Demon Horns,Green Label Takeaway
Wheat,Basic Shell Blue,Green,Clown,B&W Contrast Sweater,Smart Watch,Gold Round Frame Glasses,Slicked Back,Striped Latte Cup
Wheat,Basic Shell Grey,Green,Relaxed,Ripped Tee,Camera,Masking Cloth,Slicked Back,Purple Mug
Burly Wood,Explorer Shell,Green,Clown,Grey Tee,none,Brown Sunglasses,Slicked Back,Snow Top Coffee
Steel Blue,Factory Shell,Green,Naughty,Camouflage Tee,Camera,Brown Sunglasses,Slicked Back,Blue Label Takeaway
Light Green,Diamond Shell,Green,Clown,LOL Tee,none,N95 Mask,Slicked Back,Thermos Cup
Light Grey,Wok Shell,Green,Kawaii,B&W Contrast Sweater,Camera,Brown Sunglasses,Slicked Back,Purple Mug
Light Sea,Explorer Shell,Green,Wink,Grey Tee,Camera,Long Beard,Slicked Back,Purple Mug
Wheat,Watermelon Shell,Green,Clown,Grey Palette Sweater,none,Long Beard,Slicked Back,Cyberpunk Cup
Steel Blue,Magma Shell,Green,Relaxed,Apron,Camera,none,Slicked Back,Cookie Cup
Wheat,Lego Shell,Green,Relaxed,Red Patterned Sweater,Smart Watch,Gold Round Frame Glasses,Slicked Back,Odd Shape Cup
Light Green,Magma Shell,Green,Kawaii,Crema Sweater B&O,Smart Watch,Black Sunglasses,Slicked Back,Green Mug
Light Sea,Winged Shell,Green,Clown,Priest Outfit,Smart Watch,Brown Sunglasses,Slicked Back,Green Mug
Burly Wood,Mushroom Shell,Green,Calm,Striped Square Tee,none,Gold Round Frame Glasses,Slicked Back,Takeaway Cup
Light Blue,Lego Shell,Green,Naughty,Spiderman Costume,Gold Watch,Long Beard,Slicked Back,Round Glass
Purple Grey,Fire Shell,Green,Kawaii,Grey Tee,none,Long Beard,Slicked Back,Green Label Takeaway
Light Grey,Basic Shell Blue,Green,Naughty,Flame Tee,Smart Watch,Brown Sunglasses,Slicked Back,Horn Cup
Burly Wood,Basic Shell Yellow,Green,Naughty,B&W Contrast Sweater,Silver Smiley Necklace,Long Beard,Slicked Back,Transparent Latte Cup
Light Grey,Mushroom Shell,Green,Calm,Khaki Tee with Pocket,Staff Badge,N95 Mask,Slicked Back,Iced Coffee Takeaway
Purple Grey,Basic Shell Pink,Green,Obsessed,Comet Brand Tee,Silver Smiley Necklace,Metal Binoculars,Slicked Back,Odd Shape Cup
Light Green,Diamond Shell,Green,Obsessed,Triangle Yellow Sweater,Gold Watch,Gold Round Frame Glasses,Slicked Back,Wooden Cup
Light Green,Magma Shell,Green,Calm,Striped Square Tee,Smart Watch,Long Beard,Slicked Back,Horn Cup
Lavender,Wok Shell,Green,Obsessed,Grey Tee,Camera,Respirator Gamma,Slicked Back,Cyberpunk Cup
Light Blue,Factory Shell,Green,Kawaii,Spiderman Costume,none,Black Sunglasses,Slicked Back,Purple Mug
Burly Wood,Winged Shell,Green,Naughty,Animal Emoji Sweater,none,Gold Round Frame Glasses,Slicked Back,Purple Mug
Steel Blue,Parallel Bars Shell,Green,Clown,Skull Brand Tee A,none,Unravel Mask,Slicked Back,Snow Top Coffee
Light Sea,Scale Armor Shell,Green,Relaxed,Peace Tee,Smart Watch,Lipstick Print,Slicked Back,Thermos Cup
Purple Grey,Factory Shell,Green,Wink,Skull Brand Tee B,Smart Watch,Tobacco Pipe,Slicked Back,Espresso Cup
Wheat,Scale Armor Shell,Green,Calm,Priest Outfit,none,Unravel Mask,Slicked Back,Green Label Takeaway
Light Blue,Diamond Shell,Green,Wink,Zodiac Tee,none,Lipstick Print,Slicked Back,Green Label Takeaway
Light Sea,Honey Jar Shell,Green,Calm,Red Patterned Sweater,Staff Badge,Unravel Mask,Slicked Back,High Glass
Light Blue,Basic Shell Yellow,Green,Clown,Grey Palette Sweater,Camera,Long Beard,Slicked Back,Wooden Cup
Wheat,Polygon Armor Shell,Green,Relaxed,Flame Tee,Gold Watch,Gold Round Frame Glasses,Slicked Back,Blue Mug
Lavender,Polygon Armor Shell,Green,Calm,Film Photo Tee,Gold Watch,Metal Binoculars,Slicked Back,Thermos Cup
Light Blue,Cyberpunk Shell,Green,Calm,Khaki Tee with Pocket,Camera,Long Beard,Slicked Back,Cookie Cup
Light Sea,Polygon Armor Shell,Green,Kawaii,Grey Tee,Cross Necklace,Metal Binoculars,Slicked Back,Keep Cup
Lavender,Cyberpunk Shell,Green,Kawaii,Skull Brand Tee A,none,Unravel Mask,Slicked Back,Cookie Cup
Wheat,Parallel Bars Shell,Green,Calm,Tee with Bear,Gold Watch,Respirator Gamma,Slicked Back,Wooden Cup
Light Sea,Sawtooth Armor Shell,Green,Calm,Crema Sweater Landscape,Silver Smiley Necklace,none,Slicked Back,Purple Mug
Light Sea,Watermelon Shell,Green,Naughty,Grey Tee,Gold Watch,Black Sunglasses,Slicked Back,Keep Cup
Light Grey,Honey Jar Shell,Green,Naughty,Flame Tee,Camera,Metal Binoculars,Slicked Back,Thermos Cup
Light Green,Wok Shell,Green,Clown,Astronaut Tee,Gold Watch,Respirator Gamma,Slicked Back,Thermos Cup
Purple Grey,Magma Shell,Green,Calm,Stripped Tee,Camera,Masking Cloth,Slicked Back,Purple Mug
Steel Blue,Parallel Bars Shell,Green,Clown,Skull Brand Tee B,Gold Watch,Long Beard,Slicked Back,Purple Mug
Light Green,Fossil Vivet Shell,Green,Obsessed,Burning Logo White Tee,Camera,Lipstick Print,Slicked Back,Green Mug
Burly Wood,Sawtooth Armor Shell,Green,Wink,Overalls,Gold Watch,Long Beard,Slicked Back,Purple Mug
Light Green,Explorer Shell,Green,Calm,Burning Logo Black Tee,Smart Watch,Unravel Mask,Slicked Back,Takeaway Cup
Light Blue,Lego Shell,Green,Calm,Burning Logo Black Tee,none,Unravel Mask,Slicked Back,Cookie Cup
Steel Blue,Explorer Shell,Green,Obsessed,Triangle Yellow Sweater,Gold Watch,Masking Cloth,Slicked Back,Green Label Takeaway
Light Sea,Steel Vivet Shell,Green,Wink,Red Patterned Sweater,none,Brown Sunglasses,Slicked Back,Round Glass
Light Blue,Digital Shell,Green,Obsessed,Grey Tee,Staff Badge,Respirator Gamma,Slicked Back,Blue Label Takeaway
Light Sea,Globe Shell,Green,Naughty,Grey Palette Sweater,Gold Watch,Metal Binoculars,Demon Horns,Keep Cup
Burly Wood,Honey Jar Shell,Green,Naughty,Peace Tee,none,Gold Round Frame Glasses,Slicked Back,Cyberpunk Cup
Burly Wood,Watermelon Shell,Green,Clown,Skull Brand Tee B,none,Respirator Gamma,Slicked Back,Cookie Cup
Wheat,Basic Shell Green,Green,Relaxed,Skull Brand Tee A,Silver Smiley Necklace,Tobacco Pipe,Slicked Back,Iced Coffee Takeaway
Steel Blue,Globe Shell,Green,Calm,Burning Logo Black Tee,Camera,N95 Mask,Slicked Back,Green Label Takeaway
Wheat,Digital Shell,Green,Clown,Striped Square Tee,Smart Watch,Masking Cloth,Slicked Back,High Glass
Light Sea,Cyberpunk Shell,Green,Kawaii,Pigeon Tee,none,Masking Cloth,Slicked Back,Round Glass
Light Sea,Steel Vivet Shell,Green,Relaxed,Green Sweater,none,Long Beard,Slicked Back,Iced Coffee Takeaway
Burly Wood,Fossil Vivet Shell,Green,Relaxed,Tee with Bull,none,Gold Round Frame Glasses,Slicked Back,Wooden Cup
Steel Blue,Fossil Vivet Shell,Green,Kawaii,Stripped Tee,Gold Watch,Gold Round Frame Glasses,Slicked Back,Takeaway Cup
Steel Blue,Basic Shell Yellow,Green,Wink,Burning Logo Black Tee,Camera,none,Slicked Back,Green Label Takeaway
Light Green,Lego Shell,Green,Naughty,Apron,Silver Smiley Necklace,Respirator Gamma,Slicked Back,Wooden Cup
Wheat,Explorer Shell,Green,Calm,Animal Emoji Sweater,Cross Necklace,N95 Mask,Slicked Back,Takeaway Cup
Wheat,Watermelon Shell,Green,Naughty,Crema Sweater B&O,Gold Watch,Brown Sunglasses,Slicked Back,Snow Top Coffee
Steel Blue,Basic Shell Green,Green,Relaxed,Skull Brand Tee A,Gold Watch,none,Slicked Back,Cyberpunk Cup
Light Grey,Digital Shell,Green,Relaxed,Mist Square Tee,Camera,Brown Sunglasses,Demon Horns,Round Glass
Light Green,Basic Shell Yellow,Green,Calm,Triangle Yellow Sweater,none,Gold Round Frame Glasses,Slicked Back,Crema Latte Cup
Burly Wood,Steel Vivet Shell,Green,Obsessed,Zodiac Tee,Camera,Metal Binoculars,Slicked Back,Green Mug
Wheat,Parallel Bars Shell,Green,Naughty,Cactus Tee,Staff Badge,Black Sunglasses,Slicked Back,Transparent Latte Cup
Light Blue,Globe Shell,Green,Wink,Priest Outfit,Smart Watch,Brown Sunglasses,Slicked Back,Crema Latte Cup
Light Blue,Lego Shell,Green,Obsessed,Apron,Smart Watch,Masking Cloth,Slicked Back,Iced Coffee Takeaway
Light Sea,Basic Shell Blue,Green,Relaxed,Animal Emoji Sweater,none,N95 Mask,Slicked Back,Green Label Takeaway
Light Blue,Basic Shell Green,Green,Clown,Triangle Yellow Sweater,Smart Watch,Brown Sunglasses,Slicked Back,Thermos Cup
Light Sea,Cyberpunk Shell,Green,Relaxed,Green Sweater,Camera,Lipstick Print,Slicked Back,Horn Cup
Lavender,Explorer Shell,Green,Clown,Tee with Smiley,Staff Badge,Masking Cloth,Slicked Back,Blue Mug
Light Blue,Iced Shell,Green,Calm,Zodiac Tee,Cross Necklace,Brown Sunglasses,Slicked Back,Thermos Cup
Light Blue,Basic Shell Yellow,Green,Wink,Skull Brand Tee B,none,Brown Sunglasses,Slicked Back,Blue Mug
Purple Grey,Cyberpunk Shell,Green,Calm,Zodiac Tee,Gold Watch,Brown Sunglasses,Demon Horns,Horn Cup
Light Blue,Basic Shell Grey,Green,Relaxed,Tee with Bull,none,Long Beard,Slicked Back,High Glass
Light Sea,Digital Shell,Green,Relaxed,Skull Brand Tee A,none,Gold Round Frame Glasses,Slicked Back,Green Mug
Burly Wood,Watermelon Shell,Green,Wink,Green Sweater,none,Brown Sunglasses,Slicked Back,Cookie Cup
Purple Grey,Basic Shell Pink,Green,Relaxed,Peace Tee,none,Brown Sunglasses,Slicked Back,Iced Coffee Takeaway
Wheat,Magma Shell,Green,Obsessed,Skull Brand Tee B,none,Masking Cloth,Slicked Back,Crema Latte Cup
Wheat,Thunder Shell,Green,Kawaii,Khaki Tee with Pocket,Gold Watch,Metal Binoculars,Slicked Back,Takeaway Cup
Light Grey,Thunder Shell,Green,Relaxed,Basketball Jersey,Gold Watch,Long Beard,Slicked Back,Crema Latte Cup
Purple Grey,Cyberpunk Shell,Green,Naughty,Skull Brand Tee B,none,Unravel Mask,Slicked Back,Round Glass
Lavender,Cyberpunk Shell,Green,Naughty,Pigeon Tee,Camera,Metal Binoculars,Slicked Back,Crema Latte Cup
Lavender,Basic Shell Grey,Green,Clown,Comet Brand Tee,Camera,Metal Binoculars,Slicked Back,High Glass
Light Green,Lego Shell,Green,Calm,Tee with Bull,Smart Watch,Brown Sunglasses,Slicked Back,Crema Latte Cup
Lavender,Magma Shell,Green,Calm,Green Sweater,Cross Necklace,Gold Round Frame Glasses,Slicked Back,Iced Coffee Takeaway
Light Green,Iced Shell,Green,Wink,Khaki Tee with Pocket,none,Respirator Gamma,Slicked Back,Cookie Cup
Burly Wood,Basic Shell Yellow,Green,Naughty,Astronaut Tee,Camera,Brown Sunglasses,Slicked Back,Purple Mug
Purple Grey,Globe Shell,Green,Naughty,Zodiac Tee,Camera,Brown Sunglasses,Slicked Back,Crema Latte Cup
Burly Wood,Magma Shell,Green,Kawaii,Crema Sweater Landscape,none,Unravel Mask,Slicked Back,Green Label Takeaway
