Light Sea,Fossil Vivet Shell,Green,Naughty,Astronaut Tee,none,none.1,Bicycle Helmet,Blue Label Takeaway
Light Blue,Magma Shell,Green,Relaxed,Striped Square Tee,Smart Watch,Band Aid,Bicycle Helmet,Keep Cup
Steel Blue,Fire Shell,Green,Charming,Mist Square Tee,Smart Watch,Band Aid,Bicycle Helmet,Espresso Cup
Wheat,Parallel Bars Shell,Green,Kawaii,Crema Sweater Landscape,Smart Watch,Band Aid,Bicycle Helmet,Round Glass
Steel Blue,Scale Armor Shell,Green,Wink,Zodiac Tee,Cross Necklace,none,Bicycle Helmet,Wooden Cup
Burly Wood,Wok Shell,Green,Obsessed,Pigeon Tee,Smart Watch,none,Bicycle Helmet,High Glass
Burly Wood,Wok Shell,Green,Obsessed,Basketball Jersey,Silver Smiley Necklace,none,Bicycle Helmet,Cookie Cup
Purple Grey,Basic Shell Green,Green,Charming,Flame Tee,Bracelet,none,Bicycle Helmet,Horn Cup
Steel Blue,Polygon Armor Shell,Green,Charming,B&W Contrast Sweater,Cross Necklace,Band Aid,Bicycle Helmet,High Glass
Steel Blue,Triangle Armor Shell,Green,Charming,Tee with Bull,Bracelet,none,Bicycle Helmet,Blue Mug
Light Grey,Fossil Vivet Shell,Green,Wink,Camouflage Tee,Staff Badge,Band Aid,Bicycle Helmet,Cyberpunk Cup
Purple Grey,Basic Shell Blue,Green,Obsessed,LOL Tee,Silver Smiley Necklace,none,Bicycle Helmet,Green Mug
Lavender,Lego Shell,Green,Obsessed,Striped Square Tee,Bracelet,Band Aid,Bicycle Helmet,Takeaway Cup
Lavender,Magma Shell,Green,Naughty,Animal Emoji Sweater,Staff Badge,none,Bicycle Helmet,Snow Top Coffee
Wheat,Digital Shell,Green,Relaxed,Overalls,Cross Necklace,none,Bicycle Helmet,Cookie Cup
Lavender,Cyberpunk Shell,Green,Calm,Apron,Staff Badge,Band Aid,Bicycle Helmet,Striped Latte Cup
Purple Grey,Basic Shell Grey,Green,Wink,B&W Contrast Sweater,Bracelet,Band Aid,Bicycle Helmet,Wooden Cup
Lavender,Sawtooth Armor Shell,Green,Obsessed,Grey Tee,Cross Necklace,none,Bicycle Helmet,Blue Label Takeaway
Purple Grey,Globe Shell,Green,Relaxed,Pigeon Tee,Staff Badge,Band Aid,Bicycle Helmet,Crema Latte Cup
Light Grey,Steel Vivet Shell,Green,Relaxed,Red Patterned Sweater,Cross Necklace,Band Aid,Bicycle Helmet,Purple Mug
Purple Grey,Explorer Shell,Green,Wink,Flame Tee,Gold Watch,none,Bicycle Helmet,Transparent Latte Cup
Purple Grey,Wok Shell,Green,Kawaii,Ripped Tee,Cross Necklace,none,Bicycle Helmet,Takeaway Cup
Burly Wood,Diamond Shell,Green,Wink,Tee with Bull,Silver Smiley Necklace,Band Aid,Bicycle Helmet,Horn Cup
Light Sea,Winged Shell,Green,Naughty,Film Photo Tee,Bracelet,Band Aid,Bicycle Helmet,Thermos Cup
Light Blue,Lego Shell,Green,Calm,Skull Brand Tee A,Gold Watch,Band Aid,Bicycle Helmet,Green Mug
Wheat,Basic Shell Green,Green,Obsessed,Khaki Tee with Pocket,Smart Watch,Band Aid,Bicycle Helmet,Keep Cup
Light Green,Basic Shell Pink,Green,Kawaii,Apron,Cross Necklace,none,Bicycle Helmet,Round Glass
Light Grey,Sawtooth Armor Shell,Green,Charming,Pigeon Tee,Cross Necklace,none,Bicycle Helmet,Thermos Cup
Light Grey,Polygon Armor Shell,Green,Obsessed,Basketball Jersey,Cross Necklace,Band Aid,Bicycle Helmet,Wooden Cup
Steel Blue,Triangle Armor Shell,Green,Kawaii,Apron,none,Band Aid,Bicycle Helmet,Wooden Cup
Light Green,Wok Shell,Green,Relaxed,Striped Square Tee,Bracelet,none,Bicycle Helmet,Iced Coffee Takeaway
Purple Grey,Globe Shell,Green,Calm,Grey Tee,none,none,Bicycle Helmet,Crema Latte Cup
Light Green,Digital Shell,Green,Wink,Triangle Yellow Sweater,Cross Necklace,Band Aid,Bicycle Helmet,Cookie Cup
Purple Grey,Cyberpunk Shell,Green,Obsessed,LOL Tee,none,none,Bicycle Helmet,Horn Cup
Light Blue,Lego Shell,Green,Relaxed,Overalls,Cross Necklace,Band Aid,Bicycle Helmet,Wooden Cup
Light Sea,Parallel Bars Shell,Green,Kawaii,Cactus Tee,none,Band Aid,Bicycle Helmet,Round Glass
Purple Grey,Diamond Shell,Green,Calm,Peace Tee,Cross Necklace,none,Bicycle Helmet,Cyberpunk Cup
Purple Grey,Diamond Shell,Green,Wink,Peace Tee,Smart Watch,Band Aid,Bicycle Helmet,Odd Shape Cup
Light Blue,Globe Shell,Green,Kawaii,Overalls,Silver Smiley Necklace,Band Aid,Bicycle Helmet,Striped Latte Cup
Light Sea,Cyberpunk Shell,Green,Naughty,Peace Tee,Cross Necklace,Band Aid,Bicycle Helmet,Cookie Cup
Light Green,Explorer Shell,Green,Wink,Triangle Yellow Sweater,Bracelet,Band Aid,Bicycle Helmet,Blue Mug
Light Sea,Fossil Vivet Shell,Green,Wink,Green Sweater,Cross Necklace,Band Aid,Bicycle Helmet,Keep Cup
Purple Grey,Magma Shell,Green,Calm,LOL Tee,Staff Badge,Band Aid,Bicycle Helmet,Green Mug
Light Green,Sawtooth Armor Shell,Green,Charming,Crema Sweater Landscape,Silver Smiley Necklace,Band Aid,Bicycle Helmet,Snow Top Coffee
Light Green,Digital Shell,Green,Obsessed,Stripped Tee,Silver Smiley Necklace,none,Bicycle Helmet,Keep Cup
Burly Wood,Basic Shell Yellow,Green,Calm,Pigeon Tee,Staff Badge,Band Aid,Bicycle Helmet,Blue Label Takeaway
Light Blue,Magma Shell,Green,Relaxed,Camouflage Tee,Cross Necklace,Band Aid,Bicycle Helmet,Cyberpunk Cup
Light Blue,Watermelon Shell,Green,Charming,B&W Contrast Sweater,none,none,Bicycle Helmet,Crema Latte Cup
Wheat,Steel Vivet Shell,Green,Charming,Astronaut Tee,none,Band Aid,Bicycle Helmet,Striped Latte Cup
Wheat,Magma Shell,Green,Obsessed,Animal Emoji Sweater,Cross Necklace,none,Bicycle Helmet,Striped Latte Cup
Light Sea,Basic Shell Yellow,Green,Obsessed,Peace Tee,Cross Necklace,none,Bicycle Helmet,Transparent Latte Cup
Light Sea,Watermelon Shell,Green,Obsessed,Chess Board Tee,Bracelet,Band Aid,Bicycle Helmet,Crema Latte Cup
Lavender,Diamond Shell,Green,Wink,Crema Sweater B&O,Staff Badge,none,Bicycle Helmet,Green Mug
Light Grey,Magma Shell,Green,Naughty,Astronaut Tee,Smart Watch,none,Bicycle Helmet,High Glass
Light Sea,Parallel Bars Shell,Green,Relaxed,Striped Square Tee,Silver Smiley Necklace,Band Aid,Bicycle Helmet,Cookie Cup
Light Green,Magma Shell,Green,Naughty,Striped Square Tee,Cross Necklace,Band Aid,Bicycle Helmet,Iced Coffee Takeaway
Steel Blue,Polygon Armor Shell,Green,Relaxed,B&W Contrast Sweater,Cross Necklace,Band Aid,Bicycle Helmet,Striped Latte Cup
Light Grey,Diamond Shell,Green,Calm,Red Patterned Sweater,Staff Badge,none,Bicycle Helmet,Espresso Cup
Light Blue,Steel Vivet Shell,Green,Charming,Film Photo Tee,none,none,Bicycle Helmet,Green Mug
Lavender,Digital Shell,Green,Calm,Animal Emoji Sweater,Bracelet,none,Bicycle Helmet,High Glass
Light Blue,Steel Vivet Shell,Green,Naughty,Astronaut Tee,Silver Smiley Necklace,none,Bicycle Helmet,Snow Top Coffee
Purple Grey,Scale Armor Shell,Green,Relaxed,Striped Square Tee,Silver Smiley Necklace,Band Aid,Bicycle Helmet,Cookie Cup
Purple Grey,Explorer Shell,Green,Charming,Skull Brand Tee A,Gold Watch,Band Aid,Bicycle Helmet,Crema Latte Cup
Light Blue,Sawtooth Armor Shell,Green,Relaxed,Burning Logo White Tee,Cross Necklace,Band Aid,Bicycle Helmet,Blue Mug
Steel Blue,Fire Shell,Green,Relaxed,Crema Sweater Landscape,Silver Smiley Necklace,none,Bicycle Helmet,Cyberpunk Cup
Wheat,Mushroom Shell,Green,Obsessed,Mist Square Tee,Staff Badge,none,Bicycle Helmet,Horn Cup
Light Sea,Lego Shell,Green,Calm,Film Photo Tee,Bracelet,Band Aid,Bicycle Helmet,Horn Cup
Light Sea,Sawtooth Armor Shell,Green,Kawaii,B&W Contrast Sweater,Smart Watch,Band Aid,Bicycle Helmet,Wooden Cup
Light Sea,Triangle Armor Shell,Green,Kawaii,Triangle Yellow Sweater,Staff Badge,Band Aid,Bicycle Helmet,Crema Latte Cup
Light Blue,Triangle Armor Shell,Green,Kawaii,Apron,Staff Badge,Band Aid,Bicycle Helmet,Wooden Cup
Wheat,Factory Shell,Green,Obsessed,Zodiac Tee,Silver Smiley Necklace,none,Bicycle Helmet,Keep Cup
Burly Wood,Basic Shell Green,Green,Calm,B&W Contrast Sweater,Silver Smiley Necklace,none,Bicycle Helmet,Espresso Cup
Purple Grey,Explorer Shell,Green,Naughty,B&W Contrast Sweater,none,none,Bicycle Helmet,Keep Cup
Light Green,Basic Shell Yellow,Green,Charming,Cactus Tee,Silver Smiley Necklace,none,Bicycle Helmet,Thermos Cup
Burly Wood,Parallel Bars Shell,Green,Naughty,Grey Tee,Smart Watch,Band Aid,Bicycle Helmet,Wooden Cup
Lavender,Winged Shell,Green,Wink,Camouflage Tee,Cross Necklace,Band Aid,Bicycle Helmet,Wooden Cup
Light Green,Basic Shell Pink,Green,Charming,Skull Brand Tee B,Cross Necklace,none,Bicycle Helmet,Wooden Cup
Light Green,Iced Shell,Green,Wink,Animal Emoji Sweater,Silver Smiley Necklace,Band Aid,Bicycle Helmet,Green Mug
Purple Grey,Fire Shell,Green,Kawaii,Crema Sweater Landscape,Smart Watch,Band Aid,Bicycle Helmet,Keep Cup
Wheat,Globe Shell,Green,Relaxed,Green Sweater,Silver Smiley Necklace,Band Aid,Bicycle Helmet,Odd Shape Cup
Light Sea,Basic Shell Green,Green,Wink,Overalls,Smart Watch,none,Bicycle Helmet,Purple Mug
Light Grey,Triangle Armor Shell,Green,Charming,Ripped Tee,Staff Badge,Band Aid,Bicycle Helmet,Green Mug
Steel Blue,Diamond Shell,Green,Kawaii,Grey Tee,Smart Watch,Band Aid,Bicycle Helmet,Snow Top Coffee
Light Green,Scale Armor Shell,Green,Relaxed,Green Sweater,Staff Badge,Band Aid,Bicycle Helmet,Purple Mug
Lavender,Basic Shell Yellow,Green,Kawaii,Cactus Tee,Staff Badge,Band Aid,Bicycle Helmet,High Glass
Light Grey,Mushroom Shell,Green,Kawaii,Triangle Yellow Sweater,none,none,Bicycle Helmet,Keep Cup
Light Grey,Polygon Armor Shell,Green,Calm,Apron,Cross Necklace,none,Bicycle Helmet,Iced Coffee Takeaway
Lavender,Magma Shell,Green,Wink,Basketball Jersey,Smart Watch,Band Aid,Bicycle Helmet,Cookie Cup
Light Grey,Cyberpunk Shell,Green,Wink,LOL Tee,Cross Necklace,Band Aid,Bicycle Helmet,Blue Label Takeaway
Wheat,Basic Shell Grey,Green,Wink,Tee with Smiley,Bracelet,Band Aid,Bicycle Helmet,Horn Cup
Light Sea,Scale Armor Shell,Green,Charming,Mist Square Tee,Smart Watch,Band Aid,Bicycle Helmet,Odd Shape Cup
Purple Grey,Iced Shell,Green,Calm,Crema Sweater B&O,Gold Watch,Band Aid,Bicycle Helmet,Blue Mug
Purple Grey,Cyberpunk Shell,Green,Wink,Tee with Bear,Cross Necklace,none,Bicycle Helmet,Blue Mug
Light Blue,Fire Shell,Green,Calm,Basketball Jersey,Silver Smiley Necklace,none,Bicycle Helmet,Thermos Cup
Light Blue,Basic Shell Green,Green,Wink,Cactus Tee,Cross Necklace,none,Bicycle Helmet,Green Label Takeaway
Light Grey,Digital Shell,Green,Naughty,Zodiac Tee,none,none,Bicycle Helmet,Thermos Cup
Wheat,Lego Shell,Green,Charming,Cactus Tee,Bracelet,none,Bicycle Helmet,Horn Cup
Lavender,Wok Shell,Green,Obsessed,Tee with Smiley,Cross Necklace,none,Bicycle Helmet,Snow Top Coffee
Light Sea,Watermelon Shell,Green,Calm,Peace Tee,none,Band Aid,Bicycle Helmet,Iced Coffee Takeaway
Steel Blue,Triangle Armor Shell,Green,Obsessed,Skull Brand Tee B,Silver Smiley Necklace,Band Aid,Bicycle Helmet,Transparent Latte Cup
