Light Blue,Thunder Shell,Green,Calm,Striped Outer Shirt,Medical Mask,Wreath,Cookie Cup
Light Grey,Winged Shell,Green,Wink,Rivet Jacket,Star Shaped Glasses,Bird's Nest,Striped Latte Cup
Purple Grey,Mushroom Shell,Green,Obsessed,Tee with Bear,Medical Mask,Wreath,High Glass
Steel Blue,Digital Shell,Green,Obsessed,Jacket,Medical Mask,Bird's Nest,Purple Mug
Light Green,Fire Shell,Green,Calm,Fur Coat,Smiley Mask,Wreath,Cyberpunk Cup
Lavender,Digital Shell,Green,Calm,Green Suit,Smiley Mask,Wreath,Snow Top Coffee
Purple Grey,Basic Shell Blue,Green,Kawaii,Flower Casual Shirt,Black Sunglasses,none,Horn Cup
Purple Grey,Polygon Armor Shell,Green,Naughty,Grey Short Sleeve Shirt,Smiley Mask,Wreath,Blue Mug
Light Grey,Polygon Armor Shell,Green,Obsessed,Skull Brand Tee A,Medical Mask,Bird's Nest,Takeaway Cup
Lavender,Parallel Bars Shell,Green,Kawaii,Grey Tee,Band Aid,Wreath,Cyberpunk Cup
Lavender,Basic Shell Yellow,Green,Naughty,Leaf Casual Shirt,Black Sunglasses,none,Crema Latte Cup
Purple Grey,Basic Shell Pink,Green,Wink,Flame Tee,Gold Round Frame Glasses,Bird's Nest,Snow Top Coffee
Wheat,Iced Shell,Green,Obsessed,Racing Suit,Lipstick Print,Wreath,Crema Latte Cup
Light Sea,Iced Shell,Green,Relaxed,Animal Emoji Sweater,Brown Sunglasses,none,Cyberpunk Cup
Steel Blue,Triangle Armor Shell,Green,Kawaii,Turtleneck Sweater,Gold Round Frame Glasses,Wreath,Iced Coffee Takeaway
Steel Blue,Basic Shell Green,Green,Charming,Vintage Suit,Smiley Mask,Bird's Nest,Takeaway Cup
Light Blue,Digital Shell,Green,Kawaii,Red Patterned Sweater,Gold Round Frame Glasses,Wreath,Striped Latte Cup
Steel Blue,Polygon Armor Shell,Green,Kawaii,Vintage Suit,Star Shaped Glasses,none,Cookie Cup
Wheat,Globe Shell,Green,Obsessed,Cactus Tee,Heart Shaped Glasses,none,Iced Coffee Takeaway
Purple Grey,Wok Shell,Green,Charming,Comet Brand Tee,Gold Round Frame Glasses,Wreath,High Glass
Lavender,Lego Shell,Green,Obsessed,Priest Outfit,Lipstick Print,Bird's Nest,Blue Label Takeaway
Wheat,Fossil Vivet Shell,Green,Naughty,Overalls,Smiley Mask,Bird's Nest,Green Label Takeaway
Burly Wood,Explorer Shell,Green,Charming,Prom Dress Black&Red,Brown Sunglasses,none,Crema Latte Cup
Light Green,Scale Armor Shell,Green,Calm,Striped Square Tee,Band Aid,Wreath,Transparent Latte Cup
Steel Blue,Cyberpunk Shell,Green,Naughty,Grey Short Sleeve Shirt,Heart Shaped Glasses,Wreath,Thermos Cup
Wheat,Steel Vivet Shell,Green,Relaxed,Film Photo Tee,N95 Mask,none,Blue Label Takeaway
Lavender,Basic Shell Grey,Green,Kawaii,Football Jersey,none,Wreath,High Glass
Burly Wood,Basic Shell Green,Green,Wink,Red Hoodie,none,none,Blue Label Takeaway
Burly Wood,Polygon Armor Shell,Green,Wink,Comet Brand Tee,Black Sunglasses,Wreath,Green Label Takeaway
Lavender,Factory Shell,Green,Wink,Crema Sweater Landscape,Smiley Mask,none,Blue Mug
Lavender,Mushroom Shell,Green,Naughty,Pink Shirt with Pockets,Lipstick Print,none,Striped Latte Cup
Purple Grey,Scale Armor Shell,Green,Kawaii,Striped Block Tee,Star Shaped Glasses,none,Blue Label Takeaway
Light Blue,Polygon Armor Shell,Green,Calm,Spiderman Costume,Heart Shaped Glasses,Wreath,Striped Latte Cup
Light Green,Polygon Armor Shell,Green,Obsessed,Stripped Tee,Smiley Mask,Bird's Nest,High Glass
Light Blue,Basic Shell Pink,Green,Charming,Striped Block Tee,Heart Shaped Glasses,none,Snow Top Coffee
Light Green,Basic Shell Green,Green,Charming,Peace Tee,Smiley Mask,none,Transparent Latte Cup
Light Sea,Fossil Vivet Shell,Green,Relaxed,Grey Palette Sweater,Smiley Mask,none,Transparent Latte Cup
Lavender,Triangle Armor Shell,Green,Obsessed,Wasteland Clothing,Smiley Mask,Wreath,Thermos Cup
Light Green,Fire Shell,Green,Kawaii,Pigeon Tee,Black Sunglasses,Bird's Nest,Horn Cup
Light Sea,Steel Vivet Shell,Green,Charming,Grey Palette Sweater,Gold Round Frame Glasses,Wreath,Striped Latte Cup
Light Grey,Fire Shell,Green,Kawaii,Wasteland Clothing,Lipstick Print,none,Takeaway Cup
Light Grey,Winged Shell,Green,Relaxed,B&W Contrast Sweater,Lipstick Print,none,Odd Shape Cup
Light Green,Cyberpunk Shell,Green,Obsessed,Grey Palette Sweater,Medical Mask,Wreath,Takeaway Cup
Lavender,Scale Armor Shell,Green,Obsessed,Football Jersey,Medical Mask,none,Snow Top Coffee
Steel Blue,Basic Shell Pink,Green,Naughty,Striped Block Tee,N95 Mask,none,Odd Shape Cup
Light Green,Globe Shell,Green,Naughty,Basketball Jersey,Gold Round Frame Glasses,none,Thermos Cup
Purple Grey,Honey Jar Shell,Green,Calm,Basketball Jersey,Star Shaped Glasses,Wreath,Thermos Cup
Burly Wood,Iced Shell,Green,Relaxed,Grey Tee,Lipstick Print,none,Purple Mug
Light Sea,Diamond Shell,Green,Wink,Green Casual Vest,Heart Shaped Glasses,Wreath,Blue Label Takeaway
Purple Grey,Factory Shell,Green,Wink,Jacket,Heart Shaped Glasses,none,Wooden Cup
Light Blue,Basic Shell Grey,Green,Wink,Pigeon Tee,Lipstick Print,Wreath,Takeaway Cup
Light Blue,Explorer Shell,Green,Calm,White Outer Shirt,Lipstick Print,none,Wooden Cup
Light Grey,Fossil Vivet Shell,Green,Naughty,Striped Block Tee,Black Sunglasses,Wreath,Thermos Cup
Lavender,Wok Shell,Green,Naughty,Fur Coat,Heart Shaped Glasses,Wreath,Cookie Cup
Steel Blue,Mushroom Shell,Green,Wink,Astronaut Tee,Smiley Mask,Wreath,Cyberpunk Cup
Wheat,Watermelon Shell,Green,Obsessed,Vintage Suit,Smiley Mask,Wreath,Horn Cup
Light Grey,Basic Shell Blue,Green,Calm,Zodiac Tee,Black Sunglasses,Demon Horns,Espresso Cup
Lavender,Honey Jar Shell,Green,Naughty,Crema Sweater B&O,Medical Mask,none,Espresso Cup
Steel Blue,Factory Shell,Green,Naughty,Pigeon Tee,Star Shaped Glasses,none,Blue Label Takeaway
Steel Blue,Basic Shell Yellow,Green,Kawaii,Flower Casual Shirt,Gold Round Frame Glasses,Demon Horns,Crema Latte Cup
Lavender,Fire Shell,Green,Charming,Racing Suit,Smiley Mask,Wreath,High Glass
Purple Grey,Basic Shell Blue,Green,Charming,Camouflage Coat,none,Wreath,Cookie Cup
Burly Wood,Winged Shell,Green,Wink,Flower Casual Shirt,Lipstick Print,Wreath,Striped Latte Cup
Wheat,Winged Shell,Green,Charming,Burning Logo Black Tee,Medical Mask,Wreath,Round Glass
Light Green,Basic Shell Blue,Green,Kawaii,Priest Outfit,Band Aid,none,Blue Mug
Light Grey,Watermelon Shell,Green,Obsessed,Red Patterned Sweater,none,Wreath,Takeaway Cup
Burly Wood,Triangle Armor Shell,Green,Obsessed,Priest Outfit,Medical Mask,Bird's Nest,Espresso Cup
Wheat,Basic Shell Green,Green,Calm,Racing Suit,Brown Sunglasses,Wreath,Transparent Latte Cup
Light Blue,Cyberpunk Shell,Green,Naughty,Mist Square Tee,Black Sunglasses,Wreath,High Glass
Lavender,Polygon Armor Shell,Green,Relaxed,Tree Casual Shirt,Lipstick Print,Bird's Nest,Odd Shape Cup
Lavender,Lego Shell,Green,Wink,Striped Outer Shirt,Medical Mask,Wreath,Horn Cup
Light Grey,Basic Shell Green,Green,Naughty,Chess Board Tee,Lipstick Print,none,Green Mug
Burly Wood,Honey Jar Shell,Green,Charming,Grey Blue Suit,Black Sunglasses,none,High Glass
Lavender,Basic Shell Pink,Green,Kawaii,Tee with Bear,Star Shaped Glasses,none,Blue Label Takeaway
Light Green,Honey Jar Shell,Green,Charming,Khaki Outer Shirt,Black Sunglasses,none,Espresso Cup
Light Green,Scale Armor Shell,Green,Wink,Zodiac Tee,Heart Shaped Glasses,none,Iced Coffee Takeaway
Lavender,Fossil Vivet Shell,Green,Wink,Pink Shirt with Pockets,Lipstick Print,Bird's Nest,Odd Shape Cup
Light Blue,Polygon Armor Shell,Green,Calm,Grey Blue Suit,Smiley Mask,Wreath,Takeaway Cup
Steel Blue,Cyberpunk Shell,Green,Calm,Wasteland Clothing,Gold Round Frame Glasses,Wreath,Keep Cup
Light Green,Basic Shell Green,Green,Obsessed,Green Suit,Medical Mask,Wreath,Snow Top Coffee
Burly Wood,Honey Jar Shell,Green,Kawaii,Burning Logo Hoodie,Band Aid,none,High Glass
Wheat,Diamond Shell,Green,Relaxed,Crema Sweater B&O,Gold Round Frame Glasses,none,Wooden Cup
Light Blue,Basic Shell Blue,Green,Kawaii,Skull Brand Tee B,Star Shaped Glasses,none,Round Glass
Purple Grey,Polygon Armor Shell,Green,Charming,Khaki Tee with Pocket,none,none,Purple Mug
Purple Grey,Watermelon Shell,Green,Charming,Black Suit,Lipstick Print,Bird's Nest,Round Glass
Light Blue,Fire Shell,Green,Kawaii,Khaki Tee with Pocket,Smiley Mask,Wreath,Round Glass
Light Blue,Honey Jar Shell,Green,Relaxed,B&W Contrast Sweater,Heart Shaped Glasses,Wreath,Horn Cup
Burly Wood,Sawtooth Armor Shell,Green,Obsessed,B&W Contrast Sweater,Medical Mask,Bird's Nest,Round Glass
Purple Grey,Basic Shell Yellow,Green,Obsessed,Stripped Tee,Lipstick Print,none,Thermos Cup
Light Blue,Steel Vivet Shell,Green,Wink,Grey Tee,Smiley Mask,Demon Horns,Horn Cup
Light Blue,Fire Shell,Green,Kawaii,Racing Suit,Lipstick Print,none,Green Label Takeaway
Burly Wood,Explorer Shell,Green,Kawaii,Basketball Jersey,Lipstick Print,Bird's Nest,Cookie Cup
Wheat,Thunder Shell,Green,Obsessed,Burning Logo Hoodie,Heart Shaped Glasses,Bird's Nest,Blue Label Takeaway
Light Sea,Lego Shell,Green,Naughty,Rivet Jacket,Heart Shaped Glasses,none,Transparent Latte Cup
Light Blue,Lego Shell,Green,Kawaii,Chequered Shirt,Heart Shaped Glasses,none,Takeaway Cup
Burly Wood,Iced Shell,Green,Kawaii,Grey Palette Sweater,Heart Shaped Glasses,none,Green Mug
Burly Wood,Diamond Shell,Green,Calm,Red Patterned Sweater,Medical Mask,none,Thermos Cup
Steel Blue,Cyberpunk Shell,Green,Calm,Basketball Jersey,Smiley Mask,Bird's Nest,Takeaway Cup
Light Sea,Magma Shell,Green,Kawaii,Stripped Tee,Heart Shaped Glasses,Demon Horns,Purple Mug
Steel Blue,Explorer Shell,Green,Charming,Tee with Bull,none,none,Odd Shape Cup
