Light Blue,Winged Shell,Green,Relaxed,Household Guards Uniform,Brown Sunglasses,Mohawk,Blue Label Takeaway
Steel Blue,Diamond Shell,Green,Calm,Household Guards Uniform,Bubble Gum,Mohawk,Green Mug
Purple Grey,Iced Shell,Green,Relaxed,Household Guards Uniform,Gold Round Frame Glasses,Slicked Back,Cyberpunk Cup
Light Sea,Fire Shell,Green,Kawaii,Household Guards Uniform,none,Center Parting,Keep Cup
Light Green,Scale Armor Shell,Green,Charming,Household Guards Uniform,Brown Sunglasses,none,Espresso Cup
Wheat,Fire Shell,Green,Relaxed,Household Guards Uniform,Black Sunglasses,Mohawk,Snow Top Coffee
Purple Grey,Digital Shell,Green,Kawaii,Household Guards Uniform,Black Sunglasses,Mohawk,Thermos Cup
Light Sea,Iced Shell,Green,Relaxed,Household Guards Uniform,Band Aid,Guard Bearskin Hat,Odd Shape Cup
Light Green,Fossil Vivet Shell,Green,Kawaii,Household Guards Uniform,none,Center Parting,Snow Top Coffee
Light Green,Iced Shell,Green,Charming,Household Guards Uniform,none,Center Parting,Green Mug
Purple Grey,Cyberpunk Shell,Green,Calm,Household Guards Uniform,none,Slicked Back,Horn Cup
Light Blue,Iced Shell,Green,Kawaii,Household Guards Uniform,Bubble Gum,Slicked Back,Cyberpunk Cup
Light Grey,Scale Armor Shell,Green,Calm,Household Guards Uniform,Brown Sunglasses,none,Odd Shape Cup
Light Sea,Winged Shell,Green,Charming,Household Guards Uniform,Brown Sunglasses,Mohawk,Striped Latte Cup
Light Sea,Steel Vivet Shell,Green,Charming,Household Guards Uniform,Brown Sunglasses,none,Horn Cup
Burly Wood,Digital Shell,Green,Relaxed,Household Guards Uniform,none,Mohawk,Green Label Takeaway
Purple Grey,Fossil Vivet Shell,Green,Kawaii,Household Guards Uniform,Tobacco Pipe,Mohawk,Purple Mug
Wheat,Lego Shell,Green,Relaxed,Household Guards Uniform,Black Sunglasses,Mohawk,Green Label Takeaway
Burly Wood,Cyberpunk Shell,Green,Kawaii,Household Guards Uniform,Band Aid,Buzzcut,Wooden Cup
Wheat,Cyberpunk Shell,Green,Relaxed,Household Guards Uniform,Band Aid,none,Odd Shape Cup
Light Green,Scale Armor Shell,Green,Kawaii,Household Guards Uniform,Brown Sunglasses,Mohawk,Round Glass
Light Sea,Cyberpunk Shell,Green,Kawaii,Household Guards Uniform,Brown Sunglasses,Mohawk,Cyberpunk Cup
Wheat,Winged Shell,Green,Kawaii,Household Guards Uniform,Black Sunglasses,Mohawk,Odd Shape Cup
Burly Wood,Magma Shell,Green,Kawaii,Household Guards Uniform,Band Aid,Slicked Back,Green Label Takeaway
Purple Grey,Steel Vivet Shell,Green,Kawaii,Household Guards Uniform,none,Slicked Back,Cookie Cup
Light Sea,Iced Shell,Green,Charming,Household Guards Uniform,Bubble Gum,Slicked Back,Green Mug
Burly Wood,Cyberpunk Shell,Green,Charming,Household Guards Uniform,Band Aid,Mohawk,Blue Mug
Burly Wood,Scale Armor Shell,Green,Calm,Household Guards Uniform,Black Sunglasses,Slicked Back,Green Mug
Light Grey,Steel Vivet Shell,Green,Charming,Household Guards Uniform,none,Guard Bearskin Hat,Iced Coffee Takeaway
Lavender,Steel Vivet Shell,Green,Kawaii,Household Guards Uniform,Brown Sunglasses,Buzzcut,Purple Mug
Light Green,Winged Shell,Green,Calm,Household Guards Uniform,none,Center Parting,Thermos Cup
Light Green,Diamond Shell,Green,Kawaii,Household Guards Uniform,Black Sunglasses,Center Parting,Crema Latte Cup
Light Sea,Lego Shell,Green,Kawaii,Household Guards Uniform,none,Slicked Back,Round Glass
Light Grey,Fire Shell,Green,Relaxed,Household Guards Uniform,Band Aid,Slicked Back,Striped Latte Cup
Burly Wood,Magma Shell,Green,Kawaii,Household Guards Uniform,none,Buzzcut,Wooden Cup
Wheat,Cyberpunk Shell,Green,Relaxed,Household Guards Uniform,none,Slicked Back,Keep Cup
Purple Grey,Fire Shell,Green,Relaxed,Household Guards Uniform,none,Center Parting,Green Label Takeaway
Steel Blue,Scale Armor Shell,Green,Calm,Household Guards Uniform,Band Aid,Guard Bearskin Hat,Keep Cup
Steel Blue,Digital Shell,Green,Charming,Household Guards Uniform,Brown Sunglasses,Slicked Back,Snow Top Coffee
Light Grey,Digital Shell,Green,Charming,Household Guards Uniform,none,none,Blue Label Takeaway
Burly Wood,Steel Vivet Shell,Green,Relaxed,Household Guards Uniform,Black Sunglasses,Buzzcut,Cyberpunk Cup
Light Sea,Magma Shell,Green,Kawaii,Household Guards Uniform,none,Guard Bearskin Hat,Round Glass
Wheat,Cyberpunk Shell,Green,Calm,Household Guards Uniform,Brown Sunglasses,Side Parting,Crema Latte Cup
Purple Grey,Iced Shell,Green,Kawaii,Household Guards Uniform,Brown Sunglasses,Slicked Back,Blue Label Takeaway
Light Green,Cyberpunk Shell,Green,Charming,Household Guards Uniform,Brown Sunglasses,Mohawk,High Glass
Light Grey,Fossil Vivet Shell,Green,Charming,Household Guards Uniform,Brown Sunglasses,Mohawk,Green Mug
Lavender,Iced Shell,Green,Charming,Household Guards Uniform,Band Aid,Buzzcut,Blue Mug
Purple Grey,Iced Shell,Green,Relaxed,Household Guards Uniform,Band Aid,Mohawk,Iced Coffee Takeaway
Light Blue,Lego Shell,Green,Kawaii,Household Guards Uniform,Gold Round Frame Glasses,Slicked Back,Purple Mug
Wheat,Winged Shell,Green,Charming,Household Guards Uniform,Bubble Gum,Mohawk,Odd Shape Cup
Steel Blue,Digital Shell,Green,Relaxed,Household Guards Uniform,Black Sunglasses,Mohawk,Striped Latte Cup
Burly Wood,Lego Shell,Green,Charming,Household Guards Uniform,Bubble Gum,none,Round Glass
Steel Blue,Fire Shell,Green,Kawaii,Household Guards Uniform,none,Slicked Back,Blue Mug
Light Green,Diamond Shell,Green,Kawaii,Household Guards Uniform,Band Aid,Mohawk,High Glass
Purple Grey,Winged Shell,Green,Relaxed,Household Guards Uniform,none,Mohawk,Iced Coffee Takeaway
Steel Blue,Magma Shell,Green,Relaxed,Household Guards Uniform,Band Aid,Buzzcut,Striped Latte Cup
Lavender,Steel Vivet Shell,Green,Relaxed,Household Guards Uniform,Bubble Gum,Slicked Back,Green Label Takeaway
Light Sea,Fire Shell,Green,Calm,Household Guards Uniform,Bubble Gum,Guard Bearskin Hat,Thermos Cup
Purple Grey,Fire Shell,Green,Relaxed,Household Guards Uniform,Black Sunglasses,Slicked Back,Odd Shape Cup
Light Grey,Diamond Shell,Green,Kawaii,Household Guards Uniform,Black Sunglasses,Center Parting,Crema Latte Cup
Wheat,Steel Vivet Shell,Green,Charming,Household Guards Uniform,Bubble Gum,Mohawk,Iced Coffee Takeaway
Purple Grey,Lego Shell,Green,Kawaii,Household Guards Uniform,Black Sunglasses,Mohawk,Snow Top Coffee
Steel Blue,Iced Shell,Green,Charming,Household Guards Uniform,Band Aid,Mohawk,Takeaway Cup
Light Sea,Fire Shell,Green,Relaxed,Household Guards Uniform,Black Sunglasses,Buzzcut,Blue Mug
Lavender,Iced Shell,Green,Kawaii,Household Guards Uniform,none,none,High Glass
Light Blue,Steel Vivet Shell,Green,Kawaii,Household Guards Uniform,Black Sunglasses,Slicked Back,Takeaway Cup
Light Sea,Cyberpunk Shell,Green,Kawaii,Household Guards Uniform,Band Aid,Slicked Back,Green Label Takeaway
Light Green,Digital Shell,Green,Calm,Household Guards Uniform,none,Slicked Back,Cookie Cup
Purple Grey,Diamond Shell,Green,Charming,Household Guards Uniform,none,Slicked Back,Cookie Cup
Wheat,Magma Shell,Green,Relaxed,Household Guards Uniform,Black Sunglasses,Slicked Back,Espresso Cup
Light Sea,Winged Shell,Green,Kawaii,Household Guards Uniform,none,Buzzcut,Striped Latte Cup
Light Blue,Magma Shell,Green,Kawaii,Household Guards Uniform,Black Sunglasses,Buzzcut,Blue Label Takeaway
Light Green,Fire Shell,Green,Charming,Household Guards Uniform,Brown Sunglasses,Mohawk,Transparent Latte Cup
Burly Wood,Fossil Vivet Shell,Green,Charming,Household Guards Uniform,Bubble Gum,Guard Bearskin Hat,Striped Latte Cup
Wheat,Fossil Vivet Shell,Green,Relaxed,Household Guards Uniform,Gold Round Frame Glasses,Center Parting,Striped Latte Cup
Light Blue,Digital Shell,Green,Kawaii,Household Guards Uniform,Band Aid,Dreadlocks,Round Glass
Purple Grey,Digital Shell,Green,Charming,Household Guards Uniform,Brown Sunglasses,Mohawk,Crema Latte Cup
Light Sea,Winged Shell,Green,Calm,Household Guards Uniform,Band Aid,Slicked Back,Green Label Takeaway
Lavender,Winged Shell,Green,Relaxed,Household Guards Uniform,none,Slicked Back,Striped Latte Cup
Steel Blue,Iced Shell,Green,Relaxed,Household Guards Uniform,none,Slicked Back,Odd Shape Cup
Wheat,Iced Shell,Green,Relaxed,Household Guards Uniform,none,none,Thermos Cup
Burly Wood,Diamond Shell,Green,Kawaii,Household Guards Uniform,Bubble Gum,Mohawk,Crema Latte Cup
Light Sea,Diamond Shell,Green,Calm,Household Guards Uniform,Black Sunglasses,Slicked Back,Green Mug
Light Sea,Steel Vivet Shell,Green,Kawaii,Household Guards Uniform,Brown Sunglasses,none,Transparent Latte Cup
Light Blue,Fossil Vivet Shell,Green,Kawaii,Household Guards Uniform,none,Mohawk,Snow Top Coffee
Purple Grey,Magma Shell,Green,Kawaii,Household Guards Uniform,Brown Sunglasses,Mohawk,Keep Cup
Light Blue,Steel Vivet Shell,Green,Calm,Household Guards Uniform,none,none,Snow Top Coffee
Wheat,Steel Vivet Shell,Green,Calm,Household Guards Uniform,none,Slicked Back,Wooden Cup
Light Sea,Diamond Shell,Green,Kawaii,Household Guards Uniform,Brown Sunglasses,Buzzcut,Odd Shape Cup
Light Grey,Winged Shell,Green,Relaxed,Household Guards Uniform,Black Sunglasses,Center Parting,High Glass
Light Sea,Winged Shell,Green,Kawaii,Household Guards Uniform,none,none,Horn Cup
Wheat,Cyberpunk Shell,Green,Charming,Household Guards Uniform,none,Slicked Back,Wooden Cup
Steel Blue,Diamond Shell,Green,Calm,Household Guards Uniform,Black Sunglasses,Mohawk,Green Label Takeaway
Purple Grey,Diamond Shell,Green,Kawaii,Household Guards Uniform,none,Side Parting,Odd Shape Cup
Light Blue,Iced Shell,Green,Relaxed,Household Guards Uniform,none,Buzzcut,Striped Latte Cup
Purple Grey,Winged Shell,Green,Calm,Household Guards Uniform,none,Buzzcut,Cookie Cup
Purple Grey,Steel Vivet Shell,Green,Kawaii,Household Guards Uniform,Black Sunglasses,Slicked Back,Odd Shape Cup
Steel Blue,Cyberpunk Shell,Green,Charming,Household Guards Uniform,Bubble Gum,none,Espresso Cup
Lavender,Fossil Vivet Shell,Green,Kawaii,Household Guards Uniform,Band Aid,Slicked Back,Thermos Cup
Lavender,Iced Shell,Green,Calm,Household Guards Uniform,none,none,Thermos Cup
