Burly Wood,Scale Armor Shell,Green,Obsessed,Football Jersey,Unravel Mask,Mushroom,Blue Mug
Light Sea,Mushroom Shell,Green,Wink,Animal Emoji Sweater,Respirator Beta,Short Spiky Silver,Cyberpunk Cup
Burly Wood,Honey Jar Shell,Green,Kawaii,Chess Board Tee,Bubble Gum,Thin & Short,Transparent Latte Cup
Purple Grey,Wok Shell,Green,Charming,LOL Tee,Unravel Mask,Mushroom,Espresso Cup
Light Grey,Basic Shell Blue,Green,Kawaii,Grey Tee,Medical Mask,Mushroom,Blue Label Takeaway
Light Blue,Globe Shell,Green,Kawaii,Red Hoodie,Respirator Gamma,Short Spiky Silver,Blue Mug
Burly Wood,Iced Shell,Green,Kawaii,Grey Blue Suit,none,Thin & Short,Cyberpunk Cup
Light Green,Basic Shell Green,Green,Obsessed,Down Jacket,Medical Mask,Mushroom,High Glass
Lavender,Scale Armor Shell,Green,Calm,Tee with Bear,Respirator Gamma,Thin & Short,Cyberpunk Cup
Purple Grey,Fossil Vivet Shell,Green,Calm,Flower Casual Shirt,Respirator Gamma,Mushroom,Takeaway Cup
Lavender,Factory Shell,Green,Obsessed,Mist Square Tee,Medical Mask,Mushroom,Takeaway Cup
Wheat,Fossil Vivet Shell,Green,Kawaii,Fur Coat,Bubble Gum,Mushroom,Purple Mug
Light Green,Iced Shell,Green,Obsessed,Football Jersey,Bubble Gum,Short Spiky Silver,Takeaway Cup
Wheat,Scale Armor Shell,Green,Naughty,Striped Square Tee,Respirator Beta,Thin & Short,High Glass
Light Grey,Watermelon Shell,Green,Wink,Pigeon Tee,Tobacco Pipe,Short Spiky Silver,Blue Mug
Lavender,Iced Shell,Green,Charming,Grey Short Sleeve Shirt,Respirator Gamma,Short Spiky Silver,Horn Cup
Light Sea,Explorer Shell,Green,Calm,Green Casual Vest,Respirator Gamma,Short Spiky Silver,Takeaway Cup
Wheat,Watermelon Shell,Green,Calm,Astronaut Tee,Respirator Gamma,Thin & Short,Thermos Cup
Light Sea,Mushroom Shell,Green,Kawaii,Apron,none,Thin & Short,Thermos Cup
Light Blue,Triangle Armor Shell,Green,Wink,Red Patterned Sweater,Tobacco Pipe,Mushroom,Striped Latte Cup
Wheat,Diamond Shell,Green,Wink,Skull Brand Tee B,Tobacco Pipe,Mushroom,Crema Latte Cup
Light Grey,Wok Shell,Green,Kawaii,Leaf Casual Shirt,none,Short Spiky Silver,Snow Top Coffee
Light Grey,Basic Shell Yellow,Green,Relaxed,Crema Sweater Landscape,Medical Mask,Thin & Short,Snow Top Coffee
Purple Grey,Steel Vivet Shell,Green,Relaxed,Stripped Tee,Medical Mask,Thin & Short,Iced Coffee Takeaway
Lavender,Lego Shell,Green,Charming,Burning Logo White Tee,Bubble Gum,Short Spiky Silver,Keep Cup
Lavender,Scale Armor Shell,Green,Obsessed,LOL Tee,none,Thin & Short,Takeaway Cup
Wheat,Magma Shell,Green,Charming,Wasteland Clothing,none,Thin & Short,Striped Latte Cup
Light Blue,Winged Shell,Green,Calm,Zodiac Tee,Masking Cloth,Short Spiky Silver,Thermos Cup
Wheat,Basic Shell Yellow,Green,Calm,Chequered Shirt,Respirator Beta,Short Spiky Silver,Snow Top Coffee
Light Green,Thunder Shell,Green,Naughty,Down Jacket,Respirator Gamma,Short Spiky Silver,Blue Label Takeaway
Burly Wood,Steel Vivet Shell,Green,Kawaii,Camouflage Tee,Masking Cloth,Thin & Short,Cyberpunk Cup
Light Grey,Magma Shell,Green,Obsessed,Khaki Outer Shirt,Respirator Beta,Thin & Short,Odd Shape Cup
Light Grey,Globe Shell,Green,Naughty,Comet Brand Tee,Bubble Gum,Short Spiky Silver,Cyberpunk Cup
Burly Wood,Basic Shell Blue,Green,Relaxed,Black Suit,Respirator Gamma,Mushroom,Transparent Latte Cup
Lavender,Fossil Vivet Shell,Green,Wink,Striped Square Tee,none,Thin & Short,Cookie Cup
Light Sea,Basic Shell Green,Green,Obsessed,Green Casual Vest,Respirator Gamma,Thin & Short,Purple Mug
Purple Grey,Diamond Shell,Green,Calm,Rivet Jacket,N95 Mask,Mushroom,Thermos Cup
Light Green,Watermelon Shell,Green,Naughty,Vintage Suit,Bubble Gum,Mushroom,Thermos Cup
Purple Grey,Basic Shell Blue,Green,Relaxed,Grey Palette Sweater,Bubble Gum,Short Spiky Silver,Keep Cup
Light Blue,Mushroom Shell,Green,Naughty,Crema Sweater B&O,Masking Cloth,Mushroom,Purple Mug
Purple Grey,Cyberpunk Shell,Green,Naughty,Turtleneck Sweater,Bubble Gum,Thin & Short,Purple Mug
Purple Grey,Explorer Shell,Green,Naughty,Khaki Tee with Pocket,none,Short Spiky Silver,Keep Cup
Light Grey,Basic Shell Blue,Green,Kawaii,Camouflage Tee,Tobacco Pipe,Short Spiky Silver,Blue Mug
Purple Grey,Basic Shell Yellow,Green,Naughty,Grey Blue Suit,Bubble Gum,Short Spiky Silver,Crema Latte Cup
Light Green,Parallel Bars Shell,Green,Calm,Khaki Outer Shirt,Medical Mask,Thin & Short,Takeaway Cup
Wheat,Fossil Vivet Shell,Green,Calm,Pigeon Tee,Bubble Gum,Mushroom,Purple Mug
Light Blue,Basic Shell Grey,Green,Charming,Green Suit,Tobacco Pipe,Thin & Short,Green Label Takeaway
Light Sea,Basic Shell Grey,Green,Charming,Flower Casual Shirt,none,Thin & Short,Thermos Cup
Light Sea,Magma Shell,Green,Obsessed,Pigeon Tee,Respirator Beta,Short Spiky Silver,Cyberpunk Cup
Light Blue,Basic Shell Green,Green,Kawaii,Tee with Smiley,Respirator Gamma,Thin & Short,High Glass
Burly Wood,Sawtooth Armor Shell,Green,Obsessed,Football Jersey,Bubble Gum,Short Spiky Silver,Espresso Cup
Light Green,Watermelon Shell,Green,Calm,Red Patterned Sweater,Tobacco Pipe,Short Spiky Silver,Blue Label Takeaway
Light Sea,Sawtooth Armor Shell,Green,Charming,Striped Square Tee,Bubble Gum,Mushroom,Round Glass
Lavender,Triangle Armor Shell,Green,Kawaii,Fur Coat,Respirator Beta,Short Spiky Silver,Round Glass
Light Green,Lego Shell,Green,Charming,Football Jersey,none,Mushroom,Keep Cup
Light Grey,Honey Jar Shell,Green,Wink,Animal Emoji Sweater,Medical Mask,Mushroom,Cyberpunk Cup
Light Grey,Lego Shell,Green,Obsessed,Stripped Tee,Medical Mask,Short Spiky Silver,Striped Latte Cup
Light Green,Basic Shell Pink,Green,Obsessed,Pigeon Tee,Medical Mask,Thin & Short,Cyberpunk Cup
Light Green,Lego Shell,Green,Charming,Turtleneck Sweater,none,Short Spiky Silver,Round Glass
Steel Blue,Polygon Armor Shell,Green,Naughty,Khaki Outer Shirt,N95 Mask,Thin & Short,Odd Shape Cup
Light Sea,Factory Shell,Green,Charming,Crema Sweater B&O,Tobacco Pipe,Short Spiky Silver,Green Mug
Purple Grey,Lego Shell,Green,Calm,Pink Shirt with Pockets,none,Short Spiky Silver,Round Glass
Light Grey,Digital Shell,Green,Calm,Striped Square Tee,Masking Cloth,Mushroom,Thermos Cup
Wheat,Honey Jar Shell,Green,Naughty,Black Suit,none,Mushroom,Snow Top Coffee
Wheat,Globe Shell,Green,Kawaii,Grey Short Sleeve Shirt,Bubble Gum,Thin & Short,Horn Cup
Lavender,Basic Shell Pink,Green,Calm,Sailor Suit,Medical Mask,Thin & Short,Crema Latte Cup
Wheat,Fossil Vivet Shell,Green,Charming,Sailor Suit,Respirator Beta,Thin & Short,Round Glass
Light Grey,Parallel Bars Shell,Green,Naughty,White Outer Shirt,Tobacco Pipe,Short Spiky Silver,Cyberpunk Cup
Light Green,Wok Shell,Green,Kawaii,Tee with Bear,Respirator Gamma,Thin & Short,Keep Cup
Purple Grey,Parallel Bars Shell,Green,Naughty,Turtleneck Hoodie,Respirator Beta,Short Spiky Silver,Iced Coffee Takeaway
Wheat,Basic Shell Pink,Green,Kawaii,Crema Sweater Landscape,Respirator Beta,Thin & Short,Transparent Latte Cup
Light Green,Steel Vivet Shell,Green,Charming,Burning Logo Hoodie,Tobacco Pipe,Thin & Short,High Glass
Light Blue,Triangle Armor Shell,Green,Wink,Khaki Tee with Pocket,Respirator Gamma,Short Spiky Silver,Thermos Cup
Light Blue,Polygon Armor Shell,Green,Obsessed,Flower Casual Shirt,Tobacco Pipe,Short Spiky Silver,Green Label Takeaway
Wheat,Magma Shell,Green,Calm,Black Suit,Medical Mask,Mushroom,Blue Label Takeaway
Light Green,Explorer Shell,Green,Naughty,Prom Dress Black&Red,none,Short Spiky Silver,Espresso Cup
Light Green,Basic Shell Green,Green,Wink,Pink Shirt with Pockets,Unravel Mask,Thin & Short,High Glass
Light Sea,Magma Shell,Green,Naughty,Green Sweater,N95 Mask,Thin & Short,Round Glass
Light Sea,Winged Shell,Green,Calm,Triangle Yellow Sweater,none,Thin & Short,Odd Shape Cup
Light Sea,Sawtooth Armor Shell,Green,Calm,Chequered Shirt,Medical Mask,Mushroom,Keep Cup
Lavender,Basic Shell Grey,Green,Calm,Spiderman Costume,Medical Mask,Short Spiky Silver,Takeaway Cup
Light Blue,Lego Shell,Green,Obsessed,Spiderman Costume,Tobacco Pipe,Short Spiky Silver,Horn Cup
Wheat,Polygon Armor Shell,Green,Obsessed,B&W Contrast Sweater,Tobacco Pipe,Short Spiky Silver,Purple Mug
Lavender,Wok Shell,Green,Calm,Burning Logo Hoodie,N95 Mask,Thin & Short,Takeaway Cup
Lavender,Fossil Vivet Shell,Green,Kawaii,Sailor Suit,N95 Mask,Mushroom,High Glass
Light Sea,Digital Shell,Green,Naughty,Mist Square Tee,Medical Mask,Short Spiky Silver,Crema Latte Cup
Light Blue,Scale Armor Shell,Green,Obsessed,Crema Sweater Landscape,Respirator Beta,Short Spiky Silver,Iced Coffee Takeaway
Wheat,Explorer Shell,Green,Kawaii,Turtleneck Sweater,N95 Mask,Thin & Short,Odd Shape Cup
Purple Grey,Polygon Armor Shell,Green,Charming,Striped Outer Shirt,none,Short Spiky Silver,Iced Coffee Takeaway
Wheat,Triangle Armor Shell,Green,Naughty,Khaki Tee with Pocket,Masking Cloth,Mushroom,Thermos Cup
Burly Wood,Steel Vivet Shell,Green,Naughty,Football Jersey,Respirator Beta,Mushroom,Purple Mug
Purple Grey,Digital Shell,Green,Calm,Spiderman Costume,Medical Mask,Thin & Short,Cyberpunk Cup
Steel Blue,Watermelon Shell,Green,Kawaii,Turtleneck Hoodie,none,Short Spiky Silver,Transparent Latte Cup
Light Green,Cyberpunk Shell,Green,Obsessed,Sailor Suit,Medical Mask,Thin & Short,Keep Cup
Steel Blue,Basic Shell Grey,Green,Calm,Priest Outfit,Unravel Mask,Short Spiky Silver,Wooden Cup
Purple Grey,Basic Shell Blue,Green,Naughty,Apron,Bubble Gum,Mushroom,Keep Cup
Burly Wood,Watermelon Shell,Green,Naughty,Burning Logo Black Tee,Tobacco Pipe,Thin & Short,Green Mug
Lavender,Triangle Armor Shell,Green,Wink,B&W Contrast Sweater,Respirator Beta,Short Spiky Silver,Snow Top Coffee
Light Grey,Steel Vivet Shell,Green,Charming,Jacket,Masking Cloth,Thin & Short,Horn Cup
Light Grey,Triangle Armor Shell,Green,Wink,Cactus Tee,Masking Cloth,Mushroom,Blue Mug
