Light Blue,Fossil Vivet Shell,Green,Calm,Skull Brand Tee A,Cross Necklace,Flight Cap,Bubble Gum,Cyberpunk Cup
Light Green,Triangle Armor Shell,Green,Naughty,Peace Tee,Lightning Necklace,Flight Cap,Tobacco Pipe,High Glass
Light Green,Wok Shell,Green,Wink,Burning Logo Black Tee,Gold Watch,Flight Cap,Star Shaped Glasses,Snow Top Coffee
Light Sea,Globe Shell,Green,Wink,Crema Sweater B&O,none,Flight Cap,Bubble Gum,Cyberpunk Cup
Light Grey,Scale Armor Shell,Green,Relaxed,Comet Brand Tee,Dolphin Necklace,Flight Cap,Star Shaped Glasses,Cyberpunk Cup
Wheat,Steel Vivet Shell,Green,Wink,Zodiac Tee,Staff Badge,Flight Cap,Gold Round Frame Glasses,Keep Cup
Wheat,Scale Armor Shell,Green,Wink,Film Photo Tee,none,Flight Cap,Tobacco Pipe,Iced Coffee Takeaway
Light Grey,Iced Shell,Green,Charming,Khaki Tee with Pocket,Ring Necklace,Flight Cap,Star Shaped Glasses,Thermos Cup
Lavender,Lego Shell,Green,Calm,Stripped Tee,Silver Smiley Necklace,Flight Cap,Star Shaped Glasses,Cyberpunk Cup
Purple Grey,Factory Shell,Green,Obsessed,Apron,Cross Necklace,Flight Cap,Gold Round Frame Glasses,Odd Shape Cup
Light Grey,Iced Shell,Green,Kawaii,Chess Board Tee,Cross Necklace,Flight Cap,Watchmaker Loupe,Striped Latte Cup
Wheat,Sawtooth Armor Shell,Green,Wink,Comet Brand Tee,Cross Necklace,Flight Cap,Band Aid,Keep Cup
Purple Grey,Triangle Armor Shell,Green,Kawaii,Green Sweater,Staff Badge,Flight Cap,Long Beard,Transparent Latte Cup
Lavender,Basic Shell Yellow,Green,Charming,Grey Tee,Staff Badge,Flight Cap,Star Shaped Glasses,Thermos Cup
Light Grey,Mushroom Shell,Green,Naughty,Striped Square Tee,none,Flight Cap,Star Shaped Glasses,Odd Shape Cup
Light Green,Magma Shell,Green,Kawaii,Flame Tee,Smart Watch,Flight Cap,Gold Round Frame Glasses,Takeaway Cup
Burly Wood,Globe Shell,Green,Kawaii,Striped Square Tee,Ring Necklace,Flight Cap,Long Beard,Odd Shape Cup
Light Sea,Magma Shell,Green,Calm,Peace Tee,Lightning Necklace,Flight Cap,Bubble Gum,Snow Top Coffee
Purple Grey,Factory Shell,Green,Kawaii,Pigeon Tee,Bracelet,Flight Cap,Gold Round Frame Glasses,Cookie Cup
Steel Blue,Globe Shell,Green,Wink,Flame Tee,Rivet Collar,Flight Cap,Tobacco Pipe,Blue Label Takeaway
Lavender,Iced Shell,Green,Obsessed,Red Patterned Sweater,none,Flight Cap,Long Beard,Keep Cup
Light Green,Polygon Armor Shell,Green,Wink,Apron,Dolphin Necklace,Flight Cap,Long Beard,Horn Cup
Purple Grey,Sawtooth Armor Shell,Green,Calm,Triangle Yellow Sweater,Gold Watch,Flight Cap,Star Shaped Glasses,Striped Latte Cup
Light Grey,Magma Shell,Green,Calm,Pigeon Tee,none,Flight Cap,Star Shaped Glasses,Cookie Cup
Wheat,Basic Shell Pink,Green,Wink,Striped Square Tee,Smart Watch,Flight Cap,Long Beard,Iced Coffee Takeaway
Purple Grey,Iced Shell,Green,Calm,Animal Emoji Sweater,Cross Necklace,Flight Cap,Tobacco Pipe,Striped Latte Cup
Lavender,Lego Shell,Green,Naughty,Basketball Jersey,Cross Necklace,Flight Cap,Watchmaker Loupe,Odd Shape Cup
Light Grey,Wok Shell,Green,Naughty,Green Sweater,Bracelet,Flight Cap,Tobacco Pipe,Purple Mug
Light Blue,Fire Shell,Green,Charming,Camouflage Tee,Mini Wings Necklace,Flight Cap,Bubble Gum,Blue Mug
Lavender,Basic Shell Yellow,Green,Obsessed,Burning Logo Black Tee,Cross Necklace,Flight Cap,Band Aid,Green Mug
Lavender,Wok Shell,Green,Obsessed,Comet Brand Tee,Mini Wings Necklace,Flight Cap,Long Beard,Blue Label Takeaway
Light Sea,Polygon Armor Shell,Green,Kawaii,Khaki Tee with Pocket,Gold Watch,Flight Cap,Long Beard,Green Mug
Light Blue,Basic Shell Yellow,Green,Obsessed,Camouflage Tee,Gold Watch,Flight Cap,Bubble Gum,Striped Latte Cup
Light Green,Basic Shell Grey,Green,Naughty,Camouflage Tee,Gold Watch,Flight Cap,Long Beard,Odd Shape Cup
Light Blue,Polygon Armor Shell,Green,Obsessed,Crema Sweater Landscape,Closed Wings Necklace,Flight Cap,Gold Round Frame Glasses,Horn Cup
Steel Blue,Watermelon Shell,Green,Kawaii,Burning Logo White Tee,Lightning Necklace,Flight Cap,Bubble Gum,Green Label Takeaway
Lavender,Magma Shell,Green,Relaxed,Crema Sweater Landscape,Ring Necklace,Flight Cap,Tobacco Pipe,Green Mug
Steel Blue,Lego Shell,Green,Wink,Tee with Smiley,Single Wing Necklace,Flight Cap,Tobacco Pipe,Thermos Cup
Wheat,Watermelon Shell,Green,Charming,B&W Contrast Sweater,Staff Badge,Flight Cap,Tobacco Pipe,Snow Top Coffee
Purple Grey,Mushroom Shell,Green,Charming,LOL Tee,Rivet Collar,Flight Cap,Watchmaker Loupe,Crema Latte Cup
Light Blue,Diamond Shell,Green,Charming,Grey Palette Sweater,Silver Smiley Necklace,Flight Cap,Gold Round Frame Glasses,Blue Label Takeaway
Wheat,Basic Shell Blue,Green,Obsessed,Mist Square Tee,Gold Watch,Flight Cap,Bubble Gum,Cookie Cup
Light Sea,Fire Shell,Green,Charming,Striped Square Tee,Lightning Necklace,Flight Cap,Tobacco Pipe,Crema Latte Cup
Light Sea,Fossil Vivet Shell,Green,Wink,Stripped Tee,Rivet Collar,Flight Cap,Bubble Gum,Wooden Cup
Light Grey,Winged Shell,Green,Wink,Stripped Tee,Lightning Necklace,Flight Cap,Long Beard,Round Glass
Wheat,Basic Shell Grey,Green,Wink,Chess Board Tee,Cross Necklace,Flight Cap,Star Shaped Glasses,Takeaway Cup
Steel Blue,Basic Shell Yellow,Green,Calm,Stripped Tee,none,Flight Cap,Watchmaker Loupe,Keep Cup
Steel Blue,Lego Shell,Green,Obsessed,Grey Tee,Rivet Collar,Flight Cap,Band Aid,Snow Top Coffee
Light Grey,Basic Shell Pink,Green,Calm,Tee with Bear,none,Flight Cap,Band Aid,Transparent Latte Cup
Lavender,Winged Shell,Green,Naughty,Burning Logo Black Tee,none,Flight Cap,Watchmaker Loupe,Green Label Takeaway
Light Grey,Winged Shell,Green,Obsessed,Green Sweater,Lightning Necklace,Flight Cap,Gold Round Frame Glasses,Striped Latte Cup
Steel Blue,Factory Shell,Green,Naughty,Crema Sweater Landscape,Rivet Collar,Flight Cap,Tobacco Pipe,Round Glass
Lavender,Fire Shell,Green,Kawaii,Flame Tee,Rivet Collar,Flight Cap,Long Beard,Cookie Cup
Light Blue,Watermelon Shell,Green,Charming,Crema Sweater Landscape,Gold Watch,Flight Cap,Band Aid,Purple Mug
Light Green,Wok Shell,Green,Naughty,Skull Brand Tee A,Bracelet,Flight Cap,Band Aid,Crema Latte Cup
Purple Grey,Basic Shell Pink,Green,Relaxed,Astronaut Tee,Staff Badge,Flight Cap,Star Shaped Glasses,Striped Latte Cup
Light Grey,Polygon Armor Shell,Green,Naughty,Basketball Jersey,Staff Badge,Flight Cap,Star Shaped Glasses,Round Glass
Light Green,Mushroom Shell,Green,Charming,Green Sweater,Gold Watch,Flight Cap,Gold Round Frame Glasses,Takeaway Cup
Steel Blue,Diamond Shell,Green,Naughty,Pigeon Tee,Double Wings Necklace,Flight Cap,Star Shaped Glasses,Blue Mug
Burly Wood,Mushroom Shell,Green,Obsessed,Film Photo Tee,Smart Watch,Flight Cap,Star Shaped Glasses,Iced Coffee Takeaway
Burly Wood,Steel Vivet Shell,Green,Obsessed,Animal Emoji Sweater,Staff Badge,Flight Cap,Band Aid,Blue Label Takeaway
Burly Wood,Lego Shell,Green,Naughty,Comet Brand Tee,Gold Watch,Flight Cap,Bubble Gum,Purple Mug
Burly Wood,Basic Shell Pink,Green,Obsessed,Red Patterned Sweater,Dolphin Necklace,Flight Cap,Band Aid,Round Glass
Lavender,Magma Shell,Green,Obsessed,B&W Contrast Sweater,Lightning Necklace,Flight Cap,Gold Round Frame Glasses,Takeaway Cup
Burly Wood,Scale Armor Shell,Green,Charming,B&W Contrast Sweater,Gold Watch,Flight Cap,Bubble Gum,Striped Latte Cup
Lavender,Iced Shell,Green,Charming,Triangle Yellow Sweater,Mini Wings Necklace,Flight Cap,Bubble Gum,High Glass
Light Grey,Polygon Armor Shell,Green,Relaxed,Basketball Jersey,Rivet Collar,Flight Cap,Bubble Gum,Iced Coffee Takeaway
Wheat,Basic Shell Blue,Green,Naughty,Grey Palette Sweater,Smart Watch,Flight Cap,Watchmaker Loupe,Odd Shape Cup
Wheat,Polygon Armor Shell,Green,Relaxed,Stripped Tee,Cross Necklace,Flight Cap,Bubble Gum,Purple Mug
Light Grey,Scale Armor Shell,Green,Obsessed,Red Patterned Sweater,Silver Smiley Necklace,Flight Cap,Long Beard,Takeaway Cup
Light Blue,Digital Shell,Green,Naughty,LOL Tee,Rivet Collar,Flight Cap,Gold Round Frame Glasses,Green Mug
Steel Blue,Wok Shell,Green,Naughty,Tee with Bull,Gold Watch,Flight Cap,Band Aid,Keep Cup
Light Grey,Basic Shell Grey,Green,Obsessed,Overalls,Cross Necklace,Flight Cap,Star Shaped Glasses,Wooden Cup
Burly Wood,Magma Shell,Green,Relaxed,Stripped Tee,Rivet Collar,Flight Cap,Watchmaker Loupe,Iced Coffee Takeaway
Steel Blue,Triangle Armor Shell,Green,Obsessed,Flame Tee,Lightning Necklace,Flight Cap,Tobacco Pipe,Wooden Cup
Burly Wood,Basic Shell Grey,Green,Obsessed,Grey Tee,Mini Wings Necklace,Flight Cap,Long Beard,Takeaway Cup
Light Grey,Iced Shell,Green,Naughty,Burning Logo White Tee,Lightning Necklace,Flight Cap,Long Beard,Keep Cup
Light Blue,Diamond Shell,Green,Calm,Crema Sweater B&O,Dolphin Necklace,Flight Cap,Tobacco Pipe,Transparent Latte Cup
Steel Blue,Mushroom Shell,Green,Kawaii,Comet Brand Tee,Rivet Collar,Flight Cap,Star Shaped Glasses,Thermos Cup
Purple Grey,Factory Shell,Green,Relaxed,Camouflage Tee,Lightning Necklace,Flight Cap,Long Beard,Takeaway Cup
Burly Wood,Magma Shell,Green,Wink,Animal Emoji Sweater,Rivet Collar,Flight Cap,Band Aid,Wooden Cup
Wheat,Factory Shell,Green,Wink,Flame Tee,Smart Watch,Flight Cap,Tobacco Pipe,Transparent Latte Cup
Light Grey,Cyberpunk Shell,Green,Obsessed,Green Sweater,Silver Smiley Necklace,Flight Cap,Long Beard,Round Glass
Light Sea,Factory Shell,Green,Naughty,Pigeon Tee,Lightning Necklace,Flight Cap,Star Shaped Glasses,Thermos Cup
Steel Blue,Polygon Armor Shell,Green,Charming,Peace Tee,Smart Watch,Flight Cap,Watchmaker Loupe,Green Label Takeaway
Light Sea,Polygon Armor Shell,Green,Calm,Tee with Bull,Closed Wings Necklace,Flight Cap,Star Shaped Glasses,Horn Cup
Steel Blue,Globe Shell,Green,Calm,Red Patterned Sweater,Gold Watch,Flight Cap,Star Shaped Glasses,Cookie Cup
Purple Grey,Wok Shell,Green,Wink,Grey Palette Sweater,Gold Watch,Flight Cap,Gold Round Frame Glasses,Crema Latte Cup
Wheat,Sawtooth Armor Shell,Green,Naughty,Tee with Bull,Staff Badge,Flight Cap,Bubble Gum,Transparent Latte Cup
Steel Blue,Watermelon Shell,Green,Naughty,Astronaut Tee,Smart Watch,Flight Cap,Tobacco Pipe,Iced Coffee Takeaway
Purple Grey,Basic Shell Grey,Green,Naughty,Zodiac Tee,Silver Smiley Necklace,Flight Cap,Bubble Gum,Purple Mug
Light Blue,Digital Shell,Green,Kawaii,Stripped Tee,Rivet Collar,Flight Cap,Tobacco Pipe,Round Glass
Purple Grey,Iced Shell,Green,Wink,Burning Logo Black Tee,Closed Wings Necklace,Flight Cap,Watchmaker Loupe,Odd Shape Cup
Light Grey,Steel Vivet Shell,Green,Charming,Zodiac Tee,Ring Necklace,Flight Cap,Tobacco Pipe,Horn Cup
Light Sea,Lego Shell,Green,Charming,Skull Brand Tee B,Ring Necklace,Flight Cap,Band Aid,High Glass
Light Blue,Scale Armor Shell,Green,Charming,Mist Square Tee,Smart Watch,Flight Cap,Watchmaker Loupe,Cookie Cup
Light Grey,Diamond Shell,Green,Naughty,Animal Emoji Sweater,Mini Wings Necklace,Flight Cap,Star Shaped Glasses,Snow Top Coffee
Light Sea,Polygon Armor Shell,Green,Charming,Stripped Tee,Smart Watch,Flight Cap,Star Shaped Glasses,Cyberpunk Cup
Wheat,Scale Armor Shell,Green,Relaxed,Flame Tee,Mini Wings Necklace,Flight Cap,Bubble Gum,Green Label Takeaway
Light Green,Triangle Armor Shell,Green,Relaxed,Burning Logo White Tee,Silver Smiley Necklace,Flight Cap,Long Beard,Cyberpunk Cup
