Light Green,Diamond Shell,Green,Naughty,Leaf Casual Shirt,Masking Cloth,Wizard Hat,Striped Latte Cup
Wheat,Wok Shell,Green,Kawaii,Green Sweater,Respirator Beta,Wizard Hat,Blue Mug
Steel Blue,Globe Shell,Green,Clown,Mist Square Tee,Masking Cloth,Wizard Hat,Snow Top Coffee
Wheat,Thunder Shell,Green,Kawaii,Skull Brand Tee B,Band Aid,Wizard Hat,Takeaway Cup
Light Grey,Basic Shell Green,Green,Naughty,Wasteland Clothing,Smiley Mask,none,Green Mug
Steel Blue,Cyberpunk Shell,Green,Clown,Striped Block Tee,Gauze,Wizard Hat,Green Mug
Light Green,Steel Vivet Shell,Green,Charming,Wizard Robe,Smiley Mask,none,Odd Shape Cup
Light Blue,Cyberpunk Shell,Green,Wink,Crema Sweater Landscape,Medical Mask,none,Thermos Cup
Burly Wood,Parallel Bars Shell,Green,Charming,Striped Square Tee,Masking Cloth,none,Green Label Takeaway
Steel Blue,Wok Shell,Green,Kawaii,Red Hoodie,Masking Cloth,none,Keep Cup
Wheat,Fossil Vivet Shell,Green,Kawaii,Green Sweater,Unravel Mask,Wizard Hat,High Glass
Light Sea,Magma Shell,Green,Obsessed,Comet Brand Tee,Medical Mask,Wizard Hat,Cookie Cup
Light Blue,Wok Shell,Green,Obsessed,Ripped Tee,Long Beard,Wizard Hat,Iced Coffee Takeaway
Steel Blue,Basic Shell Grey,Green,Relaxed,Turtleneck Sweater,none,Wizard Hat,Thermos Cup
Burly Wood,Lego Shell,Green,Kawaii,Turtleneck Hoodie,Respirator Beta,none,Cookie Cup
Light Green,Cyberpunk Shell,Green,Charming,Green Suit,Band Aid,none,Takeaway Cup
Light Blue,Lego Shell,Green,Charming,Striped Square Tee,Unravel Mask,none,Wooden Cup
Light Blue,Cyberpunk Shell,Green,Clown,Wizard Robe,Band Aid,Wizard Hat,Striped Latte Cup
Steel Blue,Mushroom Shell,Green,Naughty,Film Photo Tee,Medical Mask,none,Crema Latte Cup
Burly Wood,Globe Shell,Green,Calm,Skull Brand Tee B,Medical Mask,none,Cookie Cup
Light Grey,Wok Shell,Green,Wink,Burning Logo Hoodie,Unravel Mask,Wizard Hat,Transparent Latte Cup
Light Sea,Lego Shell,Green,Kawaii,Striped Block Tee,Smiley Mask,Wizard Hat,Takeaway Cup
Light Grey,Globe Shell,Green,Naughty,Burning Logo Black Tee,N95 Mask,Wizard Hat,Blue Label Takeaway
Burly Wood,Digital Shell,Green,Calm,Burning Logo Black Tee,Band Aid,none,Keep Cup
Lavender,Parallel Bars Shell,Green,Naughty,Turtleneck Hoodie,Gold Round Frame Glasses,Wizard Hat,High Glass
Light Grey,Honey Jar Shell,Green,Naughty,Wasteland Clothing,Masking Cloth,Wizard Hat,Green Mug
Light Sea,Explorer Shell,Green,Calm,Green Sweater,Medical Mask,Wizard Hat,Thermos Cup
Light Grey,Lego Shell,Green,Obsessed,Red Hoodie,Band Aid,none,Green Label Takeaway
Light Green,Polygon Armor Shell,Green,Wink,Stripped Tee,Smiley Mask,Wizard Hat,Purple Mug
Steel Blue,Watermelon Shell,Green,Wink,Apron,Smiley Mask,none,Green Label Takeaway
Light Sea,Globe Shell,Green,Obsessed,Skull Brand Tee A,Single-eye Gauze,Wizard Hat,Round Glass
Light Grey,Sawtooth Armor Shell,Green,Clown,Skull Brand Tee B,Heart Shaped Glasses,Wizard Hat,Blue Label Takeaway
Purple Grey,Fossil Vivet Shell,Green,Relaxed,Green Suit,N95 Mask,none,Cyberpunk Cup
Burly Wood,Watermelon Shell,Green,Wink,Tree Casual Shirt,Heart Shaped Glasses,Wizard Hat,Striped Latte Cup
Light Grey,Factory Shell,Green,Relaxed,Ripped Tee,Lipstick Print,Wizard Hat,Round Glass
Wheat,Winged Shell,Green,Calm,Green Sweater,Gold Round Frame Glasses,none,Crema Latte Cup
Light Blue,Basic Shell Grey,Green,Wink,Comet Brand Tee,Long Beard,none,Green Mug
Purple Grey,Cyberpunk Shell,Green,Naughty,Comet Brand Tee,Masking Cloth,Wizard Hat,Horn Cup
Burly Wood,Iced Shell,Green,Calm,Red Patterned Sweater,Unravel Mask,Wizard Hat,Transparent Latte Cup
Light Green,Winged Shell,Green,Calm,Skull Brand Tee A,Unravel Mask,Wizard Hat,Crema Latte Cup
Steel Blue,Honey Jar Shell,Green,Calm,Skull Brand Tee B,Medical Mask,none,Purple Mug
Light Sea,Parallel Bars Shell,Green,Kawaii,Peace Tee,Lipstick Print,none,Espresso Cup
Purple Grey,Polygon Armor Shell,Green,Clown,Ripped Tee,none,none,Wooden Cup
Light Grey,Iced Shell,Green,Charming,Tree Casual Shirt,none,Wizard Hat,Round Glass
Burly Wood,Honey Jar Shell,Green,Charming,Ripped Tee,Heart Shaped Glasses,none,Purple Mug
Light Sea,Honey Jar Shell,Green,Naughty,Film Photo Tee,Smiley Mask,Wizard Hat,Green Mug
Wheat,Magma Shell,Green,Calm,Turtleneck Hoodie,Gold Round Frame Glasses,Wizard Hat,Striped Latte Cup
Light Sea,Scale Armor Shell,Green,Wink,Grey Palette Sweater,Long Beard,none,Round Glass
Wheat,Fossil Vivet Shell,Green,Naughty,Wasteland Clothing,Single-eye Gauze,none,Snow Top Coffee
Steel Blue,Diamond Shell,Green,Wink,Red Hoodie,Unravel Mask,none,Wooden Cup
Wheat,Steel Vivet Shell,Green,Kawaii,Film Photo Tee,none,none,Blue Label Takeaway
Light Green,Winged Shell,Green,Obsessed,Mist Square Tee,Smiley Mask,none,Blue Mug
Light Blue,Diamond Shell,Green,Naughty,Chess Board Tee,Single-eye Gauze,none,Cyberpunk Cup
Burly Wood,Polygon Armor Shell,Green,Wink,Crema Sweater Landscape,Respirator Gamma,none,Horn Cup
Light Green,Mushroom Shell,Green,Relaxed,Skull Brand Tee B,Respirator Gamma,none,Odd Shape Cup
Steel Blue,Basic Shell Grey,Green,Kawaii,Wasteland Clothing,Single-eye Gauze,none,Takeaway Cup
Steel Blue,Honey Jar Shell,Green,Obsessed,Green Suit,Masking Cloth,Wizard Hat,Crema Latte Cup
Lavender,Digital Shell,Green,Charming,Green Sweater,Long Beard,Wizard Hat,Purple Mug
Wheat,Basic Shell Pink,Green,Relaxed,Tee with Bull,Respirator Gamma,Wizard Hat,Green Mug
Lavender,Thunder Shell,Green,Naughty,Ripped Tee,Respirator Gamma,none,Green Label Takeaway
Light Blue,Fossil Vivet Shell,Green,Charming,Burning Logo Black Tee,Long Beard,none,Crema Latte Cup
Light Sea,Globe Shell,Green,Charming,Chess Board Tee,Long Beard,none,Iced Coffee Takeaway
Steel Blue,Sawtooth Armor Shell,Green,Clown,Chess Board Tee,Single-eye Gauze,none,Thermos Cup
Steel Blue,Steel Vivet Shell,Green,Calm,Zodiac Tee,Band Aid,none,Blue Mug
Burly Wood,Fossil Vivet Shell,Green,Naughty,Grey Tee,Watchmaker Loupe,Wizard Hat,Takeaway Cup
Light Green,Cyberpunk Shell,Green,Charming,Wasteland Clothing,Single-eye Gauze,Wizard Hat,Blue Mug
Lavender,Winged Shell,Green,Calm,Chess Board Tee,Smiley Mask,none,Wooden Cup
Purple Grey,Diamond Shell,Green,Calm,Turtleneck Sweater,N95 Mask,Wizard Hat,Cookie Cup
Light Sea,Watermelon Shell,Green,Relaxed,Skull Brand Tee A,Unravel Mask,none,Cookie Cup
Burly Wood,Basic Shell Blue,Green,Obsessed,Grey Palette Sweater,Medical Mask,none,Horn Cup
Light Sea,Winged Shell,Green,Clown,Green Suit,Gauze,none,Green Mug
Lavender,Triangle Armor Shell,Green,Kawaii,Burning Logo Hoodie,Gold Round Frame Glasses,Wizard Hat,Wooden Cup
Burly Wood,Basic Shell Grey,Green,Calm,Striped Block Tee,Smiley Mask,Wizard Hat,Takeaway Cup
Light Green,Lego Shell,Green,Kawaii,Green Suit,Medical Mask,none,Wooden Cup
Light Grey,Basic Shell Grey,Green,Relaxed,Wasteland Clothing,Heart Shaped Glasses,Wizard Hat,Transparent Latte Cup
Light Green,Watermelon Shell,Green,Clown,Wizard Robe,Medical Mask,none,Cyberpunk Cup
Light Sea,Polygon Armor Shell,Green,Relaxed,Turtleneck Hoodie,Single-eye Gauze,none,Cookie Cup
Light Green,Fire Shell,Green,Relaxed,Burning Logo Hoodie,Single-eye Gauze,none,Wooden Cup
Light Green,Sawtooth Armor Shell,Green,Wink,Apron,Respirator Gamma,Wizard Hat,High Glass
Steel Blue,Winged Shell,Green,Wink,Green Suit,Single-eye Gauze,Wizard Hat,Purple Mug
Purple Grey,Parallel Bars Shell,Green,Clown,Wizard Robe,Long Beard,Wizard Hat,Odd Shape Cup
Light Blue,Digital Shell,Green,Kawaii,Green Suit,Respirator Beta,none,Striped Latte Cup
Light Grey,Basic Shell Yellow,Green,Relaxed,Wizard Robe,Medical Mask,Wizard Hat,Thermos Cup
Light Green,Basic Shell Blue,Green,Naughty,Ripped Tee,Smiley Mask,Wizard Hat,Purple Mug
Burly Wood,Diamond Shell,Green,Relaxed,Green Suit,Medical Mask,Wizard Hat,Keep Cup
Purple Grey,Factory Shell,Green,Relaxed,Tee with Bear,Gauze,none,Crema Latte Cup
Wheat,Basic Shell Green,Green,Obsessed,Striped Block Tee,Single-eye Gauze,Wizard Hat,Cookie Cup
Light Blue,Diamond Shell,Green,Kawaii,Striped Square Tee,none,Wizard Hat,Transparent Latte Cup
Lavender,Basic Shell Grey,Green,Obsessed,White Outer Shirt,Single-eye Gauze,Wizard Hat,Takeaway Cup
Light Sea,Parallel Bars Shell,Green,Calm,Turtleneck Hoodie,Unravel Mask,Wizard Hat,Odd Shape Cup
Purple Grey,Factory Shell,Green,Charming,Leaf Casual Shirt,Gauze,Wizard Hat,Takeaway Cup
Light Green,Factory Shell,Green,Clown,Wasteland Clothing,Single-eye Gauze,none,Snow Top Coffee
Purple Grey,Triangle Armor Shell,Green,Relaxed,Wasteland Clothing,Band Aid,Wizard Hat,Keep Cup
Lavender,Watermelon Shell,Green,Calm,Red Patterned Sweater,Lipstick Print,Wizard Hat,Horn Cup
Light Blue,Globe Shell,Green,Naughty,Striped Block Tee,Tobacco Pipe,none,Purple Mug
Light Blue,Thunder Shell,Green,Kawaii,Zodiac Tee,Band Aid,Wizard Hat,Snow Top Coffee
Lavender,Wok Shell,Green,Charming,Chess Board Tee,Unravel Mask,none,Takeaway Cup
Burly Wood,Fire Shell,Green,Clown,Wasteland Clothing,Gauze,Wizard Hat,Blue Mug
Wheat,Basic Shell Yellow,Green,Obsessed,Mist Square Tee,Respirator Gamma,Wizard Hat,Blue Label Takeaway
Light Sea,Triangle Armor Shell,Green,Obsessed,B&W Contrast Sweater,Single-eye Gauze,none,Odd Shape Cup
